"month","journal_category","journal","journal_short_name","issn","title","publication_date","date_basis","doi","doi_url","abstract_available","method_family_topics","method_family_keywords","data_source_topics","data_source_keywords","spatiotemporal_context_topics","spatiotemporal_context_keywords","screening_rule"
"2025-05","空间算法","ACM Transactions on Spatial Algorithms and Systems","TSAS","2374-0361","TrajLearn: Trajectory Prediction Learning using Deep Generative Models","2025-05-07","published-online","10.1145/3729226","https://doi.org/10.1145/3729226","yes","深度学习与神经网络","deep learning","轨迹与移动性数据","trajectory","","","Must match at least one method_family keyword in Crossref title or abstract"
"2025-05","空间算法","ACM Transactions on Spatial Algorithms and Systems","TSAS","2374-0361","MV-STGCN: Multi-view Spatial-Temporal Graph Convolutional Networks for On-Street Parking Availability Prediction","2025-05-22","published-online","10.1145/3732286","https://doi.org/10.1145/3732286","yes","深度学习与神经网络 | 图模型与网络方法 | 时序与时空建模","neural network | RNN | recurrent neural network | graph | graph convolutional network | GCN | time series | forecasting","","","城市、区域与空间结构","city","Must match at least one method_family keyword in Crossref title or abstract"
"2025-05","地理学与 GIScience","Annals of the American Association of Geographers","AAG","2469-4452","Crime and Visually Perceived Safety of the Built Environment: A Deep Learning Approach","2025-05-27","published-online","10.1080/24694452.2025.2501998","https://doi.org/10.1080/24694452.2025.2501998","no","深度学习与神经网络","deep learning","","","","","Must match at least one method_family keyword in Crossref title or abstract"
"2025-05","地理学与 GIScience","Applied Geography","APG","0143-6228","Environmental determinants of dynamic jogging patterns: Insights from trajectory big data analysis and interpretable machine learning","2025-05-01","published","10.1016/j.apgeog.2025.103596","https://doi.org/10.1016/j.apgeog.2025.103596","no","机器学习","machine learning","轨迹与移动性数据","trajectory","","","Must match at least one method_family keyword in Crossref title or abstract"
"2025-05","地理学与 GIScience","Applied Geography","APG","0143-6228","Exploring urban environmental semantics for air quality prediction using explainable multi-view spatiotemporal graph neural networks","2025-05-01","published","10.1016/j.apgeog.2025.103605","https://doi.org/10.1016/j.apgeog.2025.103605","no","深度学习与神经网络 | 图模型与网络方法 | 时序与时空建模","neural network | graph | graph neural network | spatiotemporal","","","","","Must match at least one method_family keyword in Crossref title or abstract"
"2025-05","地理学与 GIScience","Applied Geography","APG","0143-6228","Exploring the associations of socioeconomic characteristics and distance decay effects with two-Steps spatial interaction model","2025-05-05","created-proxy","10.1016/j.apgeog.2025.103646","https://doi.org/10.1016/j.apgeog.2025.103646","no","空间交互与移动性模型","spatial interaction | spatial interaction model","","","空间尺度、依赖与异质性","distance decay","Must match at least one method_family keyword in Crossref title or abstract"
"2025-05","地理学与 GIScience","Applied Geography","APG","0143-6228","Dynamic changes of the complex coupling relationships between ecosystem services and socio-ecological factors and the impact of human activities: Insights from network analysis","2025-05-29","created-proxy","10.1016/j.apgeog.2025.103671","https://doi.org/10.1016/j.apgeog.2025.103671","no","图模型与网络方法","network analysis","","","","","Must match at least one method_family keyword in Crossref title or abstract"
"2025-05","地图学与地理信息","Cartography and Geographic Information Science","CaGIS","1545-0465","NIM: an AR story map framework for representing spatiotemporal contexts in history","2025-05-28","published-online","10.1080/15230406.2025.2501789","https://doi.org/10.1080/15230406.2025.2501789","no","时序与时空建模","spatiotemporal","","","","","Must match at least one method_family keyword in Crossref title or abstract"
"2025-05","计算地理与城市系统","Computers & Geosciences","C&G","0098-3004","Geological-knowledge-guided graph self-supervised pretraining framework for identifying mineralization-related geochemical anomalies","2025-05-01","published","10.1016/j.cageo.2025.105913","https://doi.org/10.1016/j.cageo.2025.105913","no","图模型与网络方法","graph","","","","","Must match at least one method_family keyword in Crossref title or abstract"
"2025-05","计算地理与城市系统","Computers & Geosciences","C&G","0098-3004","Quantitative bed-type classification for a global comparison of deep-water sedimentary systems","2025-05-01","published","10.1016/j.cageo.2025.105917","https://doi.org/10.1016/j.cageo.2025.105917","no","机器学习","classification","","","","","Must match at least one method_family keyword in Crossref title or abstract"
"2025-05","计算地理与城市系统","Computers & Geosciences","C&G","0098-3004","Spatial bagging for predictive machine learning uncertainty quantification","2025-05-14","created-proxy","10.1016/j.cageo.2025.105947","https://doi.org/10.1016/j.cageo.2025.105947","no","机器学习","machine learning","","","","","Must match at least one method_family keyword in Crossref title or abstract"
"2025-05","计算地理与城市系统","Computers & Geosciences","C&G","0098-3004","FourCastLSTM: A precipitation nowcasting model integrating global and local spatiotemporal features","2025-05-16","created-proxy","10.1016/j.cageo.2025.105966","https://doi.org/10.1016/j.cageo.2025.105966","no","时序与时空建模","spatiotemporal","","","","","Must match at least one method_family keyword in Crossref title or abstract"
"2025-05","计算地理与城市系统","Computers & Geosciences","C&G","0098-3004","Interpretable clustering of PS-InSAR time series for ground deformation detection","2025-05-16","created-proxy","10.1016/j.cageo.2025.105959","https://doi.org/10.1016/j.cageo.2025.105959","no","机器学习 | 时序与时空建模","clustering | time series","","","","","Must match at least one method_family keyword in Crossref title or abstract"
"2025-05","计算地理与城市系统","Computers & Geosciences","C&G","0098-3004","Smoke or cloud: Real-time satellite image segmentation in a wildfire data integration application","2025-05-22","created-proxy","10.1016/j.cageo.2025.105960","https://doi.org/10.1016/j.cageo.2025.105960","no","遥感视觉与影像分析","image segmentation","","","环境监测与灾害风险","wildfire","Must match at least one method_family keyword in Crossref title or abstract"
"2025-05","计算地理与城市系统","Computers & Geosciences","C&G","0098-3004","Quadrangular adaptive mesh for elastic wave simulation in smooth anisotropic media","2025-05-23","created-proxy","10.1016/j.cageo.2025.105946","https://doi.org/10.1016/j.cageo.2025.105946","no","仿真、优化与强化学习","simulation","","","","","Must match at least one method_family keyword in Crossref title or abstract"
"2025-05","计算地理与城市系统","Computers & Geosciences","C&G","0098-3004","Rock thin section image classification in low data scenarios using few-shot learning","2025-05-23","created-proxy","10.1016/j.cageo.2025.105962","https://doi.org/10.1016/j.cageo.2025.105962","no","机器学习 | 遥感视觉与影像分析","classification | image classification","","","","","Must match at least one method_family keyword in Crossref title or abstract"
"2025-05","计算地理与城市系统","Computers & Geosciences","C&G","0098-3004","Lithological mapping using Spatially Constrained Bayesian Network (SCB-Net): A deep learning model for generating field-data-constrained predictions with uncertainty evaluation using remote sensing data","2025-05-30","created-proxy","10.1016/j.cageo.2025.105964","https://doi.org/10.1016/j.cageo.2025.105964","no","深度学习与神经网络","deep learning","遥感与地球观测数据","remote sensing","","","Must match at least one method_family keyword in Crossref title or abstract"
"2025-05","计算地理与城市系统","Computers, Environment and Urban Systems","CEUS","0198-9715","Incorporating environmental considerations into infrastructure inequality evaluation using interpretable machine learning","2025-05-03","created-proxy","10.1016/j.compenvurbsys.2025.102301","https://doi.org/10.1016/j.compenvurbsys.2025.102301","no","机器学习","machine learning","","","","","Must match at least one method_family keyword in Crossref title or abstract"
"2025-05","计算地理与城市系统","Computers, Environment and Urban Systems","CEUS","0198-9715","Convolutional neural networks for predicting the perceived density of large urban fabrics","2025-05-22","created-proxy","10.1016/j.compenvurbsys.2025.102304","https://doi.org/10.1016/j.compenvurbsys.2025.102304","no","深度学习与神经网络","neural network | convolutional neural network","","","","","Must match at least one method_family keyword in Crossref title or abstract"
"2025-05","计算地理与城市系统","Computers, Environment and Urban Systems","CEUS","0198-9715","Torque work of origin-destination flows: Quantifying urban place centrality from a physical perspective","2025-05-30","created-proxy","10.1016/j.compenvurbsys.2025.102311","https://doi.org/10.1016/j.compenvurbsys.2025.102311","no","空间交互与移动性模型","origin-destination | origin-destination flow","","","","","Must match at least one method_family keyword in Crossref title or abstract"
"2025-05","城市分析与空间科学","Environment and Planning B: Urban Analytics and City Science","EPB","2399-8091","Uncovering nonlinear urban factors of homelessness: Evidence from New York City using interpretable machine learning","2025-05-09","published-online","10.1177/23998083251342406","https://doi.org/10.1177/23998083251342406","yes","机器学习","machine learning | gradient boosting | LightGBM","","","城市、区域与空间结构","urban analytics | city","Must match at least one method_family keyword in Crossref title or abstract"
"2025-05","城市分析与空间科学","Environment and Planning B: Urban Analytics and City Science","EPB","2399-8091","OSM land use data quality and its association with city-level socioeconomic conditions in China","2025-05-10","published-online","10.1177/23998083251341667","https://doi.org/10.1177/23998083251341667","yes","因果推断与准实验","fixed effects","基础地理与城市数据库","OpenStreetMap | OSM | land use","城市、区域与空间结构","city","Must match at least one method_family keyword in Crossref title or abstract"
"2025-05","城市分析与空间科学","Environment and Planning B: Urban Analytics and City Science","EPB","2399-8091","The social stratification of homeowners’ housing wealth: Bringing a dynamic approach through the price gap index","2025-05-10","published-online","10.1177/23998083251339296","https://doi.org/10.1177/23998083251339296","yes","时序与时空建模","spatio-temporal","","","","","Must match at least one method_family keyword in Crossref title or abstract"
"2025-05","城市分析与空间科学","Environment and Planning B: Urban Analytics and City Science","EPB","2399-8091","Delineating rigid and elastic coupled urban growth boundaries to constrain spatial sprawl: A case study in central urban area of Zhengzhou, China","2025-05-13","published-online","10.1177/23998083251343146","https://doi.org/10.1177/23998083251343146","yes","仿真、优化与强化学习","simulation","基础地理与城市数据库","land use","","","Must match at least one method_family keyword in Crossref title or abstract"
"2025-05","城市分析与空间科学","Environment and Planning B: Urban Analytics and City Science","EPB","2399-8091","Graph vision: Digital architecture’s skeletons","2025-05-20","published-online","10.1177/23998083251344669","https://doi.org/10.1177/23998083251344669","no","图模型与网络方法","graph","","","","","Must match at least one method_family keyword in Crossref title or abstract"
"2025-05","城市分析与空间科学","Environment and Planning B: Urban Analytics and City Science","EPB","2399-8091","Spatiotemporal dynamics of violence in social unrest events based on geo-social media data","2025-05-24","published-online","10.1177/23998083251344354","https://doi.org/10.1177/23998083251344354","yes","时序与时空建模","spatiotemporal","街景、社交感知与众包数据","social media","时间尺度与动态过程","temporal dynamics","Must match at least one method_family keyword in Crossref title or abstract"
"2025-05","城市分析与空间科学","Environment and Planning B: Urban Analytics and City Science","EPB","2399-8091","Identification and analysis of urban fabric considering external space: Taking Shanghai as an example","2025-05-25","published-online","10.1177/23998083251346586","https://doi.org/10.1177/23998083251346586","yes","机器学习","clustering","基础地理与城市数据库","building footprint","","","Must match at least one method_family keyword in Crossref title or abstract"
"2025-05","城市分析与空间科学","Environment and Planning B: Urban Analytics and City Science","EPB","2399-8091","Understanding the impact of building morphology on building energy consumption: A spatial econometric analysis","2025-05-28","published-online","10.1177/23998083251346259","https://doi.org/10.1177/23998083251346259","yes","空间统计与空间计量","spatial regression","","","城市、区域与空间结构","city | urban form","Must match at least one method_family keyword in Crossref title or abstract"
"2025-05","城市分析与空间科学","Environment and Planning B: Urban Analytics and City Science","EPB","2399-8091","We are here, we are everywhere: Mapping global queer geographies of emotion","2025-05-29","published-online","10.1177/23998083251346516","https://doi.org/10.1177/23998083251346516","yes","深度学习与神经网络","neural network","","","","","Must match at least one method_family keyword in Crossref title or abstract"
"2025-05","地理信息科学","Geo-spatial Information Science","GSIS","1993-5153","System noise removal for area-array satellite image considering self-constraint and graph regularized row sparse coding","2025-05-07","published-online","10.1080/10095020.2025.2486277","https://doi.org/10.1080/10095020.2025.2486277","no","图模型与网络方法","graph","","","","","Must match at least one method_family keyword in Crossref title or abstract"
"2025-05","地理信息科学","Geo-spatial Information Science","GSIS","1993-5153","Deep learning-based InSAR time-series deformation prediction in coal mine areas","2025-05-29","published-online","10.1080/10095020.2025.2500521","https://doi.org/10.1080/10095020.2025.2500521","no","深度学习与神经网络","deep learning","","","","","Must match at least one method_family keyword in Crossref title or abstract"
"2025-05","地理信息科学","Geo-spatial Information Science","GSIS","1993-5153","Discovering spatiotemporal patterns of human outdoor activities with crowdsourced trajectory data","2025-05-29","published-online","10.1080/10095020.2025.2506772","https://doi.org/10.1080/10095020.2025.2506772","no","时序与时空建模","spatiotemporal","街景、社交感知与众包数据 | 轨迹与移动性数据","crowdsourced | trajectory","","","Must match at least one method_family keyword in Crossref title or abstract"
"2025-05","地理信息科学","Geo-spatial Information Science","GSIS","1993-5153","Exploring geo-transferability of deep neural network by developing comprehensive metrics","2025-05-29","published-online","10.1080/10095020.2025.2505551","https://doi.org/10.1080/10095020.2025.2505551","no","深度学习与神经网络","neural network","","","","","Must match at least one method_family keyword in Crossref title or abstract"
"2025-05","地理信息科学","Geo-spatial Information Science","GSIS","1993-5153","GEE-OPs: an operator knowledge base for geospatial code generation on the Google Earth Engine platform powered by large language models","2025-05-29","published-online","10.1080/10095020.2025.2505556","https://doi.org/10.1080/10095020.2025.2505556","no","GeoAI 与基础模型","large language model","","","","","Must match at least one method_family keyword in Crossref title or abstract"
"2025-05","空间统计与地理分析","Geographical Analysis","GEAN","1538-4632","Time Series Clustering for Exploring Neighborhood Dynamics: The Case of U.S. Neighborhood Racial and Ethnic Trends, 1990–2020","2025-05-05","published-online","10.1111/gean.70006","https://doi.org/10.1111/gean.70006","yes","机器学习 | 时序与时空建模","clustering | time series","","","时间尺度与动态过程 | 城市、区域与空间结构","longitudinal | neighborhood","Must match at least one method_family keyword in Crossref title or abstract"
"2025-05","空间统计与地理分析","Geographical Analysis","GEAN","1538-4632","Can Moran Eigenvectors Improve Machine Learning of Spatial Data? Insights From Synthetic Data Validation","2025-05-19","published-online","10.1111/gean.70011","https://doi.org/10.1111/gean.70011","yes","机器学习 | 空间统计与空间计量","machine learning | random forest | XGBoost | LightGBM | spatial autocorrelation","","","","","Must match at least one method_family keyword in Crossref title or abstract"
"2025-05","空间统计与地理分析","Geographical Analysis","GEAN","1538-4632","Network Analysis of the Danish Bicycle Infrastructure: Bikeability Across Urban–Rural Divides","2025-05-19","published-online","10.1111/gean.70012","https://doi.org/10.1111/gean.70012","yes","图模型与网络方法","network analysis","","","","","Must match at least one method_family keyword in Crossref title or abstract"
"2025-05","地理信息科学","Geoinformatica","GEIN","1573-7624","StoDEMO-PAE: A stochastic derivative-free multi-error-optimized performer autoencoder for air quality anomaly detection and explainable spatiotemporal tracing","2025-05-09","published-online","10.1007/s10707-025-00548-w","https://doi.org/10.1007/s10707-025-00548-w","no","深度学习与神经网络 | 时序与时空建模","autoencoder | spatiotemporal","","","","","Must match at least one method_family keyword in Crossref title or abstract"
"2025-05","地理信息科学","Geoinformatica","GEIN","1573-7624","Spatiotemporal characterisation of underwater noise through semantic trajectories","2025-05-19","published-online","10.1007/s10707-025-00547-x","https://doi.org/10.1007/s10707-025-00547-x","no","时序与时空建模","spatiotemporal","","","","","Must match at least one method_family keyword in Crossref title or abstract"
"2025-05","地理信息科学","Geoinformatica","GEIN","1573-7624","Convolutional lotus effect dynamic graph neural network for satellite routing","2025-05-29","published-online","10.1007/s10707-025-00550-2","https://doi.org/10.1007/s10707-025-00550-2","no","深度学习与神经网络 | 图模型与网络方法","neural network | graph | graph neural network","","","","","Must match at least one method_family keyword in Crossref title or abstract"
"2025-05","地理信息科学","Geoinformatica","GEIN","1573-7624","Weakly supervised deep learning for fine-grained socioeconomic development index inference based on satellite imagery","2025-05-31","published-online","10.1007/s10707-025-00551-1","https://doi.org/10.1007/s10707-025-00551-1","no","深度学习与神经网络","deep learning","遥感与地球观测数据","satellite imagery","","","Must match at least one method_family keyword in Crossref title or abstract"
"2025-05","GeoAI 与遥感","GIScience & Remote Sensing","G&RS","1548-1603","Frost forecasting via weakly-supervised semantic segmentation of satellite imagery","2025-05-02","published-online","10.1080/15481603.2025.2496013","https://doi.org/10.1080/15481603.2025.2496013","no","时序与时空建模 | 遥感视觉与影像分析","forecasting | semantic segmentation","遥感与地球观测数据","satellite imagery","","","Must match at least one method_family keyword in Crossref title or abstract"
"2025-05","GeoAI 与遥感","GIScience & Remote Sensing","G&RS","1548-1603","Multi-sensor near-realtime burnt area monitoring using a superpixel-based graph convolutional network approach","2025-05-06","published-online","10.1080/15481603.2025.2498188","https://doi.org/10.1080/15481603.2025.2498188","no","图模型与网络方法","graph | graph convolutional network","传感器与物联网数据","sensor","","","Must match at least one method_family keyword in Crossref title or abstract"
"2025-05","GeoAI 与遥感","GIScience & Remote Sensing","G&RS","1548-1603","Suaeda Salsa Hyperspectral Index (SSHI) for mapping S. salsa in coastal wetlands using hyperspectral satellite imagery: case studies in northern coastal China","2025-05-09","published-online","10.1080/15481603.2025.2500793","https://doi.org/10.1080/15481603.2025.2500793","no","遥感视觉与影像分析","hyperspectral","遥感与地球观测数据","satellite imagery | hyperspectral","","","Must match at least one method_family keyword in Crossref title or abstract"
"2025-05","GeoAI 与遥感","GIScience & Remote Sensing","G&RS","1548-1603","Landslide mapping with deep learning: the role of pre-/post-event SAR features and multi-sensor data fusion","2025-05-13","published-online","10.1080/15481603.2025.2502214","https://doi.org/10.1080/15481603.2025.2502214","no","深度学习与神经网络 | 遥感视觉与影像分析","deep learning | SAR","遥感与地球观测数据 | 传感器与物联网数据","SAR | sensor","环境监测与灾害风险","landslide","Must match at least one method_family keyword in Crossref title or abstract"
"2025-05","遥感与地球观测","International Journal of Applied Earth Observation and Geoinformation","JAG","1569-8432","A 10-meter global terrace mapping using sentinel-2 imagery and topographic features with deep learning methods and cloud computing platform support","2025-05-01","published","10.1016/j.jag.2025.104528","https://doi.org/10.1016/j.jag.2025.104528","no","深度学习与神经网络","deep learning","遥感与地球观测数据","Sentinel","","","Must match at least one method_family keyword in Crossref title or abstract"
"2025-05","遥感与地球观测","International Journal of Applied Earth Observation and Geoinformation","JAG","1569-8432","A hybrid framework for estimating photovoltaic dust content based on UAV hyperspectral images","2025-05-01","published","10.1016/j.jag.2025.104500","https://doi.org/10.1016/j.jag.2025.104500","no","遥感视觉与影像分析","hyperspectral","遥感与地球观测数据","UAV | hyperspectral","","","Must match at least one method_family keyword in Crossref title or abstract"
"2025-05","遥感与地球观测","International Journal of Applied Earth Observation and Geoinformation","JAG","1569-8432","A novel approach of generating pseudo revisited soil sample data based on environmental similarity for space-time soil organic carbon modelling","2025-05-01","published","10.1016/j.jag.2025.104542","https://doi.org/10.1016/j.jag.2025.104542","no","时序与时空建模","space-time","","","","","Must match at least one method_family keyword in Crossref title or abstract"
"2025-05","遥感与地球观测","International Journal of Applied Earth Observation and Geoinformation","JAG","1569-8432","A novel topographic correction framework for detecting forest disturbance from annual wide-time-window Landsat time series","2025-05-01","published","10.1016/j.jag.2025.104568","https://doi.org/10.1016/j.jag.2025.104568","no","时序与时空建模","time series","遥感与地球观测数据","Landsat","","","Must match at least one method_family keyword in Crossref title or abstract"
"2025-05","遥感与地球观测","International Journal of Applied Earth Observation and Geoinformation","JAG","1569-8432","A SAR wave-enhanced method combining denoising and texture enhancement for bathymetric inversion","2025-05-01","published","10.1016/j.jag.2025.104520","https://doi.org/10.1016/j.jag.2025.104520","no","遥感视觉与影像分析","SAR","遥感与地球观测数据","SAR","","","Must match at least one method_family keyword in Crossref title or abstract"
"2025-05","遥感与地球观测","International Journal of Applied Earth Observation and Geoinformation","JAG","1569-8432","Accounting for temporal and spatial autocorrelation to examine the effects of climate change on vegetation greenness trend in China","2025-05-01","published","10.1016/j.jag.2025.104548","https://doi.org/10.1016/j.jag.2025.104548","no","空间统计与空间计量","spatial autocorrelation","","","环境监测与灾害风险","climate","Must match at least one method_family keyword in Crossref title or abstract"
"2025-05","遥感与地球观测","International Journal of Applied Earth Observation and Geoinformation","JAG","1569-8432","Accurate sub-seasonal root-zone soil moisture prediction using attention-based autoregressive transfer learning and SMAP data","2025-05-01","published","10.1016/j.jag.2025.104532","https://doi.org/10.1016/j.jag.2025.104532","no","GeoAI 与基础模型","transfer learning","","","","","Must match at least one method_family keyword in Crossref title or abstract"
"2025-05","遥感与地球观测","International Journal of Applied Earth Observation and Geoinformation","JAG","1569-8432","Adaptive sequential estimator for InSAR time series phase estimation","2025-05-01","published","10.1016/j.jag.2025.104552","https://doi.org/10.1016/j.jag.2025.104552","no","时序与时空建模","time series","","","","","Must match at least one method_family keyword in Crossref title or abstract"
"2025-05","遥感与地球观测","International Journal of Applied Earth Observation and Geoinformation","JAG","1569-8432","Assessing change point detection methods to enable robust detection of early stage Artisanal and Small-Scale mining (ASM) in the tropics using Sentinel-1 time series data","2025-05-01","published","10.1016/j.jag.2025.104525","https://doi.org/10.1016/j.jag.2025.104525","no","时序与时空建模","time series","遥感与地球观测数据","Sentinel","","","Must match at least one method_family keyword in Crossref title or abstract"
"2025-05","遥感与地球观测","International Journal of Applied Earth Observation and Geoinformation","JAG","1569-8432","Automated crevasse mapping for Alpine glaciers: A multitask deep neural network approach","2025-05-01","published","10.1016/j.jag.2025.104495","https://doi.org/10.1016/j.jag.2025.104495","no","深度学习与神经网络","neural network","","","","","Must match at least one method_family keyword in Crossref title or abstract"
"2025-05","遥感与地球观测","International Journal of Applied Earth Observation and Geoinformation","JAG","1569-8432","Automatic generation of high-quality building samples using OpenStreetMap and deep learning","2025-05-01","published","10.1016/j.jag.2025.104564","https://doi.org/10.1016/j.jag.2025.104564","no","深度学习与神经网络","deep learning","基础地理与城市数据库","OpenStreetMap","","","Must match at least one method_family keyword in Crossref title or abstract"
"2025-05","遥感与地球观测","International Journal of Applied Earth Observation and Geoinformation","JAG","1569-8432","Classification of tree mortality following drought-defoliation interaction using single date Landsat imagery and comparison to aerial detection surveys","2025-05-01","published","10.1016/j.jag.2025.104488","https://doi.org/10.1016/j.jag.2025.104488","no","机器学习","classification","遥感与地球观测数据","Landsat","","","Must match at least one method_family keyword in Crossref title or abstract"
"2025-05","遥感与地球观测","International Journal of Applied Earth Observation and Geoinformation","JAG","1569-8432","Comparative analysis of different algorithms for VAS station land cover classification with limited training points","2025-05-01","published","10.1016/j.jag.2025.104537","https://doi.org/10.1016/j.jag.2025.104537","no","机器学习","classification","基础地理与城市数据库","land cover","","","Must match at least one method_family keyword in Crossref title or abstract"
"2025-05","遥感与地球观测","International Journal of Applied Earth Observation and Geoinformation","JAG","1569-8432","CTSeg: CNN and ViT collaborated segmentation framework for efficient land-use/land-cover mapping with high-resolution remote sensing images","2025-05-01","published","10.1016/j.jag.2025.104546","https://doi.org/10.1016/j.jag.2025.104546","no","深度学习与神经网络","CNN","遥感与地球观测数据","remote sensing","","","Must match at least one method_family keyword in Crossref title or abstract"
"2025-05","遥感与地球观测","International Journal of Applied Earth Observation and Geoinformation","JAG","1569-8432","D3GNN: Double dual dynamic graph neural network for multisource remote sensing data classification","2025-05-01","published","10.1016/j.jag.2025.104496","https://doi.org/10.1016/j.jag.2025.104496","no","机器学习 | 深度学习与神经网络 | 图模型与网络方法","classification | neural network | graph | graph neural network","遥感与地球观测数据","remote sensing","","","Must match at least one method_family keyword in Crossref title or abstract"
"2025-05","遥感与地球观测","International Journal of Applied Earth Observation and Geoinformation","JAG","1569-8432","Deep projective prediction of building facade footprints from ALS point cloud","2025-05-01","published","10.1016/j.jag.2025.104448","https://doi.org/10.1016/j.jag.2025.104448","no","遥感视觉与影像分析","point cloud","","","","","Must match at least one method_family keyword in Crossref title or abstract"
"2025-05","遥感与地球观测","International Journal of Applied Earth Observation and Geoinformation","JAG","1569-8432","Enhanced NDVI prediction accuracy in complex geographic regions by integrating machine learning and climate data—a case study of Southwest basin","2025-05-01","published","10.1016/j.jag.2025.104498","https://doi.org/10.1016/j.jag.2025.104498","no","机器学习","machine learning","","","环境监测与灾害风险","climate","Must match at least one method_family keyword in Crossref title or abstract"
"2025-05","遥感与地球观测","International Journal of Applied Earth Observation and Geoinformation","JAG","1569-8432","Enhanced unsupervised domain adaptation with iterative pseudo-label refinement for inter-event oil spill segmentation in SAR images","2025-05-01","published","10.1016/j.jag.2025.104479","https://doi.org/10.1016/j.jag.2025.104479","no","GeoAI 与基础模型 | 遥感视觉与影像分析","domain adaptation | SAR","遥感与地球观测数据","SAR","","","Must match at least one method_family keyword in Crossref title or abstract"
"2025-05","遥感与地球观测","International Journal of Applied Earth Observation and Geoinformation","JAG","1569-8432","Enhancing global aerosol retrieval from satellite data via deep learning with mutual information estimation","2025-05-01","published","10.1016/j.jag.2025.104534","https://doi.org/10.1016/j.jag.2025.104534","no","深度学习与神经网络","deep learning","","","","","Must match at least one method_family keyword in Crossref title or abstract"
"2025-05","遥感与地球观测","International Journal of Applied Earth Observation and Geoinformation","JAG","1569-8432","ESMII-Net: An edge-synergy and multidimensional information interaction network for remote sensing change detection","2025-05-01","published","10.1016/j.jag.2025.104507","https://doi.org/10.1016/j.jag.2025.104507","no","时序与时空建模","change detection","遥感与地球观测数据","remote sensing","","","Must match at least one method_family keyword in Crossref title or abstract"
"2025-05","遥感与地球观测","International Journal of Applied Earth Observation and Geoinformation","JAG","1569-8432","Estimating and mapping tailings properties of the largest iron cluster in China for resource potential and reuse: A new perspective from interpretable CNN model and proposed spectral index based on hyperspectral satellite imagery","2025-05-01","published","10.1016/j.jag.2025.104512","https://doi.org/10.1016/j.jag.2025.104512","no","深度学习与神经网络 | 遥感视觉与影像分析","CNN | hyperspectral","遥感与地球观测数据","satellite imagery | hyperspectral","","","Must match at least one method_family keyword in Crossref title or abstract"
"2025-05","遥感与地球观测","International Journal of Applied Earth Observation and Geoinformation","JAG","1569-8432","Estimating characteristics of planted forests’ relative yield index using low pulse density LiDAR and satellite remote sensing","2025-05-01","published","10.1016/j.jag.2025.104558","https://doi.org/10.1016/j.jag.2025.104558","no","遥感视觉与影像分析","LiDAR","遥感与地球观测数据","remote sensing | LiDAR","","","Must match at least one method_family keyword in Crossref title or abstract"
"2025-05","遥感与地球观测","International Journal of Applied Earth Observation and Geoinformation","JAG","1569-8432","Estimating water levels in reservoirs using Sentinel-2 derived time series of surface water areas: A case study of 20 reservoirs in Burkina Faso","2025-05-01","published","10.1016/j.jag.2025.104523","https://doi.org/10.1016/j.jag.2025.104523","no","时序与时空建模","time series","遥感与地球观测数据","Sentinel","","","Must match at least one method_family keyword in Crossref title or abstract"
"2025-05","遥感与地球观测","International Journal of Applied Earth Observation and Geoinformation","JAG","1569-8432","Evaluating multi-seasonal SAR and optical imagery for above-ground biomass estimation using the national forest inventory of Zambia","2025-05-01","published","10.1016/j.jag.2025.104494","https://doi.org/10.1016/j.jag.2025.104494","no","遥感视觉与影像分析","SAR","遥感与地球观测数据","SAR","","","Must match at least one method_family keyword in Crossref title or abstract"
"2025-05","遥感与地球观测","International Journal of Applied Earth Observation and Geoinformation","JAG","1569-8432","Extraction of built-up areas using Sentinel-1 and Sentinel-2 data with automated training data sampling and label noise robust cross-fusion neural networks","2025-05-01","published","10.1016/j.jag.2025.104524","https://doi.org/10.1016/j.jag.2025.104524","no","深度学习与神经网络","neural network","遥感与地球观测数据","Sentinel","","","Must match at least one method_family keyword in Crossref title or abstract"
"2025-05","遥感与地球观测","International Journal of Applied Earth Observation and Geoinformation","JAG","1569-8432","Flood Index-Enhanced deep learning model for coastal inundation mapping in SAR imagery","2025-05-01","published","10.1016/j.jag.2025.104550","https://doi.org/10.1016/j.jag.2025.104550","no","深度学习与神经网络 | 遥感视觉与影像分析","deep learning | SAR","遥感与地球观测数据","SAR","环境监测与灾害风险","flood","Must match at least one method_family keyword in Crossref title or abstract"
"2025-05","遥感与地球观测","International Journal of Applied Earth Observation and Geoinformation","JAG","1569-8432","Fusing multiplatform topo-bathymetric point clouds based on a pseudo-grid model: A case study around Ganquan Island, South China sea","2025-05-01","published","10.1016/j.jag.2025.104492","https://doi.org/10.1016/j.jag.2025.104492","no","遥感视觉与影像分析","point cloud","","","","","Must match at least one method_family keyword in Crossref title or abstract"
"2025-05","遥感与地球观测","International Journal of Applied Earth Observation and Geoinformation","JAG","1569-8432","GPP estimation by transfer learning with combined solar-induced chlorophyll fluorescence and eddy covariance data","2025-05-01","published","10.1016/j.jag.2025.104503","https://doi.org/10.1016/j.jag.2025.104503","no","GeoAI 与基础模型","transfer learning","","","","","Must match at least one method_family keyword in Crossref title or abstract"
"2025-05","遥感与地球观测","International Journal of Applied Earth Observation and Geoinformation","JAG","1569-8432","High-quality one-shot interactive segmentation for remote sensing images via hybrid adapter-enhanced foundation models","2025-05-01","published","10.1016/j.jag.2025.104466","https://doi.org/10.1016/j.jag.2025.104466","no","GeoAI 与基础模型","foundation model","遥感与地球观测数据","remote sensing","","","Must match at least one method_family keyword in Crossref title or abstract"
"2025-05","遥感与地球观测","International Journal of Applied Earth Observation and Geoinformation","JAG","1569-8432","Improving spatial and temporal accuracy in coastal reclamation mapping using satellite image time series","2025-05-01","published","10.1016/j.jag.2025.104499","https://doi.org/10.1016/j.jag.2025.104499","no","时序与时空建模","time series","","","","","Must match at least one method_family keyword in Crossref title or abstract"
"2025-05","遥感与地球观测","International Journal of Applied Earth Observation and Geoinformation","JAG","1569-8432","Large-area urban TomoSAR method with limited a priori knowledge and a complex deep learning model","2025-05-01","published","10.1016/j.jag.2025.104521","https://doi.org/10.1016/j.jag.2025.104521","no","深度学习与神经网络","deep learning","","","","","Must match at least one method_family keyword in Crossref title or abstract"
"2025-05","遥感与地球观测","International Journal of Applied Earth Observation and Geoinformation","JAG","1569-8432","Large-scale tobacco identification via a very-high-resolution unmanned aerial vehicle benchmark and a ConvFlow Transformer","2025-05-01","published","10.1016/j.jag.2025.104549","https://doi.org/10.1016/j.jag.2025.104549","no","深度学习与神经网络","transformer","","","","","Must match at least one method_family keyword in Crossref title or abstract"
"2025-05","遥感与地球观测","International Journal of Applied Earth Observation and Geoinformation","JAG","1569-8432","Leveraging moisture elimination and hybrid deep learning models for soil organic carbon mapping with multi-modal remote sensing data","2025-05-01","published","10.1016/j.jag.2025.104513","https://doi.org/10.1016/j.jag.2025.104513","no","深度学习与神经网络","deep learning","遥感与地球观测数据","remote sensing","","","Must match at least one method_family keyword in Crossref title or abstract"
"2025-05","遥感与地球观测","International Journal of Applied Earth Observation and Geoinformation","JAG","1569-8432","Long short-term memory exploitation of satellite gravimetry to infer floods","2025-05-01","published","10.1016/j.jag.2025.104562","https://doi.org/10.1016/j.jag.2025.104562","no","深度学习与神经网络","long short-term memory","","","","","Must match at least one method_family keyword in Crossref title or abstract"
"2025-05","遥感与地球观测","International Journal of Applied Earth Observation and Geoinformation","JAG","1569-8432","Low Saturation Confidence Distribution-based Test-Time Adaptation for cross-domain remote sensing image classification","2025-05-01","published","10.1016/j.jag.2025.104463","https://doi.org/10.1016/j.jag.2025.104463","no","机器学习 | 遥感视觉与影像分析","classification | image classification","遥感与地球观测数据","remote sensing","","","Must match at least one method_family keyword in Crossref title or abstract"
"2025-05","遥感与地球观测","International Journal of Applied Earth Observation and Geoinformation","JAG","1569-8432","More intelligent knowledge graph: A large language model-driven method for knowledge representation in geospatial digital twins","2025-05-01","published","10.1016/j.jag.2025.104527","https://doi.org/10.1016/j.jag.2025.104527","no","GeoAI 与基础模型 | 图模型与网络方法","large language model | graph | knowledge graph","","","","","Must match at least one method_family keyword in Crossref title or abstract"
"2025-05","遥感与地球观测","International Journal of Applied Earth Observation and Geoinformation","JAG","1569-8432","Multimodal GeoAI: An integrated spatio-temporal topic-sentiment model for the analysis of geo-social media posts for disaster management","2025-05-01","published","10.1016/j.jag.2025.104540","https://doi.org/10.1016/j.jag.2025.104540","no","GeoAI 与基础模型 | 时序与时空建模","GeoAI | spatio-temporal","街景、社交感知与众包数据","social media","环境监测与灾害风险","disaster","Must match at least one method_family keyword in Crossref title or abstract"
"2025-05","遥感与地球观测","International Journal of Applied Earth Observation and Geoinformation","JAG","1569-8432","Multitemporal Sentinel and GEDI data integration for overstory and understory fuel type classification","2025-05-01","published","10.1016/j.jag.2025.104455","https://doi.org/10.1016/j.jag.2025.104455","no","机器学习","classification","遥感与地球观测数据","Sentinel","","","Must match at least one method_family keyword in Crossref title or abstract"
"2025-05","遥感与地球观测","International Journal of Applied Earth Observation and Geoinformation","JAG","1569-8432","National-scale tree species mapping with deep learning reveals forest management insights in Germany","2025-05-01","published","10.1016/j.jag.2025.104522","https://doi.org/10.1016/j.jag.2025.104522","no","深度学习与神经网络","deep learning","","","","","Must match at least one method_family keyword in Crossref title or abstract"
"2025-05","遥感与地球观测","International Journal of Applied Earth Observation and Geoinformation","JAG","1569-8432","Near real-time land surface temperature reconstruction from FY-4A satellite using spatio-temporal attention network","2025-05-01","published","10.1016/j.jag.2025.104480","https://doi.org/10.1016/j.jag.2025.104480","no","时序与时空建模","spatio-temporal","","","","","Must match at least one method_family keyword in Crossref title or abstract"
"2025-05","遥感与地球观测","International Journal of Applied Earth Observation and Geoinformation","JAG","1569-8432","Online calibration of LiDAR-camera extrinsic parameters of tunnel mapping system with depth-constrained vibration compensation","2025-05-01","published","10.1016/j.jag.2025.104556","https://doi.org/10.1016/j.jag.2025.104556","no","遥感视觉与影像分析","LiDAR","遥感与地球观测数据","LiDAR","","","Must match at least one method_family keyword in Crossref title or abstract"
"2025-05","遥感与地球观测","International Journal of Applied Earth Observation and Geoinformation","JAG","1569-8432","SAM-CTMapper: Utilizing segment anything model and scale-aware mixed CNN-Transformer facilitates coastal wetland hyperspectral image classification","2025-05-01","published","10.1016/j.jag.2025.104469","https://doi.org/10.1016/j.jag.2025.104469","no","机器学习 | 深度学习与神经网络 | 遥感视觉与影像分析","classification | CNN | transformer | image classification | hyperspectral","遥感与地球观测数据","hyperspectral","","","Must match at least one method_family keyword in Crossref title or abstract"
"2025-05","遥感与地球观测","International Journal of Applied Earth Observation and Geoinformation","JAG","1569-8432","SASTGCN: Semantic-Augmented Spatio-temporal graph convolutional network for subway flow prediction","2025-05-01","published","10.1016/j.jag.2025.104530","https://doi.org/10.1016/j.jag.2025.104530","no","图模型与网络方法 | 时序与时空建模 | 空间交互与移动性模型","graph | graph convolutional network | GCN | spatio-temporal | flow prediction","","","","","Must match at least one method_family keyword in Crossref title or abstract"
"2025-05","遥感与地球观测","International Journal of Applied Earth Observation and Geoinformation","JAG","1569-8432","Seamless global daily soil moisture mapping using deep learning based spatiotemporal fusion","2025-05-01","published","10.1016/j.jag.2025.104517","https://doi.org/10.1016/j.jag.2025.104517","no","深度学习与神经网络 | 时序与时空建模","deep learning | spatiotemporal","","","","","Must match at least one method_family keyword in Crossref title or abstract"
"2025-05","遥感与地球观测","International Journal of Applied Earth Observation and Geoinformation","JAG","1569-8432","SLIP-flood: Soft-combination of Swin Transformer and Lightweight Language-Image Pre-training for Flood Images Classification","2025-05-01","published","10.1016/j.jag.2025.104543","https://doi.org/10.1016/j.jag.2025.104543","no","机器学习 | 深度学习与神经网络","classification | transformer","","","环境监测与灾害风险","flood","Must match at least one method_family keyword in Crossref title or abstract"
"2025-05","遥感与地球观测","International Journal of Applied Earth Observation and Geoinformation","JAG","1569-8432","Snow depth inversion and mapping at 500 m resolution from 1980 to 2020 in Northeast China using radiative transfer model and machine learning","2025-05-01","published","10.1016/j.jag.2025.104533","https://doi.org/10.1016/j.jag.2025.104533","no","机器学习","machine learning","","","","","Must match at least one method_family keyword in Crossref title or abstract"
"2025-05","遥感与地球观测","International Journal of Applied Earth Observation and Geoinformation","JAG","1569-8432","Spatial-and-local-aware deep learning approach for Ground-Level NO2 estimation in England with multisource data from satellite-based observations and chemical transport models","2025-05-01","published","10.1016/j.jag.2025.104506","https://doi.org/10.1016/j.jag.2025.104506","no","深度学习与神经网络","deep learning","","","","","Must match at least one method_family keyword in Crossref title or abstract"
"2025-05","遥感与地球观测","International Journal of Applied Earth Observation and Geoinformation","JAG","1569-8432","Spatio-temporal-text fusion for hierarchical multi-label crop classification based on time-series remote sensing imagery","2025-05-01","published","10.1016/j.jag.2025.104471","https://doi.org/10.1016/j.jag.2025.104471","no","机器学习 | 时序与时空建模","classification | spatio-temporal","遥感与地球观测数据","remote sensing","","","Must match at least one method_family keyword in Crossref title or abstract"
"2025-05","遥感与地球观测","International Journal of Applied Earth Observation and Geoinformation","JAG","1569-8432","Spatiotemporal inhomogeneity of accuracy degradation in AI weather forecast foundation models: A GNSS perspective","2025-05-01","published","10.1016/j.jag.2025.104473","https://doi.org/10.1016/j.jag.2025.104473","no","GeoAI 与基础模型 | 时序与时空建模","foundation model | spatiotemporal","","","","","Must match at least one method_family keyword in Crossref title or abstract"
"2025-05","遥感与地球观测","International Journal of Applied Earth Observation and Geoinformation","JAG","1569-8432","Terrain and individual tree vertical structure-based approach for point clouds co-registration by UAV and Backpack LiDAR","2025-05-01","published","10.1016/j.jag.2025.104544","https://doi.org/10.1016/j.jag.2025.104544","no","遥感视觉与影像分析","point cloud | LiDAR","遥感与地球观测数据","UAV | LiDAR","","","Must match at least one method_family keyword in Crossref title or abstract"
"2025-05","遥感与地球观测","International Journal of Applied Earth Observation and Geoinformation","JAG","1569-8432","Transfer learning for enhancing the generality of leaf spectroscopic models in estimating crop foliar nutrients across growth stages","2025-05-01","published","10.1016/j.jag.2025.104481","https://doi.org/10.1016/j.jag.2025.104481","no","GeoAI 与基础模型","transfer learning","","","","","Must match at least one method_family keyword in Crossref title or abstract"
"2025-05","遥感与地球观测","International Journal of Applied Earth Observation and Geoinformation","JAG","1569-8432","Tree species classification using intensity patterns from individual tree point clouds","2025-05-01","published","10.1016/j.jag.2025.104502","https://doi.org/10.1016/j.jag.2025.104502","no","机器学习 | 遥感视觉与影像分析","classification | point cloud","","","","","Must match at least one method_family keyword in Crossref title or abstract"
"2025-05","遥感与地球观测","International Journal of Applied Earth Observation and Geoinformation","JAG","1569-8432","An interpretable wheat yield estimation model using an attention mechanism-based deep learning framework with multiple remotely sensed variables","2025-05-08","created-proxy","10.1016/j.jag.2025.104579","https://doi.org/10.1016/j.jag.2025.104579","no","深度学习与神经网络","deep learning | attention mechanism","","","","","Must match at least one method_family keyword in Crossref title or abstract"
"2025-05","遥感与地球观测","International Journal of Applied Earth Observation and Geoinformation","JAG","1569-8432","Assessment of war-induced agricultural land use changes in Ukraine using machine learning applied to Sentinel satellite data","2025-05-08","created-proxy","10.1016/j.jag.2025.104551","https://doi.org/10.1016/j.jag.2025.104551","no","机器学习","machine learning","遥感与地球观测数据 | 基础地理与城市数据库","Sentinel | land use","城市、区域与空间结构","land use change","Must match at least one method_family keyword in Crossref title or abstract"
"2025-05","遥感与地球观测","International Journal of Applied Earth Observation and Geoinformation","JAG","1569-8432","Spatiotemporal dynamics and drivers of agricultural droughts in the agroecological zones of Cameroon","2025-05-08","created-proxy","10.1016/j.jag.2025.104581","https://doi.org/10.1016/j.jag.2025.104581","no","时序与时空建模","spatiotemporal","","","时间尺度与动态过程","temporal dynamics","Must match at least one method_family keyword in Crossref title or abstract"
"2025-05","遥感与地球观测","International Journal of Applied Earth Observation and Geoinformation","JAG","1569-8432","An automatic pruning method for SAR target detection based on multitask reinforcement learning","2025-05-09","created-proxy","10.1016/j.jag.2025.104553","https://doi.org/10.1016/j.jag.2025.104553","no","仿真、优化与强化学习 | 遥感视觉与影像分析","reinforcement learning | SAR","遥感与地球观测数据","SAR","","","Must match at least one method_family keyword in Crossref title or abstract"
"2025-05","遥感与地球观测","International Journal of Applied Earth Observation and Geoinformation","JAG","1569-8432","Calibration and uncertainty quantification for deep learning-based drought detection","2025-05-09","created-proxy","10.1016/j.jag.2025.104563","https://doi.org/10.1016/j.jag.2025.104563","no","深度学习与神经网络","deep learning","","","","","Must match at least one method_family keyword in Crossref title or abstract"
"2025-05","遥感与地球观测","International Journal of Applied Earth Observation and Geoinformation","JAG","1569-8432","Monitoring soil salinization in Arid cotton fields using Unmanned Aerial Vehicle hyperspectral imagery","2025-05-09","created-proxy","10.1016/j.jag.2025.104584","https://doi.org/10.1016/j.jag.2025.104584","no","遥感视觉与影像分析","hyperspectral","遥感与地球观测数据","hyperspectral","","","Must match at least one method_family keyword in Crossref title or abstract"
"2025-05","遥感与地球观测","International Journal of Applied Earth Observation and Geoinformation","JAG","1569-8432","Regional simulation of water-carbon fluxes and winter wheat yield with assimilation of multi-source remote sensing data in the Haihe River Basin","2025-05-10","created-proxy","10.1016/j.jag.2025.104578","https://doi.org/10.1016/j.jag.2025.104578","no","仿真、优化与强化学习","simulation","遥感与地球观测数据","remote sensing","","","Must match at least one method_family keyword in Crossref title or abstract"
"2025-05","遥感与地球观测","International Journal of Applied Earth Observation and Geoinformation","JAG","1569-8432","Novel UAV-based 3D reconstruction using dense LiDAR point cloud and imagery: A geometry-aware 3D gaussian splatting approach","2025-05-12","created-proxy","10.1016/j.jag.2025.104590","https://doi.org/10.1016/j.jag.2025.104590","no","遥感视觉与影像分析","point cloud | LiDAR","遥感与地球观测数据","UAV | LiDAR","","","Must match at least one method_family keyword in Crossref title or abstract"
"2025-05","遥感与地球观测","International Journal of Applied Earth Observation and Geoinformation","JAG","1569-8432","HMS-PAU-IN: A heterogeneous multi-scale spatiotemporal interaction network model for population analysis units","2025-05-13","created-proxy","10.1016/j.jag.2025.104565","https://doi.org/10.1016/j.jag.2025.104565","no","时序与时空建模","spatiotemporal","","","","","Must match at least one method_family keyword in Crossref title or abstract"
"2025-05","遥感与地球观测","International Journal of Applied Earth Observation and Geoinformation","JAG","1569-8432","Monitoring irrigated dryland in China from 2000 to 2015 by integrating time series vegetation indices and environmental factors","2025-05-13","created-proxy","10.1016/j.jag.2025.104588","https://doi.org/10.1016/j.jag.2025.104588","no","时序与时空建模","time series","","","","","Must match at least one method_family keyword in Crossref title or abstract"
"2025-05","遥感与地球观测","International Journal of Applied Earth Observation and Geoinformation","JAG","1569-8432","Plot-Rice v1.0: A global plot-based rice benchmark dataset with spatiotemporal heterogeneity for scientific deep learning","2025-05-13","created-proxy","10.1016/j.jag.2025.104569","https://doi.org/10.1016/j.jag.2025.104569","no","深度学习与神经网络 | 时序与时空建模","deep learning | spatiotemporal","","","","","Must match at least one method_family keyword in Crossref title or abstract"
"2025-05","遥感与地球观测","International Journal of Applied Earth Observation and Geoinformation","JAG","1569-8432","3DLST: 3D Learnable Supertoken Transformer for LiDAR point cloud scene segmentation","2025-05-14","created-proxy","10.1016/j.jag.2025.104572","https://doi.org/10.1016/j.jag.2025.104572","no","深度学习与神经网络 | 遥感视觉与影像分析","transformer | point cloud | LiDAR","遥感与地球观测数据","LiDAR","","","Must match at least one method_family keyword in Crossref title or abstract"
"2025-05","遥感与地球观测","International Journal of Applied Earth Observation and Geoinformation","JAG","1569-8432","Soil organic carbon estimation using spaceborne hyperspectral composites on a large scale","2025-05-14","created-proxy","10.1016/j.jag.2025.104504","https://doi.org/10.1016/j.jag.2025.104504","no","遥感视觉与影像分析","hyperspectral","遥感与地球观测数据","hyperspectral","","","Must match at least one method_family keyword in Crossref title or abstract"
"2025-05","遥感与地球观测","International Journal of Applied Earth Observation and Geoinformation","JAG","1569-8432","Machine learning and clustering for supporting the identification of active landslides at national scale","2025-05-17","created-proxy","10.1016/j.jag.2025.104608","https://doi.org/10.1016/j.jag.2025.104608","no","机器学习","machine learning | clustering","","","","","Must match at least one method_family keyword in Crossref title or abstract"
"2025-05","遥感与地球观测","International Journal of Applied Earth Observation and Geoinformation","JAG","1569-8432","SFD-YOLO: A novel framework for subsidence funnels detection in China based on large-scale SAR interferograms","2025-05-19","created-proxy","10.1016/j.jag.2025.104605","https://doi.org/10.1016/j.jag.2025.104605","no","遥感视觉与影像分析","SAR","遥感与地球观测数据","SAR","","","Must match at least one method_family keyword in Crossref title or abstract"
"2025-05","遥感与地球观测","International Journal of Applied Earth Observation and Geoinformation","JAG","1569-8432","Tracking 30-year evolution of subsidence in Shanghai utilizing multi-sensor InSAR and random forest modelling","2025-05-20","created-proxy","10.1016/j.jag.2025.104606","https://doi.org/10.1016/j.jag.2025.104606","no","机器学习","random forest","传感器与物联网数据","sensor","","","Must match at least one method_family keyword in Crossref title or abstract"
"2025-05","遥感与地球观测","International Journal of Applied Earth Observation and Geoinformation","JAG","1569-8432","Boreal tree species classification using airborne laser scanning data annotated with harvester production reports, and convolutional neural networks","2025-05-21","created-proxy","10.1016/j.jag.2025.104607","https://doi.org/10.1016/j.jag.2025.104607","no","机器学习 | 深度学习与神经网络","classification | neural network | convolutional neural network","","","","","Must match at least one method_family keyword in Crossref title or abstract"
"2025-05","遥感与地球观测","International Journal of Applied Earth Observation and Geoinformation","JAG","1569-8432","Predicting Freeze-Thaw States in Alaska Permafrost Landscapes using climate Reanalysis and Machine Learning","2025-05-21","created-proxy","10.1016/j.jag.2025.104576","https://doi.org/10.1016/j.jag.2025.104576","no","机器学习","machine learning","","","环境监测与灾害风险","climate","Must match at least one method_family keyword in Crossref title or abstract"
"2025-05","遥感与地球观测","International Journal of Applied Earth Observation and Geoinformation","JAG","1569-8432","A precise estimation framework for individual tree AGB of Pinus kesiya var. Langbianensis utilizing point cloud registration Optimization","2025-05-22","created-proxy","10.1016/j.jag.2025.104612","https://doi.org/10.1016/j.jag.2025.104612","no","仿真、优化与强化学习 | 遥感视觉与影像分析","optimization | point cloud","","","","","Must match at least one method_family keyword in Crossref title or abstract"
"2025-05","遥感与地球观测","International Journal of Applied Earth Observation and Geoinformation","JAG","1569-8432","Advancing coal fire detection model for large-scale areas based on RS indices and machine learning","2025-05-22","created-proxy","10.1016/j.jag.2025.104587","https://doi.org/10.1016/j.jag.2025.104587","no","机器学习","machine learning","","","","","Must match at least one method_family keyword in Crossref title or abstract"
"2025-05","遥感与地球观测","International Journal of Applied Earth Observation and Geoinformation","JAG","1569-8432","An impervious surfaces extraction method based on optical, ascending and descending SAR remote sensing imagery in high-density urban core areas","2025-05-22","created-proxy","10.1016/j.jag.2025.104595","https://doi.org/10.1016/j.jag.2025.104595","no","遥感视觉与影像分析","SAR","遥感与地球观测数据","remote sensing | SAR","","","Must match at least one method_family keyword in Crossref title or abstract"
"2025-05","遥感与地球观测","International Journal of Applied Earth Observation and Geoinformation","JAG","1569-8432","Innovative SAR-optical data fusion for reflectance time series reconstruction in vegetation-covered regions","2025-05-22","created-proxy","10.1016/j.jag.2025.104567","https://doi.org/10.1016/j.jag.2025.104567","no","时序与时空建模 | 遥感视觉与影像分析","time series | SAR","遥感与地球观测数据","SAR","","","Must match at least one method_family keyword in Crossref title or abstract"
"2025-05","遥感与地球观测","International Journal of Applied Earth Observation and Geoinformation","JAG","1569-8432","Temporal scalability analysis of spectral remote sensing and Machine Learning-Based models for forest mapping in the tropical region of Nigeria","2025-05-22","created-proxy","10.1016/j.jag.2025.104598","https://doi.org/10.1016/j.jag.2025.104598","no","机器学习","machine learning","遥感与地球观测数据","remote sensing","","","Must match at least one method_family keyword in Crossref title or abstract"
"2025-05","遥感与地球观测","International Journal of Applied Earth Observation and Geoinformation","JAG","1569-8432","Identifying native grasslands and key phenological stages using time series Sentinel-2 data and deep learning models","2025-05-26","created-proxy","10.1016/j.jag.2025.104619","https://doi.org/10.1016/j.jag.2025.104619","no","深度学习与神经网络 | 时序与时空建模","deep learning | time series","遥感与地球观测数据","Sentinel","","","Must match at least one method_family keyword in Crossref title or abstract"
"2025-05","遥感与地球观测","International Journal of Applied Earth Observation and Geoinformation","JAG","1569-8432","A flexible framework for identifying urban villages using Sentinel-2 observations and deep learning","2025-05-28","created-proxy","10.1016/j.jag.2025.104631","https://doi.org/10.1016/j.jag.2025.104631","no","深度学习与神经网络","deep learning","遥感与地球观测数据","Sentinel","","","Must match at least one method_family keyword in Crossref title or abstract"
"2025-05","遥感与地球观测","International Journal of Applied Earth Observation and Geoinformation","JAG","1569-8432","Exploring UAV narrow-band hyperspectral indices and crop functional traits derived from radiative transfer models to detect wheat powdery mildew","2025-05-28","created-proxy","10.1016/j.jag.2025.104627","https://doi.org/10.1016/j.jag.2025.104627","no","遥感视觉与影像分析","hyperspectral","遥感与地球观测数据","UAV | hyperspectral","","","Must match at least one method_family keyword in Crossref title or abstract"
"2025-05","遥感与地球观测","International Journal of Applied Earth Observation and Geoinformation","JAG","1569-8432","Universal patterns of intra-urban morphology: Defining a global typology of the urban fabric using unsupervised clustering","2025-05-28","created-proxy","10.1016/j.jag.2025.104610","https://doi.org/10.1016/j.jag.2025.104610","no","机器学习","clustering","","","","","Must match at least one method_family keyword in Crossref title or abstract"
"2025-05","遥感与地球观测","International Journal of Applied Earth Observation and Geoinformation","JAG","1569-8432","GCT-GF: A generative CNN-transformer for multi-modal multi-temporal gap-filling of surface water probability","2025-05-29","created-proxy","10.1016/j.jag.2025.104596","https://doi.org/10.1016/j.jag.2025.104596","no","深度学习与神经网络","CNN | transformer","","","","","Must match at least one method_family keyword in Crossref title or abstract"
"2025-05","遥感与地球观测","International Journal of Applied Earth Observation and Geoinformation","JAG","1569-8432","Multi-scale feature learning for 3D semantic mapping of agricultural fields using UAV point clouds","2025-05-29","created-proxy","10.1016/j.jag.2025.104626","https://doi.org/10.1016/j.jag.2025.104626","no","遥感视觉与影像分析","point cloud","遥感与地球观测数据","UAV","","","Must match at least one method_family keyword in Crossref title or abstract"
"2025-05","遥感与地球观测","International Journal of Applied Earth Observation and Geoinformation","JAG","1569-8432","Training and inference Time Efficiency Assessment Framework for machine learning algorithms: A case study for hyperspectral image classification","2025-05-29","created-proxy","10.1016/j.jag.2025.104591","https://doi.org/10.1016/j.jag.2025.104591","no","机器学习 | 遥感视觉与影像分析","machine learning | classification | image classification | hyperspectral","遥感与地球观测数据","hyperspectral","","","Must match at least one method_family keyword in Crossref title or abstract"
"2025-05","遥感与地球观测","International Journal of Applied Earth Observation and Geoinformation","JAG","1569-8432","Automated vicarious radiometric validation of spaceborne thermal infrared sensors at non-dedicated validation sites using deep learning-based cloud filtering","2025-05-30","created-proxy","10.1016/j.jag.2025.104617","https://doi.org/10.1016/j.jag.2025.104617","no","深度学习与神经网络","deep learning","","","","","Must match at least one method_family keyword in Crossref title or abstract"
"2025-05","遥感与地球观测","International Journal of Applied Earth Observation and Geoinformation","JAG","1569-8432","UAV-StrawFire: A visible and infrared dataset for real-time straw-fire monitoring with deep learning and image fusion","2025-05-30","created-proxy","10.1016/j.jag.2025.104586","https://doi.org/10.1016/j.jag.2025.104586","no","深度学习与神经网络 | 遥感视觉与影像分析","deep learning | image fusion","遥感与地球观测数据","UAV","","","Must match at least one method_family keyword in Crossref title or abstract"
"2025-05","数字地球与地理信息","International Journal of Digital Earth","IJDE","1753-8955","DBPFNet: a double branch parallel fusion neural network method for land subsidence susceptibility mapping with InSAR observation data","2025-05-04","published-online","10.1080/17538947.2025.2499199","https://doi.org/10.1080/17538947.2025.2499199","no","深度学习与神经网络","neural network","","","","","Must match at least one method_family keyword in Crossref title or abstract"
"2025-05","数字地球与地理信息","International Journal of Digital Earth","IJDE","1753-8955","Long-term wetland mapping at 10 m resolution using super-resolution and hierarchical classification – a case study in Jianghan Plain, China","2025-05-04","published-online","10.1080/17538947.2025.2498605","https://doi.org/10.1080/17538947.2025.2498605","no","机器学习 | 遥感视觉与影像分析","classification | super-resolution","","","","","Must match at least one method_family keyword in Crossref title or abstract"
"2025-05","数字地球与地理信息","International Journal of Digital Earth","IJDE","1753-8955","Spatio-Temporal neighbors adaptive learning with two-point differences for ocean subsurface temperature reconstruction from 1960 to 2022","2025-05-05","published-online","10.1080/17538947.2025.2500525","https://doi.org/10.1080/17538947.2025.2500525","no","时序与时空建模","spatio-temporal","","","","","Must match at least one method_family keyword in Crossref title or abstract"
"2025-05","数字地球与地理信息","International Journal of Digital Earth","IJDE","1753-8955","Monitoring and analysis of land cover changes in Yala National Park, Sri Lanka using Landsat time series (2000∼2022)","2025-05-06","published-online","10.1080/17538947.2025.2498602","https://doi.org/10.1080/17538947.2025.2498602","no","时序与时空建模","time series","遥感与地球观测数据 | 基础地理与城市数据库","Landsat | land cover","","","Must match at least one method_family keyword in Crossref title or abstract"
"2025-05","数字地球与地理信息","International Journal of Digital Earth","IJDE","1753-8955","Investigating snow cover duration changes based on a cloud-free snow cover product developed using a spatiotemporal cloud removal method for Northeast China","2025-05-07","published-online","10.1080/17538947.2025.2497520","https://doi.org/10.1080/17538947.2025.2497520","no","时序与时空建模","spatiotemporal","","","","","Must match at least one method_family keyword in Crossref title or abstract"
"2025-05","数字地球与地理信息","International Journal of Digital Earth","IJDE","1753-8955","Adversarial learning network for multi-source change detection in built-up areas: integrating VHR RGB and multispectral imagery","2025-05-14","published-online","10.1080/17538947.2025.2503443","https://doi.org/10.1080/17538947.2025.2503443","no","时序与时空建模","change detection","遥感与地球观测数据","multispectral","","","Must match at least one method_family keyword in Crossref title or abstract"
"2025-05","数字地球与地理信息","International Journal of Digital Earth","IJDE","1753-8955","Time series changes and influencing factors of fractional vegetation coverage under weed competition in wheat field ecosystems through remote sensing","2025-05-14","published-online","10.1080/17538947.2025.2504134","https://doi.org/10.1080/17538947.2025.2504134","no","时序与时空建模","time series","遥感与地球观测数据","remote sensing","","","Must match at least one method_family keyword in Crossref title or abstract"
"2025-05","数字地球与地理信息","International Journal of Digital Earth","IJDE","1753-8955","A simplification method for large-scale urban point clouds considering diversity of terrain object features","2025-05-19","published-online","10.1080/17538947.2025.2505993","https://doi.org/10.1080/17538947.2025.2505993","no","遥感视觉与影像分析","point cloud","","","","","Must match at least one method_family keyword in Crossref title or abstract"
"2025-05","数字地球与地理信息","International Journal of Digital Earth","IJDE","1753-8955","Multi-scale eddy identification and analysis based on deep learning method and ocean color data","2025-05-19","published-online","10.1080/17538947.2025.2505624","https://doi.org/10.1080/17538947.2025.2505624","no","深度学习与神经网络","deep learning","","","","","Must match at least one method_family keyword in Crossref title or abstract"
"2025-05","数字地球与地理信息","International Journal of Digital Earth","IJDE","1753-8955","Integrating optimal terrain representations from public DEMs using spaceborne LiDAR","2025-05-21","published-online","10.1080/17538947.2025.2505631","https://doi.org/10.1080/17538947.2025.2505631","no","遥感视觉与影像分析","LiDAR","遥感与地球观测数据","LiDAR","","","Must match at least one method_family keyword in Crossref title or abstract"
"2025-05","数字地球与地理信息","International Journal of Digital Earth","IJDE","1753-8955","A multi-scale enhanced feature fusion model for aircraft detection from SAR images","2025-05-22","published-online","10.1080/17538947.2025.2507842","https://doi.org/10.1080/17538947.2025.2507842","no","遥感视觉与影像分析","SAR","遥感与地球观测数据","SAR","","","Must match at least one method_family keyword in Crossref title or abstract"
"2025-05","数字地球与地理信息","International Journal of Digital Earth","IJDE","1753-8955","Geological disaster risk assessment based on remote sensing, GIS, and a multi-strategy improved GWO-optimized Elman neural network","2025-05-23","published-online","10.1080/17538947.2025.2496793","https://doi.org/10.1080/17538947.2025.2496793","no","深度学习与神经网络","neural network","遥感与地球观测数据","remote sensing","环境监测与灾害风险","disaster","Must match at least one method_family keyword in Crossref title or abstract"
"2025-05","数字地球与地理信息","International Journal of Digital Earth","IJDE","1753-8955","Quantifying global vegetation recovery speed in response to extreme drought using multi-dimensional spatiotemporal data","2025-05-25","published-online","10.1080/17538947.2025.2507195","https://doi.org/10.1080/17538947.2025.2507195","no","时序与时空建模","spatiotemporal","","","","","Must match at least one method_family keyword in Crossref title or abstract"
"2025-05","数字地球与地理信息","International Journal of Digital Earth","IJDE","1753-8955","A question-answering framework for geospatial data retrieval enhanced by a knowledge graph and large language models","2025-05-26","published-online","10.1080/17538947.2025.2510566","https://doi.org/10.1080/17538947.2025.2510566","no","GeoAI 与基础模型 | 图模型与网络方法","large language model | graph | knowledge graph","","","","","Must match at least one method_family keyword in Crossref title or abstract"
"2025-05","数字地球与地理信息","International Journal of Digital Earth","IJDE","1753-8955","Chain-of-programming (CoP): empowering large language models for geospatial code generation task","2025-05-27","published-online","10.1080/17538947.2025.2509812","https://doi.org/10.1080/17538947.2025.2509812","no","GeoAI 与基础模型","large language model","","","","","Must match at least one method_family keyword in Crossref title or abstract"
"2025-05","数字地球与地理信息","International Journal of Digital Earth","IJDE","1753-8955","MSHRNet: a multi-scale high-resolution network for land cover classification from high spatial resolution remote sensing images","2025-05-27","published-online","10.1080/17538947.2025.2509090","https://doi.org/10.1080/17538947.2025.2509090","no","机器学习","classification","遥感与地球观测数据 | 基础地理与城市数据库","remote sensing | land cover","","","Must match at least one method_family keyword in Crossref title or abstract"
"2025-05","数字地球与地理信息","International Journal of Digital Earth","IJDE","1753-8955","Mapping the distribution of pine wilt disease based on selected machine learning algorithms and high-resolution Gaofen-2/7 remote sensing","2025-05-28","published-online","10.1080/17538947.2025.2509841","https://doi.org/10.1080/17538947.2025.2509841","no","机器学习","machine learning","遥感与地球观测数据","remote sensing","","","Must match at least one method_family keyword in Crossref title or abstract"
"2025-05","数字地球与地理信息","International Journal of Digital Earth","IJDE","1753-8955","Spatiotemporal coupling mechanisms and driving forces of ecosystem services and human activity from a multidimensional perspective","2025-05-29","published-online","10.1080/17538947.2025.2512061","https://doi.org/10.1080/17538947.2025.2512061","no","时序与时空建模","spatiotemporal","","","","","Must match at least one method_family keyword in Crossref title or abstract"
"2025-05","地理信息科学","International Journal of Geographical Information Science","IJGIS","1365-8816","Smart Beestricts: improving the spatial resolution of air-quality data in Madrid through transfer learning","2025-05-05","published-online","10.1080/13658816.2025.2491718","https://doi.org/10.1080/13658816.2025.2491718","no","GeoAI 与基础模型","transfer learning","","","","","Must match at least one method_family keyword in Crossref title or abstract"
"2025-05","地理信息科学","International Journal of Geographical Information Science","IJGIS","1365-8816","A knowledge graph-based approach for recognizing older adults’ behavior in urban parks","2025-05-08","published-online","10.1080/13658816.2025.2499084","https://doi.org/10.1080/13658816.2025.2499084","no","图模型与网络方法","graph | knowledge graph","","","","","Must match at least one method_family keyword in Crossref title or abstract"
"2025-05","地理信息科学","International Journal of Geographical Information Science","IJGIS","1365-8816","A geographic evolutionary framework with multi-task optimization of automatic hyperparameter tuning for spatially stratified machine learning models","2025-05-14","published-online","10.1080/13658816.2025.2502769","https://doi.org/10.1080/13658816.2025.2502769","no","机器学习 | 仿真、优化与强化学习","machine learning | optimization","","","","","Must match at least one method_family keyword in Crossref title or abstract"
"2025-05","地理信息科学","International Journal of Geographical Information Science","IJGIS","1365-8816","Exploring the integration of auxiliary modal information from remote sensing images for DEM super-resolution","2025-05-16","published-online","10.1080/13658816.2025.2506123","https://doi.org/10.1080/13658816.2025.2506123","no","遥感视觉与影像分析","super-resolution","遥感与地球观测数据 | 基础地理与城市数据库","remote sensing | DEM","","","Must match at least one method_family keyword in Crossref title or abstract"
"2025-05","地理信息科学","International Journal of Geographical Information Science","IJGIS","1365-8816","SPOK: tokenizing geographic space for enhanced spatial reasoning in GeoAI","2025-05-16","published-online","10.1080/13658816.2025.2497810","https://doi.org/10.1080/13658816.2025.2497810","no","GeoAI 与基础模型","GeoAI","","","","","Must match at least one method_family keyword in Crossref title or abstract"
"2025-05","地理信息科学","International Journal of Geographical Information Science","IJGIS","1365-8816","LandGPT: a multimodal large language model for parcel-level land use classification with multi-source data","2025-05-20","published-online","10.1080/13658816.2025.2506533","https://doi.org/10.1080/13658816.2025.2506533","no","GeoAI 与基础模型 | 机器学习","large language model | classification","基础地理与城市数据库","parcel | land use","","","Must match at least one method_family keyword in Crossref title or abstract"
"2025-05","地理信息科学","International Journal of Geographical Information Science","IJGIS","1365-8816","Learning dynamic relational heterogeneity for spatiotemporal prediction with geographical meta-knowledge","2025-05-20","published-online","10.1080/13658816.2025.2506528","https://doi.org/10.1080/13658816.2025.2506528","no","时序与时空建模","spatiotemporal","","","","","Must match at least one method_family keyword in Crossref title or abstract"
"2025-05","地理信息科学","International Journal of Geographical Information Science","IJGIS","1365-8816","CartoAgent: a multimodal large language model-powered multi-agent cartographic framework for map style transfer and evaluation","2025-05-26","published-online","10.1080/13658816.2025.2507844","https://doi.org/10.1080/13658816.2025.2507844","no","GeoAI 与基础模型","large language model","","","","","Must match at least one method_family keyword in Crossref title or abstract"
"2025-05","地理信息科学","International Journal of Geographical Information Science","IJGIS","1365-8816","Enhancing drive-by sensing power in urban hotspots through multi-objective vehicle selection optimization","2025-05-28","published-online","10.1080/13658816.2025.2507232","https://doi.org/10.1080/13658816.2025.2507232","no","仿真、优化与强化学习","optimization","","","","","Must match at least one method_family keyword in Crossref title or abstract"
"2025-05","地理信息科学","ISPRS International Journal of Geo-Information","IJGI","2220-9964","Heterogeneity Analysis of Resident Demands and Public Service Facilities in Megacities of China from the Perspective of Urban Health Examination","2025-05-01","created-proxy","10.3390/ijgi14050188","https://doi.org/10.3390/ijgi14050188","yes","图模型与网络方法 | 仿真、优化与强化学习","road network | optimization","街景、社交感知与众包数据 | 基础地理与城市数据库","POI | road network","空间尺度、依赖与异质性 | 城市、区域与空间结构","spatial heterogeneity | city","Must match at least one method_family keyword in Crossref title or abstract"
"2025-05","地理信息科学","ISPRS International Journal of Geo-Information","IJGI","2220-9964","Pattern Recognition in Urban Maps Based on Graph Structures","2025-05-01","created-proxy","10.3390/ijgi14050191","https://doi.org/10.3390/ijgi14050191","yes","机器学习 | 深度学习与神经网络 | 图模型与网络方法","machine learning | classification | deep learning | graph | road network","基础地理与城市数据库","road network","","","Must match at least one method_family keyword in Crossref title or abstract"
"2025-05","地理信息科学","ISPRS International Journal of Geo-Information","IJGI","2220-9964","Spatiotemporal Distribution and Evolution of Global World Cultural Heritage, 1972–2024","2025-05-01","created-proxy","10.3390/ijgi14050190","https://doi.org/10.3390/ijgi14050190","yes","空间统计与空间计量 | 时序与时空建模","geographically weighted regression | GWR | MGWR | spatiotemporal","","","环境监测与灾害风险","climate","Must match at least one method_family keyword in Crossref title or abstract"
"2025-05","地理信息科学","ISPRS International Journal of Geo-Information","IJGI","2220-9964","Spatiotemporal Typhoon Damage Assessment: A Multi-Task Learning Method for Location Extraction and Damage Identification from Social Media Texts","2025-05-01","created-proxy","10.3390/ijgi14050189","https://doi.org/10.3390/ijgi14050189","yes","机器学习 | 深度学习与神经网络 | 时序与时空建模","classification | deep learning | spatiotemporal","街景、社交感知与众包数据","social media","环境监测与灾害风险","disaster","Must match at least one method_family keyword in Crossref title or abstract"
"2025-05","地理信息科学","ISPRS International Journal of Geo-Information","IJGI","2220-9964","Trajectory- and Friendship-Aware Graph Neural Network with Transformer for Next POI Recommendation","2025-05-03","published-online","10.3390/ijgi14050192","https://doi.org/10.3390/ijgi14050192","yes","深度学习与神经网络 | 图模型与网络方法","neural network | transformer | attention mechanism | graph | graph neural network | graph convolutional network","街景、社交感知与众包数据 | 轨迹与移动性数据","check-in | POI | trajectory","城市、区域与空间结构","neighborhood","Must match at least one method_family keyword in Crossref title or abstract"
"2025-05","地理信息科学","ISPRS International Journal of Geo-Information","IJGI","2220-9964","Leveraging Principal Component Analysis for Data-Driven and Objective Weight Assignment in Spatial Decision-Making Framework for Qanat-Induced Subsidence Susceptibility Assessment in Railway Networks","2025-05-06","published-online","10.3390/ijgi14050195","https://doi.org/10.3390/ijgi14050195","yes","机器学习","machine learning","","","城市、区域与空间结构","city","Must match at least one method_family keyword in Crossref title or abstract"
"2025-05","地理信息科学","ISPRS International Journal of Geo-Information","IJGI","2220-9964","Contrastive Learning with Image Deformation and Refined NT-Xent Loss for Urban Morphology Discovery","2025-05-08","published-online","10.3390/ijgi14050196","https://doi.org/10.3390/ijgi14050196","yes","GeoAI 与基础模型 | 机器学习 | 深度学习与神经网络 | 仿真、优化与强化学习","contrastive learning | supervised learning | unsupervised learning | neural network | optimization","","","城市、区域与空间结构","city | urban form","Must match at least one method_family keyword in Crossref title or abstract"
"2025-05","地理信息科学","ISPRS International Journal of Geo-Information","IJGI","2220-9964","Evacuation Behavioural Instructions with 3D Motions: Insights from Three Use Cases","2025-05-08","published-online","10.3390/ijgi14050197","https://doi.org/10.3390/ijgi14050197","yes","仿真、优化与强化学习","agent-based model | simulation","","","","","Must match at least one method_family keyword in Crossref title or abstract"
"2025-05","地理信息科学","ISPRS International Journal of Geo-Information","IJGI","2220-9964","Geometry and Topology Correction of 3D Building Models with Fragmented and Disconnected Components","2025-05-09","published-online","10.3390/ijgi14050198","https://doi.org/10.3390/ijgi14050198","yes","机器学习 | 图模型与网络方法","clustering | graph","","","","","Must match at least one method_family keyword in Crossref title or abstract"
"2025-05","地理信息科学","ISPRS International Journal of Geo-Information","IJGI","2220-9964","Urban Street Network Configuration and Property Crime: An Empirical Multivariate Case Study","2025-05-12","published-online","10.3390/ijgi14050200","https://doi.org/10.3390/ijgi14050200","yes","空间统计与空间计量 | 遥感视觉与影像分析","GWR | SAR","遥感与地球观测数据","SAR","空间尺度、依赖与异质性 | 城市、区域与空间结构","spatial dependence | neighborhood","Must match at least one method_family keyword in Crossref title or abstract"
"2025-05","地理信息科学","ISPRS International Journal of Geo-Information","IJGI","2220-9964","Automatic Elevation Contour Vectorization: A Case Study in a Deep Learning Approach","2025-05-14","published-online","10.3390/ijgi14050201","https://doi.org/10.3390/ijgi14050201","yes","深度学习与神经网络","deep learning | neural network | convolutional neural network | U-Net","","","","","Must match at least one method_family keyword in Crossref title or abstract"
"2025-05","地理信息科学","ISPRS International Journal of Geo-Information","IJGI","2220-9964","Spatio-Temporal Paths and Influencing Factors of Residential Mobility in Guangzhou: A Micro-Level Perspective of Newly Employed College Graduates","2025-05-14","published-online","10.3390/ijgi14050202","https://doi.org/10.3390/ijgi14050202","yes","时序与时空建模","spatio-temporal","","","","","Must match at least one method_family keyword in Crossref title or abstract"
"2025-05","地理信息科学","ISPRS International Journal of Geo-Information","IJGI","2220-9964","A Natural Language-Based Automatic Identification System Trajectory Query Approach Using Large Language Models","2025-05-16","published-online","10.3390/ijgi14050204","https://doi.org/10.3390/ijgi14050204","yes","GeoAI 与基础模型","large language model","轨迹与移动性数据","trajectory","","","Must match at least one method_family keyword in Crossref title or abstract"
"2025-05","地理信息科学","ISPRS International Journal of Geo-Information","IJGI","2220-9964","Grid Partition-Based Dynamic Spatial–Temporal Graph Convolutional Network for Large-Scale Traffic Flow Forecasting","2025-05-19","published-online","10.3390/ijgi14050207","https://doi.org/10.3390/ijgi14050207","yes","图模型与网络方法 | 时序与时空建模 | 空间交互与移动性模型","graph | graph convolutional network | forecasting | flow prediction","","","城市、区域与空间结构","city","Must match at least one method_family keyword in Crossref title or abstract"
"2025-05","地理信息科学","ISPRS International Journal of Geo-Information","IJGI","2220-9964","Comprehensive Assessment and Obstacle Factor Recognition of Waterlogging Disaster Resilience in the Historic Urban Area","2025-05-23","published-online","10.3390/ijgi14060208","https://doi.org/10.3390/ijgi14060208","yes","仿真、优化与强化学习","optimization","","","城市、区域与空间结构 | 环境监测与灾害风险","city | disaster | climate","Must match at least one method_family keyword in Crossref title or abstract"
"2025-05","地理信息科学","ISPRS International Journal of Geo-Information","IJGI","2220-9964","Synergistic Mechanisms Between Elderly Oriented Community Activity Space Morphology and Microclimate Performance: An Integrated Learning and Multi-Objective Optimization Approach","2025-05-28","published-online","10.3390/ijgi14060211","https://doi.org/10.3390/ijgi14060211","yes","机器学习 | 仿真、优化与强化学习","machine learning | ensemble learning | optimization","","","","","Must match at least one method_family keyword in Crossref title or abstract"
"2025-05","地理信息科学","ISPRS International Journal of Geo-Information","IJGI","2220-9964","Flow-Based Community Search Approach for Functionally Cohesive Building Group Recognition: A Case Study on Commercial Complexes","2025-05-29","published-online","10.3390/ijgi14060213","https://doi.org/10.3390/ijgi14060213","yes","图模型与网络方法","graph","","","城市、区域与空间结构","smart city | city","Must match at least one method_family keyword in Crossref title or abstract"
"2025-05","地理信息科学","ISPRS International Journal of Geo-Information","IJGI","2220-9964","GeoFAN: Point Pattern Recognition in Spatial Vector Data","2025-05-29","published-online","10.3390/ijgi14060214","https://doi.org/10.3390/ijgi14060214","yes","机器学习 | 图模型与网络方法","machine learning | clustering | graph","","","空间尺度、依赖与异质性","adjacency","Must match at least one method_family keyword in Crossref title or abstract"
"2025-05","地理信息科学","ISPRS International Journal of Geo-Information","IJGI","2220-9964","Topology-Aware Multi-View Street Scene Image Matching for Cross-Daylight Conditions Integrating Geometric Constraints and Semantic Consistency","2025-05-29","published-online","10.3390/ijgi14060212","https://doi.org/10.3390/ijgi14060212","yes","GeoAI 与基础模型 | 机器学习 | 深度学习与神经网络 | 图模型与网络方法","self-supervised learning | supervised learning | deep learning | neural network | attention mechanism | graph | graph neural network","遥感与地球观测数据","remote sensing","城市、区域与空间结构","city","Must match at least one method_family keyword in Crossref title or abstract"
"2025-05","地理信息科学","ISPRS International Journal of Geo-Information","IJGI","2220-9964","Exploring the Application of NeRF in Enhancing Post-Disaster Response: A Case Study of the Sasebo Landslide in Japan","2025-05-30","published-online","10.3390/ijgi14060218","https://doi.org/10.3390/ijgi14060218","yes","遥感视觉与影像分析","photogrammetry | point cloud","遥感与地球观测数据","drone","城市、区域与空间结构 | 环境监测与灾害风险","city | disaster | landslide","Must match at least one method_family keyword in Crossref title or abstract"
"2025-05","地理信息科学","ISPRS International Journal of Geo-Information","IJGI","2220-9964","Micro-Terrain Recognition Method of Transmission Lines Based on Improved UNet++","2025-05-30","published-online","10.3390/ijgi14060216","https://doi.org/10.3390/ijgi14060216","yes","遥感视觉与影像分析","semantic segmentation","基础地理与城市数据库","DEM | digital elevation model","","","Must match at least one method_family keyword in Crossref title or abstract"
"2025-05","地理信息科学","ISPRS International Journal of Geo-Information","IJGI","2220-9964","Site Selection Analysis and Prediction of New Retail Stores from an Urban Commercial Space Perspective: A Case Study of Luckin Coffee and Starbucks in Shanghai","2025-05-30","published-online","10.3390/ijgi14060217","https://doi.org/10.3390/ijgi14060217","yes","机器学习 | 仿真、优化与强化学习","random forest | optimization","","","城市、区域与空间结构","city","Must match at least one method_family keyword in Crossref title or abstract"
"2025-05","地理信息科学","ISPRS International Journal of Geo-Information","IJGI","2220-9964","Viewpoint Selection for 3D Scenes in Map Narratives","2025-05-31","published-online","10.3390/ijgi14060219","https://doi.org/10.3390/ijgi14060219","yes","仿真、优化与强化学习","optimization","","","","","Must match at least one method_family keyword in Crossref title or abstract"
"2025-05","摄影测量与遥感","ISPRS Journal of Photogrammetry and Remote Sensing","P&RS","0924-2716","3D semantic segmentation: Cluster-based sampling and proximity hashing for novel class discovery","2025-05-01","published","10.1016/j.isprsjprs.2025.03.001","https://doi.org/10.1016/j.isprsjprs.2025.03.001","no","遥感视觉与影像分析","semantic segmentation","","","","","Must match at least one method_family keyword in Crossref title or abstract"
"2025-05","摄影测量与遥感","ISPRS Journal of Photogrammetry and Remote Sensing","P&RS","0924-2716","Automated registration of forest point clouds from terrestrial and drone platforms using structural features","2025-05-01","published","10.1016/j.isprsjprs.2025.02.023","https://doi.org/10.1016/j.isprsjprs.2025.02.023","no","遥感视觉与影像分析","point cloud","遥感与地球观测数据","drone","","","Must match at least one method_family keyword in Crossref title or abstract"
"2025-05","摄影测量与遥感","ISPRS Journal of Photogrammetry and Remote Sensing","P&RS","0924-2716","Deep learning in remote sensing image matching: A survey","2025-05-01","created-proxy","10.1016/j.isprsjprs.2025.04.001","https://doi.org/10.1016/j.isprsjprs.2025.04.001","no","深度学习与神经网络","deep learning","遥感与地球观测数据","remote sensing","","","Must match at least one method_family keyword in Crossref title or abstract"
"2025-05","摄影测量与遥感","ISPRS Journal of Photogrammetry and Remote Sensing","P&RS","0924-2716","DiffSARShipInst: Diffusion model for ship instance segmentation from synthetic aperture radar imagery","2025-05-01","published","10.1016/j.isprsjprs.2025.02.030","https://doi.org/10.1016/j.isprsjprs.2025.02.030","no","遥感视觉与影像分析","instance segmentation","","","","","Must match at least one method_family keyword in Crossref title or abstract"
"2025-05","摄影测量与遥感","ISPRS Journal of Photogrammetry and Remote Sensing","P&RS","0924-2716","Editorial for special issue on “Innovations in SAR image analysis − From global mapping to high-resolution monitoring”☆","2025-05-01","published","10.1016/j.isprsjprs.2025.03.012","https://doi.org/10.1016/j.isprsjprs.2025.03.012","no","遥感视觉与影像分析","SAR","遥感与地球观测数据","SAR","","","Must match at least one method_family keyword in Crossref title or abstract"
"2025-05","摄影测量与遥感","ISPRS Journal of Photogrammetry and Remote Sensing","P&RS","0924-2716","GOOD: Towards domain generalized oriented object detection","2025-05-01","published","10.1016/j.isprsjprs.2025.02.025","https://doi.org/10.1016/j.isprsjprs.2025.02.025","no","遥感视觉与影像分析","object detection","","","","","Must match at least one method_family keyword in Crossref title or abstract"
"2025-05","摄影测量与遥感","ISPRS Journal of Photogrammetry and Remote Sensing","P&RS","0924-2716","HeteCD: Feature Consistency Alignment and difference mining for heterogeneous remote sensing image change detection","2025-05-01","published","10.1016/j.isprsjprs.2025.03.008","https://doi.org/10.1016/j.isprsjprs.2025.03.008","no","时序与时空建模","change detection","遥感与地球观测数据","remote sensing","","","Must match at least one method_family keyword in Crossref title or abstract"
"2025-05","摄影测量与遥感","ISPRS Journal of Photogrammetry and Remote Sensing","P&RS","0924-2716","Multi-frequency tomographic SAR: A novel 3-D imaging configuration for limited acquisitions","2025-05-01","published","10.1016/j.isprsjprs.2025.02.029","https://doi.org/10.1016/j.isprsjprs.2025.02.029","no","遥感视觉与影像分析","SAR","遥感与地球观测数据","SAR","","","Must match at least one method_family keyword in Crossref title or abstract"
"2025-05","摄影测量与遥感","ISPRS Journal of Photogrammetry and Remote Sensing","P&RS","0924-2716","Paved or unpaved? A deep learning derived road surface global dataset from mapillary street-view imagery","2025-05-01","published","10.1016/j.isprsjprs.2025.02.020","https://doi.org/10.1016/j.isprsjprs.2025.02.020","no","深度学习与神经网络","deep learning","","","","","Must match at least one method_family keyword in Crossref title or abstract"
"2025-05","摄影测量与遥感","ISPRS Journal of Photogrammetry and Remote Sensing","P&RS","0924-2716","Precise and efficient high-frequency trajectory estimation for LiDAR georeferencing","2025-05-01","published","10.1016/j.isprsjprs.2025.03.007","https://doi.org/10.1016/j.isprsjprs.2025.03.007","no","遥感视觉与影像分析","LiDAR","遥感与地球观测数据 | 轨迹与移动性数据","LiDAR | trajectory","","","Must match at least one method_family keyword in Crossref title or abstract"
"2025-05","摄影测量与遥感","ISPRS Journal of Photogrammetry and Remote Sensing","P&RS","0924-2716","SAR altimeter 3-D localization with combined Delay Doppler Image and spatio-temporal echo similarity","2025-05-01","published","10.1016/j.isprsjprs.2025.02.027","https://doi.org/10.1016/j.isprsjprs.2025.02.027","no","时序与时空建模 | 遥感视觉与影像分析","spatio-temporal | SAR","遥感与地球观测数据","SAR","","","Must match at least one method_family keyword in Crossref title or abstract"
"2025-05","摄影测量与遥感","ISPRS Journal of Photogrammetry and Remote Sensing","P&RS","0924-2716","SDCluster: A clustering based self-supervised pre-training method for semantic segmentation of remote sensing images","2025-05-01","published","10.1016/j.isprsjprs.2025.02.021","https://doi.org/10.1016/j.isprsjprs.2025.02.021","no","机器学习 | 遥感视觉与影像分析","clustering | semantic segmentation","遥感与地球观测数据","remote sensing","","","Must match at least one method_family keyword in Crossref title or abstract"
"2025-05","摄影测量与遥感","ISPRS Journal of Photogrammetry and Remote Sensing","P&RS","0924-2716","Semantically-Aware Contrastive Learning for multispectral remote sensing images","2025-05-01","published","10.1016/j.isprsjprs.2025.02.024","https://doi.org/10.1016/j.isprsjprs.2025.02.024","no","GeoAI 与基础模型","contrastive learning","遥感与地球观测数据","remote sensing | multispectral","","","Must match at least one method_family keyword in Crossref title or abstract"
"2025-05","摄影测量与遥感","ISPRS Journal of Photogrammetry and Remote Sensing","P&RS","0924-2716","Toward Automated and Comprehensive Walkability Audits with Street View Images: Leveraging Virtual Reality for Enhanced Semantic Segmentation","2025-05-01","published","10.1016/j.isprsjprs.2025.02.015","https://doi.org/10.1016/j.isprsjprs.2025.02.015","no","遥感视觉与影像分析","semantic segmentation","街景、社交感知与众包数据","street view","","","Must match at least one method_family keyword in Crossref title or abstract"
"2025-05","摄影测量与遥感","ISPRS Journal of Photogrammetry and Remote Sensing","P&RS","0924-2716","Annual winter wheat mapping for unveiling spatiotemporal patterns in China with a knowledge-guided approach and multi-source datasets","2025-05-02","created-proxy","10.1016/j.isprsjprs.2025.04.031","https://doi.org/10.1016/j.isprsjprs.2025.04.031","no","时序与时空建模","spatiotemporal","","","","","Must match at least one method_family keyword in Crossref title or abstract"
"2025-05","摄影测量与遥感","ISPRS Journal of Photogrammetry and Remote Sensing","P&RS","0924-2716","Estimation of surface all-wave net radiation from MODIS data using deep residual neural network based on limited samples","2025-05-02","created-proxy","10.1016/j.isprsjprs.2025.04.035","https://doi.org/10.1016/j.isprsjprs.2025.04.035","no","深度学习与神经网络","neural network","遥感与地球观测数据","MODIS","","","Must match at least one method_family keyword in Crossref title or abstract"
"2025-05","摄影测量与遥感","ISPRS Journal of Photogrammetry and Remote Sensing","P&RS","0924-2716","MT_GAN: A SAR-to-optical image translation method for cloud removal","2025-05-03","created-proxy","10.1016/j.isprsjprs.2025.04.011","https://doi.org/10.1016/j.isprsjprs.2025.04.011","no","遥感视觉与影像分析","SAR","遥感与地球观测数据","SAR","","","Must match at least one method_family keyword in Crossref title or abstract"
"2025-05","摄影测量与遥感","ISPRS Journal of Photogrammetry and Remote Sensing","P&RS","0924-2716","BGSNet: A boundary-guided Siamese multitask network for semantic change detection from high-resolution remote sensing images","2025-05-05","created-proxy","10.1016/j.isprsjprs.2025.04.030","https://doi.org/10.1016/j.isprsjprs.2025.04.030","no","时序与时空建模","change detection","遥感与地球观测数据","remote sensing","","","Must match at least one method_family keyword in Crossref title or abstract"
"2025-05","摄影测量与遥感","ISPRS Journal of Photogrammetry and Remote Sensing","P&RS","0924-2716","Open-vocabulary generative vision-language models for creating a large-scale remote sensing change detection dataset","2025-05-06","created-proxy","10.1016/j.isprsjprs.2025.04.023","https://doi.org/10.1016/j.isprsjprs.2025.04.023","no","GeoAI 与基础模型 | 时序与时空建模","vision-language model | change detection","遥感与地球观测数据","remote sensing","","","Must match at least one method_family keyword in Crossref title or abstract"
"2025-05","摄影测量与遥感","ISPRS Journal of Photogrammetry and Remote Sensing","P&RS","0924-2716","A vision-language foundation model-based multi-modal retrieval-augmented generation framework for remote sensing lithological recognition","2025-05-09","created-proxy","10.1016/j.isprsjprs.2025.04.015","https://doi.org/10.1016/j.isprsjprs.2025.04.015","no","GeoAI 与基础模型","foundation model","遥感与地球观测数据","remote sensing","","","Must match at least one method_family keyword in Crossref title or abstract"
"2025-05","摄影测量与遥感","ISPRS Journal of Photogrammetry and Remote Sensing","P&RS","0924-2716","Continuous flood monitoring using on-demand SAR data acquired with different geometries: Methodology and test on COSMO-SkyMed images","2025-05-09","created-proxy","10.1016/j.isprsjprs.2025.04.036","https://doi.org/10.1016/j.isprsjprs.2025.04.036","no","遥感视觉与影像分析","SAR","遥感与地球观测数据 | 基础地理与城市数据库","SAR | OSM","环境监测与灾害风险","flood","Must match at least one method_family keyword in Crossref title or abstract"
"2025-05","摄影测量与遥感","ISPRS Journal of Photogrammetry and Remote Sensing","P&RS","0924-2716","Deep learning-based bathymetry retrieval without in-situ depths using remote sensing imagery and SfM-MVS DSMs with data gaps","2025-05-09","created-proxy","10.1016/j.isprsjprs.2025.04.020","https://doi.org/10.1016/j.isprsjprs.2025.04.020","no","深度学习与神经网络","deep learning","遥感与地球观测数据","remote sensing","","","Must match at least one method_family keyword in Crossref title or abstract"
"2025-05","摄影测量与遥感","ISPRS Journal of Photogrammetry and Remote Sensing","P&RS","0924-2716","FarmSeg_VLM: A farmland remote sensing image segmentation method considering vision-language alignment","2025-05-13","created-proxy","10.1016/j.isprsjprs.2025.05.010","https://doi.org/10.1016/j.isprsjprs.2025.05.010","no","遥感视觉与影像分析","image segmentation","遥感与地球观测数据","remote sensing","","","Must match at least one method_family keyword in Crossref title or abstract"
"2025-05","摄影测量与遥感","ISPRS Journal of Photogrammetry and Remote Sensing","P&RS","0924-2716","A light use efficiency principle guided framework for detecting underground natural gas micro-leakage in multi-crop rotation area using hyperspectral imagery","2025-05-14","created-proxy","10.1016/j.isprsjprs.2025.04.037","https://doi.org/10.1016/j.isprsjprs.2025.04.037","no","遥感视觉与影像分析","hyperspectral","遥感与地球观测数据","hyperspectral","","","Must match at least one method_family keyword in Crossref title or abstract"
"2025-05","摄影测量与遥感","ISPRS Journal of Photogrammetry and Remote Sensing","P&RS","0924-2716","Combining optical and SAR satellite data to monitor coastline changes in the Black Sea","2025-05-15","created-proxy","10.1016/j.isprsjprs.2025.05.003","https://doi.org/10.1016/j.isprsjprs.2025.05.003","no","遥感视觉与影像分析","SAR","遥感与地球观测数据","SAR","","","Must match at least one method_family keyword in Crossref title or abstract"
"2025-05","摄影测量与遥感","ISPRS Journal of Photogrammetry and Remote Sensing","P&RS","0924-2716","Multimodal large language model for wheat breeding: A new exploration of smart breeding","2025-05-15","created-proxy","10.1016/j.isprsjprs.2025.03.027","https://doi.org/10.1016/j.isprsjprs.2025.03.027","no","GeoAI 与基础模型","large language model","","","","","Must match at least one method_family keyword in Crossref title or abstract"
"2025-05","摄影测量与遥感","ISPRS Journal of Photogrammetry and Remote Sensing","P&RS","0924-2716","Pose-graph optimization for efficient tie-point matching and 3D scene reconstruction from oblique UAV images","2025-05-15","created-proxy","10.1016/j.isprsjprs.2025.04.013","https://doi.org/10.1016/j.isprsjprs.2025.04.013","no","图模型与网络方法 | 仿真、优化与强化学习","graph | optimization","遥感与地球观测数据","UAV","","","Must match at least one method_family keyword in Crossref title or abstract"
"2025-05","摄影测量与遥感","ISPRS Journal of Photogrammetry and Remote Sensing","P&RS","0924-2716","Cloud removal with optical and SAR imagery via multimodal similarity attention","2025-05-16","created-proxy","10.1016/j.isprsjprs.2025.05.004","https://doi.org/10.1016/j.isprsjprs.2025.05.004","no","遥感视觉与影像分析","SAR","遥感与地球观测数据","SAR","","","Must match at least one method_family keyword in Crossref title or abstract"
"2025-05","摄影测量与遥感","ISPRS Journal of Photogrammetry and Remote Sensing","P&RS","0924-2716","Identify and track white flower and leaf phenology of deciduous broadleaf trees in spring with time series PlanetScope images","2025-05-19","created-proxy","10.1016/j.isprsjprs.2025.05.013","https://doi.org/10.1016/j.isprsjprs.2025.05.013","no","时序与时空建模","time series","","","","","Must match at least one method_family keyword in Crossref title or abstract"
"2025-05","摄影测量与遥感","ISPRS Journal of Photogrammetry and Remote Sensing","P&RS","0924-2716","RSTeller: Scaling up visual language modeling in remote sensing with rich linguistic semantics from openly available data and large language models","2025-05-21","created-proxy","10.1016/j.isprsjprs.2025.05.002","https://doi.org/10.1016/j.isprsjprs.2025.05.002","no","GeoAI 与基础模型","large language model","遥感与地球观测数据","remote sensing","","","Must match at least one method_family keyword in Crossref title or abstract"
"2025-05","摄影测量与遥感","ISPRS Journal of Photogrammetry and Remote Sensing","P&RS","0924-2716","ProFiT: A prompt-guided frequency-aware filtering and template-enhanced interaction framework for hyperspectral video tracking","2025-05-22","created-proxy","10.1016/j.isprsjprs.2025.05.008","https://doi.org/10.1016/j.isprsjprs.2025.05.008","no","遥感视觉与影像分析","hyperspectral","遥感与地球观测数据","hyperspectral","","","Must match at least one method_family keyword in Crossref title or abstract"
"2025-05","摄影测量与遥感","ISPRS Journal of Photogrammetry and Remote Sensing","P&RS","0924-2716","Deep learning and machine learning enable broad-scale woodland height, cover, and biomass mapping","2025-05-23","created-proxy","10.1016/j.isprsjprs.2025.05.016","https://doi.org/10.1016/j.isprsjprs.2025.05.016","no","机器学习 | 深度学习与神经网络","machine learning | deep learning","","","","","Must match at least one method_family keyword in Crossref title or abstract"
"2025-05","摄影测量与遥感","ISPRS Journal of Photogrammetry and Remote Sensing","P&RS","0924-2716","Aboveground biomass mapping of Canada with SAR and optical satellite observations aided by active learning","2025-05-24","created-proxy","10.1016/j.isprsjprs.2025.05.022","https://doi.org/10.1016/j.isprsjprs.2025.05.022","no","遥感视觉与影像分析","SAR","遥感与地球观测数据","SAR","","","Must match at least one method_family keyword in Crossref title or abstract"
"2025-05","摄影测量与遥感","ISPRS Journal of Photogrammetry and Remote Sensing","P&RS","0924-2716","SpecDETR: A transformer-based hyperspectral point object detection network","2025-05-25","created-proxy","10.1016/j.isprsjprs.2025.05.005","https://doi.org/10.1016/j.isprsjprs.2025.05.005","no","深度学习与神经网络 | 遥感视觉与影像分析","transformer | object detection | hyperspectral","遥感与地球观测数据","hyperspectral","","","Must match at least one method_family keyword in Crossref title or abstract"
"2025-05","摄影测量与遥感","ISPRS Journal of Photogrammetry and Remote Sensing","P&RS","0924-2716","Scale-wise Bidirectional Alignment Network for referring remote sensing image segmentation","2025-05-29","created-proxy","10.1016/j.isprsjprs.2025.05.014","https://doi.org/10.1016/j.isprsjprs.2025.05.014","no","遥感视觉与影像分析","image segmentation","遥感与地球观测数据","remote sensing","","","Must match at least one method_family keyword in Crossref title or abstract"
"2025-05","摄影测量与遥感","ISPRS Journal of Photogrammetry and Remote Sensing","P&RS","0924-2716","Urban representation learning for fine-grained economic mapping: A semi-supervised graph-based approach","2025-05-29","created-proxy","10.1016/j.isprsjprs.2025.05.007","https://doi.org/10.1016/j.isprsjprs.2025.05.007","no","图模型与网络方法","graph","","","","","Must match at least one method_family keyword in Crossref title or abstract"
"2025-05","可视化与空间分析","Journal of Geovisualization and Spatial Analysis","JGSA","2509-8829","Redefining Swiss Territorial Typologies: An Unsupervised Learning Approach to the Rural–Urban Continuum","2025-05-01","published-online","10.1007/s41651-025-00226-3","https://doi.org/10.1007/s41651-025-00226-3","yes","机器学习 | 深度学习与神经网络","machine learning | supervised learning | unsupervised learning | classification | clustering | neural network","","","","","Must match at least one method_family keyword in Crossref title or abstract"
"2025-05","可视化与空间分析","Journal of Geovisualization and Spatial Analysis","JGSA","2509-8829","Graph Construction and Interactive Visualization for Virtual Tours Based on Redundant Panoramic Image Collections","2025-05-10","published-online","10.1007/s41651-025-00228-1","https://doi.org/10.1007/s41651-025-00228-1","yes","图模型与网络方法 | 遥感视觉与影像分析","graph | road network | point cloud","轨迹与移动性数据 | 基础地理与城市数据库","trajectory | road network","","","Must match at least one method_family keyword in Crossref title or abstract"
"2025-05","可视化与空间分析","Journal of Geovisualization and Spatial Analysis","JGSA","2509-8829","Correction to: Graph Construction and Interactive Visualization for Virtual Tours Based on Redundant Panoramic Image Collections","2025-05-28","published-online","10.1007/s41651-025-00229-0","https://doi.org/10.1007/s41651-025-00229-0","no","图模型与网络方法","graph","","","","","Must match at least one method_family keyword in Crossref title or abstract"
"2025-05","空间科学","Journal of Spatial Science","JSS","1836-5655","Modeling residential fire spatial risk using Markov Chain and Geographically Weighted Regression","2025-05-19","published-online","10.1080/14498596.2025.2504878","https://doi.org/10.1080/14498596.2025.2504878","no","空间统计与空间计量","geographically weighted regression","","","","","Must match at least one method_family keyword in Crossref title or abstract"
"2025-05","空间科学","Journal of Spatial Science","JSS","1836-5655","Investigating the use of deep learning-derived weighted mean temperature for GPS-PWVs estimation","2025-05-28","published-online","10.1080/14498596.2025.2506695","https://doi.org/10.1080/14498596.2025.2506695","no","深度学习与神经网络","deep learning","轨迹与移动性数据","GPS","","","Must match at least one method_family keyword in Crossref title or abstract"
"2025-05","摄影测量与遥感","PFG - Journal of Photogrammetry, Remote Sensing and Geoinformation Science","PFG","2512-2789","Trend Change Point Detection in InSAR Derived Displacement Time Series Using MALkCNN: A Deep Learning Approach","2025-05-16","published-online","10.1007/s41064-025-00342-1","https://doi.org/10.1007/s41064-025-00342-1","no","深度学习与神经网络 | 时序与时空建模","deep learning | time series","","","","","Must match at least one method_family keyword in Crossref title or abstract"
"2025-05","摄影测量与遥感","PFG - Journal of Photogrammetry, Remote Sensing and Geoinformation Science","PFG","2512-2789","Convolutional Neural Networks for Mineral Prospecting Through Alteration Mapping with Remote Sensing Data","2025-05-21","published-online","10.1007/s41064-025-00344-z","https://doi.org/10.1007/s41064-025-00344-z","yes","机器学习 | 深度学习与神经网络","machine learning | classification | support vector machine | deep learning | neural network | convolutional neural network","遥感与地球观测数据","remote sensing | Landsat","","","Must match at least one method_family keyword in Crossref title or abstract"
"2025-05","摄影测量与遥感","PFG - Journal of Photogrammetry, Remote Sensing and Geoinformation Science","PFG","2512-2789","Real-time Identification and Measurement of Transmission Lines Based On Mobile LiDAR Scanning","2025-05-22","published-online","10.1007/s41064-025-00341-2","https://doi.org/10.1007/s41064-025-00341-2","no","遥感视觉与影像分析","LiDAR","遥感与地球观测数据","LiDAR","","","Must match at least one method_family keyword in Crossref title or abstract"
"2025-05","摄影测量与遥感","Photogrammetric Engineering & Remote Sensing","PE&RS","0099-1112","Improving Crop Classification by Integrating Phenology Using Random Forests: Assessing the Role of Feature Selection","2025-05-01","published","10.14358/pers.24-00098r3","https://doi.org/10.14358/pers.24-00098r3","yes","机器学习","machine learning | classification | feature selection | random forest","遥感与地球观测数据","remote sensing | Sentinel","","","Must match at least one method_family keyword in Crossref title or abstract"
"2025-05","摄影测量与遥感","Photogrammetric Engineering & Remote Sensing","PE&RS","0099-1112","Wave Period and Direction Inversion from Marine X-band Radar Images using Spatiotemporal Feature Joint Learning","2025-05-01","published","10.14358/pers.24-00076r4","https://doi.org/10.14358/pers.24-00076r4","yes","时序与时空建模 | 仿真、优化与强化学习","spatiotemporal | simulation","","","","","Must match at least one method_family keyword in Crossref title or abstract"
"2025-05","地理信息科学","Transactions in GIS","TGIS","1467-9671","Enhancing Reverse Geocoding With Weather Data: Modeling Human Check‐In Behavior in California and New York for Smart Cities","2025-05-06","published-online","10.1111/tgis.70059","https://doi.org/10.1111/tgis.70059","yes","仿真、优化与强化学习","optimization","轨迹与移动性数据","human mobility","","","Must match at least one method_family keyword in Crossref title or abstract"
"2025-05","地理信息科学","Transactions in GIS","TGIS","1467-9671","Forecasting Global Tuberculosis Incidence Rates Using a Multi‐Variate Input, Multi‐Region, Multi‐Step Output Integrated Model: SP‐CTLA","2025-05-06","published-online","10.1111/tgis.70060","https://doi.org/10.1111/tgis.70060","yes","深度学习与神经网络 | 时序与时空建模","CNN | LSTM | transformer | forecasting","","","","","Must match at least one method_family keyword in Crossref title or abstract"
"2025-05","地理信息科学","Transactions in GIS","TGIS","1467-9671","Topological Graph Simplification Solutions to the Street Intersection Miscount Problem","2025-05-06","published-online","10.1111/tgis.70037","https://doi.org/10.1111/tgis.70037","yes","图模型与网络方法","graph | spatial graph | network analysis","","","","","Must match at least one method_family keyword in Crossref title or abstract"
"2025-05","地理信息科学","Transactions in GIS","TGIS","1467-9671","SAPC: A New Overland Flow Accumulation Algorithm With Enhanced Adaptability to Terrain Surface Variations","2025-05-08","published-online","10.1111/tgis.70054","https://doi.org/10.1111/tgis.70054","yes","仿真、优化与强化学习 | 遥感视觉与影像分析","simulation | LiDAR","遥感与地球观测数据 | 基础地理与城市数据库","LiDAR | digital elevation model","","","Must match at least one method_family keyword in Crossref title or abstract"
"2025-05","地理信息科学","Transactions in GIS","TGIS","1467-9671","Combined Multi‐Condition Generative Adversarial Network and Force‐Directed Algorithm for Generating Intelligent Residential Layout","2025-05-12","published-online","10.1111/tgis.70040","https://doi.org/10.1111/tgis.70040","yes","仿真、优化与强化学习","optimization","","","","","Must match at least one method_family keyword in Crossref title or abstract"
"2025-05","地理信息科学","Transactions in GIS","TGIS","1467-9671","Operationalizing Geographic Diversity for the Evaluation of AI ‐Generated Content","2025-05-13","published-online","10.1111/tgis.70057","https://doi.org/10.1111/tgis.70057","yes","GeoAI 与基础模型","GeoAI | foundation model | large language model","","","","","Must match at least one method_family keyword in Crossref title or abstract"
"2025-05","地理信息科学","Transactions in GIS","TGIS","1467-9671","Understanding the Organization of Public Cultural Facilities in Rural Tourism County: GIS ‐Based Analysis in Deqing County, China","2025-05-13","published-online","10.1111/tgis.70063","https://doi.org/10.1111/tgis.70063","yes","图模型与网络方法","network analysis","","","","","Must match at least one method_family keyword in Crossref title or abstract"
"2025-05","地理信息科学","Transactions in GIS","TGIS","1467-9671","The Impact of Environmental Exposure on the Health of Older Adults: A Review From the GIScience Perspective","2025-05-15","published-online","10.1111/tgis.70056","https://doi.org/10.1111/tgis.70056","yes","GeoAI 与基础模型","GeoAI","","","环境监测与灾害风险","exposure","Must match at least one method_family keyword in Crossref title or abstract"
"2025-05","地理信息科学","Transactions in GIS","TGIS","1467-9671","Geographic Entity Alignment Based a Semi‐Supervised Dual Strategy Iteration","2025-05-27","published-online","10.1111/tgis.70067","https://doi.org/10.1111/tgis.70067","yes","图模型与网络方法","knowledge graph","","","城市、区域与空间结构","neighborhood","Must match at least one method_family keyword in Crossref title or abstract"
"2025-05","地理信息科学","Transactions in GIS","TGIS","1467-9671","CFlow : A Novel High‐Order Flow Analysis Unit for Detecting Spatiotemporal Mobility Patterns Based on Origin–Destination Data","2025-05-29","published-online","10.1111/tgis.70065","https://doi.org/10.1111/tgis.70065","yes","时序与时空建模","spatiotemporal","","","","","Must match at least one method_family keyword in Crossref title or abstract"
"2025-05","地理信息科学","Transactions in GIS","TGIS","1467-9671","Threshold‐Based Approach for Disaster Mapping Using Long‐Term Multispectral Image Series","2025-05-29","published-online","10.1111/tgis.70068","https://doi.org/10.1111/tgis.70068","yes","时序与时空建模","time series | change detection","遥感与地球观测数据","remote sensing | multispectral | Sentinel | Landsat","环境监测与灾害风险","disaster | landslide","Must match at least one method_family keyword in Crossref title or abstract"
