"month","journal_category","journal","journal_short_name","issn","title","publication_date","date_basis","doi","doi_url","abstract_available","method_family_topics","method_family_keywords","data_source_topics","data_source_keywords","spatiotemporal_context_topics","spatiotemporal_context_keywords","screening_rule"
"2025-07","地理学与 GIScience","Annals of the American Association of Geographers","AAG","2469-4452","An Adaptive Spatiotemporal Sampling Method for Optimal Environmental Sensor Placement","2025-07-16","published-online","10.1080/24694452.2025.2522841","https://doi.org/10.1080/24694452.2025.2522841","no","时序与时空建模","spatiotemporal","传感器与物联网数据","sensor | environmental sensor","","","Must match at least one method_family keyword in Crossref title or abstract"
"2025-07","地理学与 GIScience","Annals of the American Association of Geographers","AAG","2469-4452","Geospatial Artificial Intelligence (GeoAI) Is Widening the Digital Divide","2025-07-21","published-online","10.1080/24694452.2025.2527316","https://doi.org/10.1080/24694452.2025.2527316","no","GeoAI 与基础模型","GeoAI | geospatial artificial intelligence","","","","","Must match at least one method_family keyword in Crossref title or abstract"
"2025-07","地理学与 GIScience","Applied Geography","APG","0143-6228","The death of neighborhood food outlets: Untangling spatial determinants of food retail environment vulnerability via interpretable machine learning","2025-07-01","created-proxy","10.1016/j.apgeog.2025.103700","https://doi.org/10.1016/j.apgeog.2025.103700","no","机器学习","machine learning","","","城市、区域与空间结构","neighborhood","Must match at least one method_family keyword in Crossref title or abstract"
"2025-07","地理学与 GIScience","Applied Geography","APG","0143-6228","The spatiotemporal evolution of digital technology innovation and multidimensional mechanism of digitalization","2025-07-01","created-proxy","10.1016/j.apgeog.2025.103714","https://doi.org/10.1016/j.apgeog.2025.103714","no","时序与时空建模","spatiotemporal","","","","","Must match at least one method_family keyword in Crossref title or abstract"
"2025-07","地理学与 GIScience","Applied Geography","APG","0143-6228","High-resolution population density mapping in urban areas using a contextualized geographically weighted neural network (CGWNN) model","2025-07-04","created-proxy","10.1016/j.apgeog.2025.103708","https://doi.org/10.1016/j.apgeog.2025.103708","no","深度学习与神经网络","neural network","","","","","Must match at least one method_family keyword in Crossref title or abstract"
"2025-07","地理学与 GIScience","Applied Geography","APG","0143-6228","Measuring spatial mismatch in education capitalization via the housing market: An empirical study based on geographically weighted regression and Geodetector","2025-07-15","created-proxy","10.1016/j.apgeog.2025.103716","https://doi.org/10.1016/j.apgeog.2025.103716","no","空间统计与空间计量","geographically weighted regression","","","","","Must match at least one method_family keyword in Crossref title or abstract"
"2025-07","地理学与 GIScience","Applied Geography","APG","0143-6228","Spatiotemporal patterns and determinants of homeownership rates in China: Evidence from 336 prefecture-level and above cities","2025-07-15","created-proxy","10.1016/j.apgeog.2025.103717","https://doi.org/10.1016/j.apgeog.2025.103717","no","时序与时空建模","spatiotemporal","","","","","Must match at least one method_family keyword in Crossref title or abstract"
"2025-07","地理学与 GIScience","Applied Geography","APG","0143-6228","Urban land-population-economy simulation model: Transitioning from 2D to multidimensional dynamics with cyclic feedback","2025-07-19","created-proxy","10.1016/j.apgeog.2025.103719","https://doi.org/10.1016/j.apgeog.2025.103719","no","仿真、优化与强化学习","simulation","","","","","Must match at least one method_family keyword in Crossref title or abstract"
"2025-07","地理学与 GIScience","Applied Geography","APG","0143-6228","Mapping spatio-temporal patterns of soundscapes in a mountain landscape","2025-07-25","created-proxy","10.1016/j.apgeog.2025.103722","https://doi.org/10.1016/j.apgeog.2025.103722","no","时序与时空建模","spatio-temporal","","","","","Must match at least one method_family keyword in Crossref title or abstract"
"2025-07","地理学与 GIScience","Applied Geography","APG","0143-6228","Exploring the nonlinear effect of population shrinkage on carbon emission intensity in Chinese counties using an interpretable XGBoost model","2025-07-30","created-proxy","10.1016/j.apgeog.2025.103734","https://doi.org/10.1016/j.apgeog.2025.103734","no","机器学习","XGBoost","","","","","Must match at least one method_family keyword in Crossref title or abstract"
"2025-07","地理学与 GIScience","Applied Geography","APG","0143-6228","Contrasting inequalities in collective residence-based and pedestrian-based urban greenery exposure with multi-sourced urban big data and deep learning","2025-07-31","created-proxy","10.1016/j.apgeog.2025.103743","https://doi.org/10.1016/j.apgeog.2025.103743","no","深度学习与神经网络","deep learning","","","环境监测与灾害风险","exposure","Must match at least one method_family keyword in Crossref title or abstract"
"2025-07","地图学与地理信息","Cartography and Geographic Information Science","CaGIS","1545-0465","MapColorAI: designing contextually relevant choropleth map color schemes using a large language model","2025-07-23","published-online","10.1080/15230406.2025.2531055","https://doi.org/10.1080/15230406.2025.2531055","no","GeoAI 与基础模型","large language model","","","","","Must match at least one method_family keyword in Crossref title or abstract"
"2025-07","计算地理与城市系统","Computers & Geosciences","C&G","0098-3004","OPTIM: A Python-based optimization framework for geophysical problems","2025-07-01","published","10.1016/j.cageo.2025.105930","https://doi.org/10.1016/j.cageo.2025.105930","no","仿真、优化与强化学习","optimization","","","","","Must match at least one method_family keyword in Crossref title or abstract"
"2025-07","计算地理与城市系统","Computers & Geosciences","C&G","0098-3004","Physics-embedded deep learning inversion for transient electromagnetic method survey data","2025-07-02","created-proxy","10.1016/j.cageo.2025.106000","https://doi.org/10.1016/j.cageo.2025.106000","no","深度学习与神经网络","deep learning","","","","","Must match at least one method_family keyword in Crossref title or abstract"
"2025-07","计算地理与城市系统","Computers & Geosciences","C&G","0098-3004","BankfullMapper: a semi-automated MATLAB tool on high-resolution digital terrain models for spatio-temporal monitoring of bankfull geometry and discharge","2025-07-05","created-proxy","10.1016/j.cageo.2025.106001","https://doi.org/10.1016/j.cageo.2025.106001","no","时序与时空建模","spatio-temporal","","","","","Must match at least one method_family keyword in Crossref title or abstract"
"2025-07","计算地理与城市系统","Computers & Geosciences","C&G","0098-3004","DAM-CGNet: Semantic segmentation-based approach for valley-bottom extraction from digital elevation models","2025-07-15","created-proxy","10.1016/j.cageo.2025.106012","https://doi.org/10.1016/j.cageo.2025.106012","no","遥感视觉与影像分析","semantic segmentation","基础地理与城市数据库","digital elevation model","","","Must match at least one method_family keyword in Crossref title or abstract"
"2025-07","计算地理与城市系统","Computers & Geosciences","C&G","0098-3004","Recognition of multiple geochemical anomalies by dual-branch convolutional neural network with adaptive feature fusion","2025-07-15","created-proxy","10.1016/j.cageo.2025.106011","https://doi.org/10.1016/j.cageo.2025.106011","no","深度学习与神经网络","neural network | convolutional neural network","","","","","Must match at least one method_family keyword in Crossref title or abstract"
"2025-07","计算地理与城市系统","Computers & Geosciences","C&G","0098-3004","Seismicity-constrained fault detection and characterization with a multitask machine learning model","2025-07-15","created-proxy","10.1016/j.cageo.2025.105999","https://doi.org/10.1016/j.cageo.2025.105999","no","机器学习","machine learning","","","","","Must match at least one method_family keyword in Crossref title or abstract"
"2025-07","计算地理与城市系统","Computers & Geosciences","C&G","0098-3004","DisperPy: A machine learning based tool to automatically pick group velocity dispersion curves from earthquakes","2025-07-16","created-proxy","10.1016/j.cageo.2025.106015","https://doi.org/10.1016/j.cageo.2025.106015","no","机器学习","machine learning","","","","","Must match at least one method_family keyword in Crossref title or abstract"
"2025-07","计算地理与城市系统","Computers & Geosciences","C&G","0098-3004","Super-resolution of 3D Micro-CT images using generative adversarial Networks: Enhancing resolution and segmentation accuracy","2025-07-30","created-proxy","10.1016/j.cageo.2025.106018","https://doi.org/10.1016/j.cageo.2025.106018","no","遥感视觉与影像分析","super-resolution","","","","","Must match at least one method_family keyword in Crossref title or abstract"
"2025-07","计算地理与城市系统","Computers, Environment and Urban Systems","CEUS","0198-9715","A planning support framework to enable smart mobility: Integrating multi-objective spatial optimization and GIS to enhance commuting efficiency","2025-07-01","published","10.1016/j.compenvurbsys.2025.102269","https://doi.org/10.1016/j.compenvurbsys.2025.102269","no","仿真、优化与强化学习","optimization","","","","","Must match at least one method_family keyword in Crossref title or abstract"
"2025-07","计算地理与城市系统","Computers, Environment and Urban Systems","CEUS","0198-9715","Analysing local spatial density of human activity with quick density clustering (QDC) algorithm","2025-07-01","published","10.1016/j.compenvurbsys.2025.102289","https://doi.org/10.1016/j.compenvurbsys.2025.102289","no","机器学习","clustering","","","","","Must match at least one method_family keyword in Crossref title or abstract"
"2025-07","计算地理与城市系统","Computers, Environment and Urban Systems","CEUS","0198-9715","From theory to deep learning: Understanding the impact of geographic context factors on traffic violations","2025-07-01","published","10.1016/j.compenvurbsys.2025.102268","https://doi.org/10.1016/j.compenvurbsys.2025.102268","no","深度学习与神经网络","deep learning","","","","","Must match at least one method_family keyword in Crossref title or abstract"
"2025-07","计算地理与城市系统","Computers, Environment and Urban Systems","CEUS","0198-9715","Modeling spatial and temporal urban environmental noise using street view imagery and machine learning","2025-07-15","created-proxy","10.1016/j.compenvurbsys.2025.102327","https://doi.org/10.1016/j.compenvurbsys.2025.102327","no","机器学习","machine learning","街景、社交感知与众包数据","street view","","","Must match at least one method_family keyword in Crossref title or abstract"
"2025-07","计算地理与城市系统","Computers, Environment and Urban Systems","CEUS","0198-9715","An agent-based model for estimating daily face-to-face contact networks in large urban systems","2025-07-17","created-proxy","10.1016/j.compenvurbsys.2025.102321","https://doi.org/10.1016/j.compenvurbsys.2025.102321","no","仿真、优化与强化学习","agent-based model","","","","","Must match at least one method_family keyword in Crossref title or abstract"
"2025-07","城市分析与空间科学","Environment and Planning B: Urban Analytics and City Science","EPB","2399-8091","Living upon networks: A heterogeneous graph neural embedding integrating waterway and street systems for urban form understanding","2025-07-06","published-online","10.1177/23998083251358527","https://doi.org/10.1177/23998083251358527","yes","GeoAI 与基础模型 | 图模型与网络方法","GeoAI | graph","","","城市、区域与空间结构","urban analytics | urban form","Must match at least one method_family keyword in Crossref title or abstract"
"2025-07","城市分析与空间科学","Environment and Planning B: Urban Analytics and City Science","EPB","2399-8091","TravelAgent: Generative agents in the built environment","2025-07-11","published-online","10.1177/23998083251360458","https://doi.org/10.1177/23998083251360458","yes","仿真、优化与强化学习","simulation","","","","","Must match at least one method_family keyword in Crossref title or abstract"
"2025-07","城市分析与空间科学","Environment and Planning B: Urban Analytics and City Science","EPB","2399-8091","Spatiotemporal analysis for travel patterns of the personal mobility using an explainable machine learning approach: A case of Seoul, South Korea","2025-07-18","published-online","10.1177/23998083251359763","https://doi.org/10.1177/23998083251359763","yes","机器学习 | 时序与时空建模","machine learning | LightGBM | spatiotemporal | temporal analysis","","","时间尺度与动态过程","temporal dynamics","Must match at least one method_family keyword in Crossref title or abstract"
"2025-07","城市分析与空间科学","Environment and Planning B: Urban Analytics and City Science","EPB","2399-8091","Perceived distance to greenery affects psychological restoration","2025-07-28","published-online","10.1177/23998083251362610","https://doi.org/10.1177/23998083251362610","yes","机器学习 | 深度学习与神经网络","machine learning | transformer","街景、社交感知与众包数据","street view","","","Must match at least one method_family keyword in Crossref title or abstract"
"2025-07","地理信息科学","Geo-spatial Information Science","GSIS","1993-5153","From knowledge graph construction to retrieval-augmented generation: a framework for comprehensive earthquake emergency support","2025-07-04","published-online","10.1080/10095020.2025.2514813","https://doi.org/10.1080/10095020.2025.2514813","no","图模型与网络方法","graph | knowledge graph","","","","","Must match at least one method_family keyword in Crossref title or abstract"
"2025-07","地理信息科学","Geo-spatial Information Science","GSIS","1993-5153","A machine learning based estimation method of beach slopes at a national scale: a case study of New Zealand","2025-07-09","published-online","10.1080/10095020.2025.2522142","https://doi.org/10.1080/10095020.2025.2522142","no","机器学习","machine learning","","","","","Must match at least one method_family keyword in Crossref title or abstract"
"2025-07","地理信息科学","Geo-spatial Information Science","GSIS","1993-5153","TDFNet: twice decoding V-Mamba-CNN Fusion features for building extraction","2025-07-11","published-online","10.1080/10095020.2025.2514812","https://doi.org/10.1080/10095020.2025.2514812","no","深度学习与神经网络","CNN","","","","","Must match at least one method_family keyword in Crossref title or abstract"
"2025-07","地理信息科学","Geo-spatial Information Science","GSIS","1993-5153","A review of SAR tomography","2025-07-15","published-online","10.1080/10095020.2025.2510365","https://doi.org/10.1080/10095020.2025.2510365","no","遥感视觉与影像分析","SAR","遥感与地球观测数据","SAR","","","Must match at least one method_family keyword in Crossref title or abstract"
"2025-07","地理信息科学","Geo-spatial Information Science","GSIS","1993-5153","Identifying the place without text annotations: an assembled neural network framework for content-based raster map retrieval with cartographical morphological pattern","2025-07-16","published-online","10.1080/10095020.2025.2522146","https://doi.org/10.1080/10095020.2025.2522146","no","深度学习与神经网络","neural network","","","","","Must match at least one method_family keyword in Crossref title or abstract"
"2025-07","地理信息科学","Geo-spatial Information Science","GSIS","1993-5153","Enhancing downwelling diffuse attenuation coefficient retrieval at 490 nm through a Neural network and water classification system","2025-07-17","published-online","10.1080/10095020.2025.2514177","https://doi.org/10.1080/10095020.2025.2514177","no","机器学习 | 深度学习与神经网络","classification | neural network","","","","","Must match at least one method_family keyword in Crossref title or abstract"
"2025-07","地理信息科学","Geo-spatial Information Science","GSIS","1993-5153","Evaluating the performance of pixel-based and object-based multidimensional clustering algorithms for automated surface water mapping","2025-07-17","published-online","10.1080/10095020.2025.2523993","https://doi.org/10.1080/10095020.2025.2523993","no","机器学习","clustering","","","","","Must match at least one method_family keyword in Crossref title or abstract"
"2025-07","地理信息科学","Geo-spatial Information Science","GSIS","1993-5153","Bi-temporal Gaussian feature dependency guided change detection in remote sensing images","2025-07-18","published-online","10.1080/10095020.2025.2508224","https://doi.org/10.1080/10095020.2025.2508224","no","时序与时空建模","change detection","遥感与地球观测数据","remote sensing","","","Must match at least one method_family keyword in Crossref title or abstract"
"2025-07","地理信息科学","Geo-spatial Information Science","GSIS","1993-5153","Hyperspectral image super-resolution via joint network with spectral-spatial strategy","2025-07-18","published-online","10.1080/10095020.2025.2522909","https://doi.org/10.1080/10095020.2025.2522909","no","遥感视觉与影像分析","super-resolution | hyperspectral","遥感与地球观测数据","hyperspectral","","","Must match at least one method_family keyword in Crossref title or abstract"
"2025-07","地理信息科学","Geo-spatial Information Science","GSIS","1993-5153","Understanding forest insect outbreak dynamics: a comparative analysis of machine learning techniques","2025-07-22","published-online","10.1080/10095020.2025.2529992","https://doi.org/10.1080/10095020.2025.2529992","no","机器学习","machine learning","","","","","Must match at least one method_family keyword in Crossref title or abstract"
"2025-07","地理信息科学","Geo-spatial Information Science","GSIS","1993-5153","An integer ambiguity clustering estimator for real-time precise point positioning","2025-07-25","published-online","10.1080/10095020.2025.2530061","https://doi.org/10.1080/10095020.2025.2530061","no","机器学习","clustering","","","","","Must match at least one method_family keyword in Crossref title or abstract"
"2025-07","地理信息科学","Geo-spatial Information Science","GSIS","1993-5153","Improving rice yield prediction with multi-modal UAV data: hyperspectral, thermal, and LiDAR integration","2025-07-25","published-online","10.1080/10095020.2025.2535524","https://doi.org/10.1080/10095020.2025.2535524","no","遥感视觉与影像分析","LiDAR | hyperspectral","遥感与地球观测数据","UAV | LiDAR | hyperspectral","","","Must match at least one method_family keyword in Crossref title or abstract"
"2025-07","地理信息科学","Geo-spatial Information Science","GSIS","1993-5153","3D reconstruction for unconstrained image collections using Gaussian Splatting with foundation model","2025-07-30","published-online","10.1080/10095020.2025.2532586","https://doi.org/10.1080/10095020.2025.2532586","no","GeoAI 与基础模型","foundation model","","","","","Must match at least one method_family keyword in Crossref title or abstract"
"2025-07","空间统计与地理分析","Geographical Analysis","GEAN","1538-4632","An Optimization Framework for Spatial Component Analysis and Its Extension to Two‐Scale Discriminant Function Analysis","2025-07-09","published-online","10.1111/gean.70018","https://doi.org/10.1111/gean.70018","yes","空间统计与空间计量 | 仿真、优化与强化学习","spatial autocorrelation | optimization | heuristic","","","","","Must match at least one method_family keyword in Crossref title or abstract"
"2025-07","空间统计与地理分析","Geographical Analysis","GEAN","1538-4632","Exploring Space‐Time Interactions in Fatal Opioid Overdoses","2025-07-19","published-online","10.1111/gean.70019","https://doi.org/10.1111/gean.70019","yes","时序与时空建模","temporal analysis","","","","","Must match at least one method_family keyword in Crossref title or abstract"
"2025-07","GeoAI 与遥感","GIScience & Remote Sensing","G&RS","1548-1603","ResWLI: a new method to retrieve water levels in coastal zones by integrating optical remote sensing and deep learning","2025-07-03","published-online","10.1080/15481603.2025.2524891","https://doi.org/10.1080/15481603.2025.2524891","no","深度学习与神经网络","deep learning","遥感与地球观测数据","remote sensing","","","Must match at least one method_family keyword in Crossref title or abstract"
"2025-07","GeoAI 与遥感","GIScience & Remote Sensing","G&RS","1548-1603","Dynamic monitoring of fine-grained ecological vulnerability in dryland urban agglomeration integrating novel remote sensing index and explainable machine learning","2025-07-06","published-online","10.1080/15481603.2025.2528302","https://doi.org/10.1080/15481603.2025.2528302","no","机器学习","machine learning","遥感与地球观测数据","remote sensing","","","Must match at least one method_family keyword in Crossref title or abstract"
"2025-07","GeoAI 与遥感","GIScience & Remote Sensing","G&RS","1548-1603","Enhanced supervised classification of seasonal pastures on the Qinghai-Tibet Plateau (1990–2020) using Landsat optimal time window","2025-07-08","published-online","10.1080/15481603.2025.2530310","https://doi.org/10.1080/15481603.2025.2530310","no","机器学习","classification","遥感与地球观测数据","Landsat","","","Must match at least one method_family keyword in Crossref title or abstract"
"2025-07","GeoAI 与遥感","GIScience & Remote Sensing","G&RS","1548-1603","Identifying climate and environmental determinants of spatial disparities in wheat production using a geospatial machine learning model","2025-07-14","published-online","10.1080/15481603.2025.2533487","https://doi.org/10.1080/15481603.2025.2533487","no","机器学习","machine learning","","","环境监测与灾害风险","climate","Must match at least one method_family keyword in Crossref title or abstract"
"2025-07","GeoAI 与遥感","GIScience & Remote Sensing","G&RS","1548-1603","SAR remote sensing for monitoring harmful algal blooms using deep learning models","2025-07-18","published-online","10.1080/15481603.2025.2524202","https://doi.org/10.1080/15481603.2025.2524202","no","深度学习与神经网络 | 遥感视觉与影像分析","deep learning | SAR","遥感与地球观测数据","remote sensing | SAR","","","Must match at least one method_family keyword in Crossref title or abstract"
"2025-07","GeoAI 与遥感","GIScience & Remote Sensing","G&RS","1548-1603","The potential of Sentinel-1 time series for large-scale assessment of maize and wheat phenology across Germany","2025-07-18","published-online","10.1080/15481603.2025.2531593","https://doi.org/10.1080/15481603.2025.2531593","no","时序与时空建模","time series","遥感与地球观测数据","Sentinel","","","Must match at least one method_family keyword in Crossref title or abstract"
"2025-07","GeoAI 与遥感","GIScience & Remote Sensing","G&RS","1548-1603","Can vegetation breakpoints in Eastern Mongolia rangeland be detected using Sentinel-1 coherence time series data?","2025-07-28","published-online","10.1080/15481603.2025.2540222","https://doi.org/10.1080/15481603.2025.2540222","no","时序与时空建模","time series","遥感与地球观测数据","Sentinel","","","Must match at least one method_family keyword in Crossref title or abstract"
"2025-07","遥感与地球观测","International Journal of Applied Earth Observation and Geoinformation","JAG","1569-8432","A flexible framework for identifying urban villages using Sentinel-2 observations and deep learning","2025-07-01","published","10.1016/j.jag.2025.104631","https://doi.org/10.1016/j.jag.2025.104631","no","深度学习与神经网络","deep learning","遥感与地球观测数据","Sentinel","","","Must match at least one method_family keyword in Crossref title or abstract"
"2025-07","遥感与地球观测","International Journal of Applied Earth Observation and Geoinformation","JAG","1569-8432","A high-resolution remote sensing land use/land cover classification method based on multi-level features adaptation of segment anything model","2025-07-01","published","10.1016/j.jag.2025.104659","https://doi.org/10.1016/j.jag.2025.104659","no","机器学习","classification","遥感与地球观测数据 | 基础地理与城市数据库","remote sensing | land use | land cover","","","Must match at least one method_family keyword in Crossref title or abstract"
"2025-07","遥感与地球观测","International Journal of Applied Earth Observation and Geoinformation","JAG","1569-8432","Attention mechanism augmented random forest model for multiple air pollutants estimation","2025-07-01","published","10.1016/j.jag.2025.104661","https://doi.org/10.1016/j.jag.2025.104661","no","机器学习 | 深度学习与神经网络","random forest | attention mechanism","","","","","Must match at least one method_family keyword in Crossref title or abstract"
"2025-07","遥感与地球观测","International Journal of Applied Earth Observation and Geoinformation","JAG","1569-8432","Automated vicarious radiometric validation of spaceborne thermal infrared sensors at non-dedicated validation sites using deep learning-based cloud filtering","2025-07-01","published","10.1016/j.jag.2025.104617","https://doi.org/10.1016/j.jag.2025.104617","no","深度学习与神经网络","deep learning","","","","","Must match at least one method_family keyword in Crossref title or abstract"
"2025-07","遥感与地球观测","International Journal of Applied Earth Observation and Geoinformation","JAG","1569-8432","Detection and mapping of Antarctic lichen using drones, multispectral cameras, and supervised deep learning","2025-07-01","published","10.1016/j.jag.2025.104577","https://doi.org/10.1016/j.jag.2025.104577","no","深度学习与神经网络","deep learning","遥感与地球观测数据","multispectral","","","Must match at least one method_family keyword in Crossref title or abstract"
"2025-07","遥感与地球观测","International Journal of Applied Earth Observation and Geoinformation","JAG","1569-8432","Detection and monitoring of Melampsora spp. Damage in multiclonal poplar plantations coupling biophysical models and Sentinel-2 time series","2025-07-01","published","10.1016/j.jag.2025.104663","https://doi.org/10.1016/j.jag.2025.104663","no","时序与时空建模","time series","遥感与地球观测数据","Sentinel","","","Must match at least one method_family keyword in Crossref title or abstract"
"2025-07","遥感与地球观测","International Journal of Applied Earth Observation and Geoinformation","JAG","1569-8432","Enhancing water scarcity resilience in Egypt through machine learning-driven phenological crop mapping and water use efficiency analysis","2025-07-01","published","10.1016/j.jag.2025.104668","https://doi.org/10.1016/j.jag.2025.104668","no","机器学习","machine learning","","","","","Must match at least one method_family keyword in Crossref title or abstract"
"2025-07","遥感与地球观测","International Journal of Applied Earth Observation and Geoinformation","JAG","1569-8432","Estimating building height using scene classification and spatial geometry","2025-07-01","published","10.1016/j.jag.2025.104675","https://doi.org/10.1016/j.jag.2025.104675","no","机器学习","classification","","","","","Must match at least one method_family keyword in Crossref title or abstract"
"2025-07","遥感与地球观测","International Journal of Applied Earth Observation and Geoinformation","JAG","1569-8432","Exploring UAV narrow-band hyperspectral indices and crop functional traits derived from radiative transfer models to detect wheat powdery mildew","2025-07-01","published","10.1016/j.jag.2025.104627","https://doi.org/10.1016/j.jag.2025.104627","no","遥感视觉与影像分析","hyperspectral","遥感与地球观测数据","UAV | hyperspectral","","","Must match at least one method_family keyword in Crossref title or abstract"
"2025-07","遥感与地球观测","International Journal of Applied Earth Observation and Geoinformation","JAG","1569-8432","Extracting individual trajectories from text by fusing large language models with diverse knowledge","2025-07-01","published","10.1016/j.jag.2025.104654","https://doi.org/10.1016/j.jag.2025.104654","no","GeoAI 与基础模型","large language model","","","","","Must match at least one method_family keyword in Crossref title or abstract"
"2025-07","遥感与地球观测","International Journal of Applied Earth Observation and Geoinformation","JAG","1569-8432","Fusion of deep neural networks and infrared wave analysis for climate pattern prediction and shifting sand hazard Assessment","2025-07-01","published","10.1016/j.jag.2025.104649","https://doi.org/10.1016/j.jag.2025.104649","no","深度学习与神经网络","neural network","","","环境监测与灾害风险","climate | hazard","Must match at least one method_family keyword in Crossref title or abstract"
"2025-07","遥感与地球观测","International Journal of Applied Earth Observation and Geoinformation","JAG","1569-8432","GCT-GF: A generative CNN-transformer for multi-modal multi-temporal gap-filling of surface water probability","2025-07-01","published","10.1016/j.jag.2025.104596","https://doi.org/10.1016/j.jag.2025.104596","no","深度学习与神经网络","CNN | transformer","","","","","Must match at least one method_family keyword in Crossref title or abstract"
"2025-07","遥感与地球观测","International Journal of Applied Earth Observation and Geoinformation","JAG","1569-8432","High-resolution surface soil moisture retrieval: A hybrid machine learning framework integrating change detection and downscaling for precision water management","2025-07-01","created-proxy","10.1016/j.jag.2025.104702","https://doi.org/10.1016/j.jag.2025.104702","no","机器学习 | 时序与时空建模","machine learning | change detection","","","","","Must match at least one method_family keyword in Crossref title or abstract"
"2025-07","遥感与地球观测","International Journal of Applied Earth Observation and Geoinformation","JAG","1569-8432","Hyperspectral and LiDAR space-borne data for assessing mountain forest volume and biomass","2025-07-01","published","10.1016/j.jag.2025.104614","https://doi.org/10.1016/j.jag.2025.104614","no","遥感视觉与影像分析","LiDAR | hyperspectral","遥感与地球观测数据","LiDAR | hyperspectral","","","Must match at least one method_family keyword in Crossref title or abstract"
"2025-07","遥感与地球观测","International Journal of Applied Earth Observation and Geoinformation","JAG","1569-8432","Integrating geostatistical methods and deep learning for enhanced 87Sr/86Sr isoscape Estimation: A case study in South Korea","2025-07-01","created-proxy","10.1016/j.jag.2025.104697","https://doi.org/10.1016/j.jag.2025.104697","no","深度学习与神经网络","deep learning","","","","","Must match at least one method_family keyword in Crossref title or abstract"
"2025-07","遥感与地球观测","International Journal of Applied Earth Observation and Geoinformation","JAG","1569-8432","Inversion of snow geophysical parameters using the VHR PAZ X-band dual polarimetric SAR data: first known experiments in the Himalayan region","2025-07-01","published","10.1016/j.jag.2025.104653","https://doi.org/10.1016/j.jag.2025.104653","no","遥感视觉与影像分析","SAR","遥感与地球观测数据","SAR","","","Must match at least one method_family keyword in Crossref title or abstract"
"2025-07","遥感与地球观测","International Journal of Applied Earth Observation and Geoinformation","JAG","1569-8432","Multi-scale feature learning for 3D semantic mapping of agricultural fields using UAV point clouds","2025-07-01","published","10.1016/j.jag.2025.104626","https://doi.org/10.1016/j.jag.2025.104626","no","遥感视觉与影像分析","point cloud","遥感与地球观测数据","UAV","","","Must match at least one method_family keyword in Crossref title or abstract"
"2025-07","遥感与地球观测","International Journal of Applied Earth Observation and Geoinformation","JAG","1569-8432","OSHFNet: A heterogeneous dual-branch dynamic fusion network of optical and SAR images for land use classification","2025-07-01","published","10.1016/j.jag.2025.104609","https://doi.org/10.1016/j.jag.2025.104609","no","机器学习 | 遥感视觉与影像分析","classification | SAR","遥感与地球观测数据 | 基础地理与城市数据库","SAR | land use","","","Must match at least one method_family keyword in Crossref title or abstract"
"2025-07","遥感与地球观测","International Journal of Applied Earth Observation and Geoinformation","JAG","1569-8432","PROSPECT-DP: A coupled leaf optical properties model for improving leaf spectra simulation in the red-edge domain by excluding the ChlF effect","2025-07-01","published","10.1016/j.jag.2025.104651","https://doi.org/10.1016/j.jag.2025.104651","no","仿真、优化与强化学习","simulation","","","","","Must match at least one method_family keyword in Crossref title or abstract"
"2025-07","遥感与地球观测","International Journal of Applied Earth Observation and Geoinformation","JAG","1569-8432","RADARSAT constellation mission compact polarisation SAR data for burned area mapping with deep learning","2025-07-01","published","10.1016/j.jag.2025.104615","https://doi.org/10.1016/j.jag.2025.104615","no","深度学习与神经网络 | 遥感视觉与影像分析","deep learning | SAR","遥感与地球观测数据","SAR","","","Must match at least one method_family keyword in Crossref title or abstract"
"2025-07","遥感与地球观测","International Journal of Applied Earth Observation and Geoinformation","JAG","1569-8432","Shoreline time series analysis through the Isoradiometric method: Bridging landscape evolution and coastal management","2025-07-01","published","10.1016/j.jag.2025.104618","https://doi.org/10.1016/j.jag.2025.104618","no","时序与时空建模","time series","","","","","Must match at least one method_family keyword in Crossref title or abstract"
"2025-07","遥感与地球观测","International Journal of Applied Earth Observation and Geoinformation","JAG","1569-8432","Spatiotemporal dynamics and key climatic influences on vegetation resilience in opencast coal mine dumps after restoration","2025-07-01","published","10.1016/j.jag.2025.104646","https://doi.org/10.1016/j.jag.2025.104646","no","时序与时空建模","spatiotemporal","","","时间尺度与动态过程","temporal dynamics","Must match at least one method_family keyword in Crossref title or abstract"
"2025-07","遥感与地球观测","International Journal of Applied Earth Observation and Geoinformation","JAG","1569-8432","Spatiotemporal patterns of the urban thermal environment and the impact of human activities in low-latitude plateau cities","2025-07-01","created-proxy","10.1016/j.jag.2025.104703","https://doi.org/10.1016/j.jag.2025.104703","no","时序与时空建模","spatiotemporal","","","","","Must match at least one method_family keyword in Crossref title or abstract"
"2025-07","遥感与地球观测","International Journal of Applied Earth Observation and Geoinformation","JAG","1569-8432","SUMMIT: A SAR foundation model with multiple auxiliary tasks enhanced intrinsic characteristics","2025-07-01","published","10.1016/j.jag.2025.104624","https://doi.org/10.1016/j.jag.2025.104624","no","GeoAI 与基础模型 | 遥感视觉与影像分析","foundation model | SAR","遥感与地球观测数据","SAR","","","Must match at least one method_family keyword in Crossref title or abstract"
"2025-07","遥感与地球观测","International Journal of Applied Earth Observation and Geoinformation","JAG","1569-8432","Training and inference Time Efficiency Assessment Framework for machine learning algorithms: A case study for hyperspectral image classification","2025-07-01","published","10.1016/j.jag.2025.104591","https://doi.org/10.1016/j.jag.2025.104591","no","机器学习 | 遥感视觉与影像分析","machine learning | classification | image classification | hyperspectral","遥感与地球观测数据","hyperspectral","","","Must match at least one method_family keyword in Crossref title or abstract"
"2025-07","遥感与地球观测","International Journal of Applied Earth Observation and Geoinformation","JAG","1569-8432","UAV-StrawFire: A visible and infrared dataset for real-time straw-fire monitoring with deep learning and image fusion","2025-07-01","published","10.1016/j.jag.2025.104586","https://doi.org/10.1016/j.jag.2025.104586","no","深度学习与神经网络 | 遥感视觉与影像分析","deep learning | image fusion","遥感与地球观测数据","UAV","","","Must match at least one method_family keyword in Crossref title or abstract"
"2025-07","遥感与地球观测","International Journal of Applied Earth Observation and Geoinformation","JAG","1569-8432","Universal patterns of intra-urban morphology: Defining a global typology of the urban fabric using unsupervised clustering","2025-07-01","published","10.1016/j.jag.2025.104610","https://doi.org/10.1016/j.jag.2025.104610","no","机器学习","clustering","","","","","Must match at least one method_family keyword in Crossref title or abstract"
"2025-07","遥感与地球观测","International Journal of Applied Earth Observation and Geoinformation","JAG","1569-8432","Validated visual features of Multi-Perspective imagery with Explainable Machine learning for detecting rural vacant courtyards in North China","2025-07-01","published","10.1016/j.jag.2025.104644","https://doi.org/10.1016/j.jag.2025.104644","no","机器学习","machine learning","","","","","Must match at least one method_family keyword in Crossref title or abstract"
"2025-07","遥感与地球观测","International Journal of Applied Earth Observation and Geoinformation","JAG","1569-8432","A unified multimodal learning method for urban functional zone identification by fusing inner-street visual–textual information from street-view and satellite images","2025-07-02","created-proxy","10.1016/j.jag.2025.104685","https://doi.org/10.1016/j.jag.2025.104685","no","GeoAI 与基础模型","multimodal learning","","","","","Must match at least one method_family keyword in Crossref title or abstract"
"2025-07","遥感与地球观测","International Journal of Applied Earth Observation and Geoinformation","JAG","1569-8432","Corrigendum to “Estimating building height using scene classification and spatial geometry” [Int. J. Appl. Earth Observ. Geoinform. 141 (2025) 104675]","2025-07-02","created-proxy","10.1016/j.jag.2025.104696","https://doi.org/10.1016/j.jag.2025.104696","no","机器学习","classification","","","","","Must match at least one method_family keyword in Crossref title or abstract"
"2025-07","遥感与地球观测","International Journal of Applied Earth Observation and Geoinformation","JAG","1569-8432","TEBS: Temperature–Emissivity–Driven band selection for thermal infrared hyperspectral image classification with structured State-Space model and gated attention","2025-07-04","created-proxy","10.1016/j.jag.2025.104710","https://doi.org/10.1016/j.jag.2025.104710","no","机器学习 | 时序与时空建模 | 遥感视觉与影像分析","classification | state-space model | image classification | hyperspectral","遥感与地球观测数据","hyperspectral","","","Must match at least one method_family keyword in Crossref title or abstract"
"2025-07","遥感与地球观测","International Journal of Applied Earth Observation and Geoinformation","JAG","1569-8432","A knowledge graph construction method based on co-occurrence for traffic entity prediction","2025-07-07","created-proxy","10.1016/j.jag.2025.104717","https://doi.org/10.1016/j.jag.2025.104717","no","图模型与网络方法","graph | knowledge graph","","","","","Must match at least one method_family keyword in Crossref title or abstract"
"2025-07","遥感与地球观测","International Journal of Applied Earth Observation and Geoinformation","JAG","1569-8432","Can tree cover extent be estimated directly from ICESat-2 spaceborne lidar data?","2025-07-07","created-proxy","10.1016/j.jag.2025.104692","https://doi.org/10.1016/j.jag.2025.104692","no","遥感视觉与影像分析","LiDAR","遥感与地球观测数据","LiDAR","","","Must match at least one method_family keyword in Crossref title or abstract"
"2025-07","遥感与地球观测","International Journal of Applied Earth Observation and Geoinformation","JAG","1569-8432","Detection of mineralogical and lithological transitions in igneous Intrusion-Limestone boundaries using close-range hyperspectral remote Sensing: A resource perspective","2025-07-07","created-proxy","10.1016/j.jag.2025.104719","https://doi.org/10.1016/j.jag.2025.104719","no","遥感视觉与影像分析","hyperspectral","遥感与地球观测数据","remote sensing | hyperspectral","","","Must match at least one method_family keyword in Crossref title or abstract"
"2025-07","遥感与地球观测","International Journal of Applied Earth Observation and Geoinformation","JAG","1569-8432","GreenNet: A dual-encoder network for urban green space classification using high-resolution remotely sensed images","2025-07-07","created-proxy","10.1016/j.jag.2025.104709","https://doi.org/10.1016/j.jag.2025.104709","no","机器学习","classification","","","","","Must match at least one method_family keyword in Crossref title or abstract"
"2025-07","遥感与地球观测","International Journal of Applied Earth Observation and Geoinformation","JAG","1569-8432","TS2GNet: A temporal–spatial–spectral multidomain guided network for classifying hyperspectral tree species using multiseason satellite imagery","2025-07-07","created-proxy","10.1016/j.jag.2025.104715","https://doi.org/10.1016/j.jag.2025.104715","no","遥感视觉与影像分析","hyperspectral","遥感与地球观测数据","satellite imagery | hyperspectral","","","Must match at least one method_family keyword in Crossref title or abstract"
"2025-07","遥感与地球观测","International Journal of Applied Earth Observation and Geoinformation","JAG","1569-8432","Alfalfa stem count estimation using remote sensing imagery and machine learning on Google Earth Engine","2025-07-15","created-proxy","10.1016/j.jag.2025.104729","https://doi.org/10.1016/j.jag.2025.104729","no","机器学习","machine learning","遥感与地球观测数据","remote sensing","","","Must match at least one method_family keyword in Crossref title or abstract"
"2025-07","遥感与地球观测","International Journal of Applied Earth Observation and Geoinformation","JAG","1569-8432","Application of deep learning for coherent pixel selection in time series InSAR for urban area and transport infrastructure monitoring","2025-07-15","created-proxy","10.1016/j.jag.2025.104718","https://doi.org/10.1016/j.jag.2025.104718","no","深度学习与神经网络 | 时序与时空建模","deep learning | time series","","","","","Must match at least one method_family keyword in Crossref title or abstract"
"2025-07","遥感与地球观测","International Journal of Applied Earth Observation and Geoinformation","JAG","1569-8432","Detection of fishery techniques (Acadja) and invasive aquatic vegetation in lake Nokoué, Benin, west-Africa, using Sentinel-1 time series data","2025-07-15","created-proxy","10.1016/j.jag.2025.104713","https://doi.org/10.1016/j.jag.2025.104713","no","时序与时空建模","time series","遥感与地球观测数据","Sentinel","","","Must match at least one method_family keyword in Crossref title or abstract"
"2025-07","遥感与地球观测","International Journal of Applied Earth Observation and Geoinformation","JAG","1569-8432","GeoGraphRAG: A graph-based retrieval-augmented generation approach for empowering large language models in automated geospatial modeling","2025-07-15","created-proxy","10.1016/j.jag.2025.104712","https://doi.org/10.1016/j.jag.2025.104712","no","GeoAI 与基础模型 | 图模型与网络方法","large language model | graph","","","","","Must match at least one method_family keyword in Crossref title or abstract"
"2025-07","遥感与地球观测","International Journal of Applied Earth Observation and Geoinformation","JAG","1569-8432","LiDGS: An efficient 3D reconstruction framework integrating lidar point clouds and multi-view images for enhanced geometric fidelity","2025-07-15","created-proxy","10.1016/j.jag.2025.104730","https://doi.org/10.1016/j.jag.2025.104730","no","遥感视觉与影像分析","point cloud | LiDAR","遥感与地球观测数据","LiDAR","","","Must match at least one method_family keyword in Crossref title or abstract"
"2025-07","遥感与地球观测","International Journal of Applied Earth Observation and Geoinformation","JAG","1569-8432","Mapping the bathymetry of coral islands with the Landsat series: Quantitative evaluation of the consistency and temporal change detection","2025-07-15","created-proxy","10.1016/j.jag.2025.104721","https://doi.org/10.1016/j.jag.2025.104721","no","时序与时空建模","change detection","遥感与地球观测数据","Landsat","","","Must match at least one method_family keyword in Crossref title or abstract"
"2025-07","遥感与地球观测","International Journal of Applied Earth Observation and Geoinformation","JAG","1569-8432","Deep learning enhanced road traffic analysis: Scalable vehicle detection and velocity estimation using PlanetScope imagery","2025-07-16","created-proxy","10.1016/j.jag.2025.104707","https://doi.org/10.1016/j.jag.2025.104707","no","深度学习与神经网络","deep learning","","","","","Must match at least one method_family keyword in Crossref title or abstract"
"2025-07","遥感与地球观测","International Journal of Applied Earth Observation and Geoinformation","JAG","1569-8432","Identifying and mapping open-boll cotton fields in the southeastern United States with time series PhenoCam, Sentinel-2 and Sentinel-1 images","2025-07-16","created-proxy","10.1016/j.jag.2025.104723","https://doi.org/10.1016/j.jag.2025.104723","no","时序与时空建模","time series","遥感与地球观测数据","Sentinel","","","Must match at least one method_family keyword in Crossref title or abstract"
"2025-07","遥感与地球观测","International Journal of Applied Earth Observation and Geoinformation","JAG","1569-8432","Trade-off between cost and performance of earth observation data in olive trees health assessment: Digital crop mapping approach using machine learning algorithms","2025-07-16","created-proxy","10.1016/j.jag.2025.104732","https://doi.org/10.1016/j.jag.2025.104732","no","机器学习","machine learning","","","","","Must match at least one method_family keyword in Crossref title or abstract"
"2025-07","遥感与地球观测","International Journal of Applied Earth Observation and Geoinformation","JAG","1569-8432","Characterizing spatio-temporal patterns of winter cropland cover in Germany based on Landsat and Sentinel-2 time series","2025-07-17","created-proxy","10.1016/j.jag.2025.104728","https://doi.org/10.1016/j.jag.2025.104728","no","时序与时空建模","spatio-temporal | time series","遥感与地球观测数据 | 基础地理与城市数据库","Sentinel | Landsat | land cover","","","Must match at least one method_family keyword in Crossref title or abstract"
"2025-07","遥感与地球观测","International Journal of Applied Earth Observation and Geoinformation","JAG","1569-8432","Monitoring paddy rice cultivation adjustments in Northeast China through time series remote sensing and deep learning","2025-07-17","created-proxy","10.1016/j.jag.2025.104739","https://doi.org/10.1016/j.jag.2025.104739","no","深度学习与神经网络 | 时序与时空建模","deep learning | time series","遥感与地球观测数据","remote sensing","","","Must match at least one method_family keyword in Crossref title or abstract"
"2025-07","遥感与地球观测","International Journal of Applied Earth Observation and Geoinformation","JAG","1569-8432","Dual pathways of forest landscape dynamics in China: Integrating ecological land evolution Index (ELEI) and machine learning to decipher fragmentation and restoration","2025-07-21","created-proxy","10.1016/j.jag.2025.104724","https://doi.org/10.1016/j.jag.2025.104724","no","机器学习","machine learning","","","","","Must match at least one method_family keyword in Crossref title or abstract"
"2025-07","遥感与地球观测","International Journal of Applied Earth Observation and Geoinformation","JAG","1569-8432","Improved leaf area index reconstruction in heavily cloudy areas: A novel deep learning approach for SAR-Optical fusion integrating spatiotemporal features","2025-07-21","created-proxy","10.1016/j.jag.2025.104745","https://doi.org/10.1016/j.jag.2025.104745","no","深度学习与神经网络 | 时序与时空建模 | 遥感视觉与影像分析","deep learning | spatiotemporal | SAR","遥感与地球观测数据","SAR","","","Must match at least one method_family keyword in Crossref title or abstract"
"2025-07","遥感与地球观测","International Journal of Applied Earth Observation and Geoinformation","JAG","1569-8432","African water body segmentation with cross-layer information separability based feature decoupling transformer","2025-07-23","created-proxy","10.1016/j.jag.2025.104741","https://doi.org/10.1016/j.jag.2025.104741","no","深度学习与神经网络","transformer","","","","","Must match at least one method_family keyword in Crossref title or abstract"
"2025-07","遥感与地球观测","International Journal of Applied Earth Observation and Geoinformation","JAG","1569-8432","Machine learning-guided field site selection for river classification","2025-07-23","created-proxy","10.1016/j.jag.2025.104742","https://doi.org/10.1016/j.jag.2025.104742","no","机器学习","machine learning | classification","","","","","Must match at least one method_family keyword in Crossref title or abstract"
"2025-07","遥感与地球观测","International Journal of Applied Earth Observation and Geoinformation","JAG","1569-8432","Advancing forest mapping: Pretraining strategies and deep-ensemble based uncertainty for predicting evergreen broad-leaved cover from Sentinel-2 time series","2025-07-24","created-proxy","10.1016/j.jag.2025.104734","https://doi.org/10.1016/j.jag.2025.104734","no","时序与时空建模","time series","遥感与地球观测数据","Sentinel","","","Must match at least one method_family keyword in Crossref title or abstract"
"2025-07","遥感与地球观测","International Journal of Applied Earth Observation and Geoinformation","JAG","1569-8432","Time-series high spatio-temporal resolution vegetation leaf area index estimation based on NDVI trends","2025-07-25","created-proxy","10.1016/j.jag.2025.104744","https://doi.org/10.1016/j.jag.2025.104744","no","时序与时空建模","spatio-temporal","","","","","Must match at least one method_family keyword in Crossref title or abstract"
"2025-07","遥感与地球观测","International Journal of Applied Earth Observation and Geoinformation","JAG","1569-8432","A flexible multi-scale spatio-temporal modeling approach for disentangling meteorological and anthropogenic drivers of air pollution","2025-07-27","created-proxy","10.1016/j.jag.2025.104751","https://doi.org/10.1016/j.jag.2025.104751","no","时序与时空建模","spatio-temporal","","","","","Must match at least one method_family keyword in Crossref title or abstract"
"2025-07","遥感与地球观测","International Journal of Applied Earth Observation and Geoinformation","JAG","1569-8432","Creating and leveraging SAR benchmark datasets to facilitate machine learning application","2025-07-27","created-proxy","10.1016/j.jag.2025.104722","https://doi.org/10.1016/j.jag.2025.104722","no","机器学习 | 遥感视觉与影像分析","machine learning | SAR","遥感与地球观测数据","SAR","","","Must match at least one method_family keyword in Crossref title or abstract"
"2025-07","遥感与地球观测","International Journal of Applied Earth Observation and Geoinformation","JAG","1569-8432","Megalopolitan-scale rooftop solar photovoltaic potential estimation of the Greater Bay Area in China on 3D buildings with deep learning","2025-07-30","created-proxy","10.1016/j.jag.2025.104752","https://doi.org/10.1016/j.jag.2025.104752","no","深度学习与神经网络","deep learning","","","","","Must match at least one method_family keyword in Crossref title or abstract"
"2025-07","数字地球与地理信息","International Journal of Digital Earth","IJDE","1753-8955","Contrastive learning based remote sensing text-to-image generation for few-shot remote sensing image captioning","2025-07-01","published-online","10.1080/17538947.2025.2526102","https://doi.org/10.1080/17538947.2025.2526102","no","GeoAI 与基础模型","contrastive learning","遥感与地球观测数据","remote sensing","","","Must match at least one method_family keyword in Crossref title or abstract"
"2025-07","数字地球与地理信息","International Journal of Digital Earth","IJDE","1753-8955","Unveiling the pulse of urban metro stations: a TOD-driven approach to measuring vibrancy using geographically weighted random forest","2025-07-01","published-online","10.1080/17538947.2025.2524054","https://doi.org/10.1080/17538947.2025.2524054","no","机器学习","random forest","","","","","Must match at least one method_family keyword in Crossref title or abstract"
"2025-07","数字地球与地理信息","International Journal of Digital Earth","IJDE","1753-8955","Advancing coastal wetland management: a combined UAV-satellite approach for Spartina alterniflora aboveground biomass estimation using interpretable machine learning","2025-07-03","published-online","10.1080/17538947.2025.2525383","https://doi.org/10.1080/17538947.2025.2525383","no","机器学习","machine learning","遥感与地球观测数据","UAV","","","Must match at least one method_family keyword in Crossref title or abstract"
"2025-07","数字地球与地理信息","International Journal of Digital Earth","IJDE","1753-8955","Hyperspectral remote sensing for soil heavy metal inversion: insights and applications","2025-07-03","published-online","10.1080/17538947.2025.2520474","https://doi.org/10.1080/17538947.2025.2520474","no","遥感视觉与影像分析","hyperspectral","遥感与地球观测数据","remote sensing | hyperspectral","","","Must match at least one method_family keyword in Crossref title or abstract"
"2025-07","数字地球与地理信息","International Journal of Digital Earth","IJDE","1753-8955","Convergence in key month of phenology-based mangrove species classification using sentinel-2 imagery data: insights from structural and physiological indices","2025-07-09","published-online","10.1080/17538947.2025.2528651","https://doi.org/10.1080/17538947.2025.2528651","no","机器学习","classification","遥感与地球观测数据","Sentinel","","","Must match at least one method_family keyword in Crossref title or abstract"
"2025-07","数字地球与地理信息","International Journal of Digital Earth","IJDE","1753-8955","Retrieval of leaf area index from the Landsat surface reflectance using multi-task adversarial transfer learning","2025-07-09","published-online","10.1080/17538947.2025.2520002","https://doi.org/10.1080/17538947.2025.2520002","no","GeoAI 与基础模型","transfer learning","遥感与地球观测数据","Landsat","","","Must match at least one method_family keyword in Crossref title or abstract"
"2025-07","数字地球与地理信息","International Journal of Digital Earth","IJDE","1753-8955","Exploring the potential of time series InSAR for coastal wetland fine mapping using auto-weighted ensemble machine learning","2025-07-11","published-online","10.1080/17538947.2025.2528619","https://doi.org/10.1080/17538947.2025.2528619","no","机器学习 | 时序与时空建模","machine learning | time series","","","","","Must match at least one method_family keyword in Crossref title or abstract"
"2025-07","数字地球与地理信息","International Journal of Digital Earth","IJDE","1753-8955","Extraction and location of subway shield tunnel segment joints from RMLS point clouds","2025-07-11","published-online","10.1080/17538947.2025.2528627","https://doi.org/10.1080/17538947.2025.2528627","no","遥感视觉与影像分析","point cloud","","","","","Must match at least one method_family keyword in Crossref title or abstract"
"2025-07","数字地球与地理信息","International Journal of Digital Earth","IJDE","1753-8955","Modeling land cover changes using an enhanced Markov-future land use simulation model with spatial distribution considerations: a case study in the Yellow River Basin","2025-07-11","published-online","10.1080/17538947.2025.2528626","https://doi.org/10.1080/17538947.2025.2528626","no","仿真、优化与强化学习","simulation","基础地理与城市数据库","land use | land cover","","","Must match at least one method_family keyword in Crossref title or abstract"
"2025-07","数字地球与地理信息","International Journal of Digital Earth","IJDE","1753-8955","Soil total nitrogen inversion and interpretability analysis using vis-NIR spectroscopy and transfer learning","2025-07-11","published-online","10.1080/17538947.2025.2528621","https://doi.org/10.1080/17538947.2025.2528621","no","GeoAI 与基础模型","transfer learning","","","","","Must match at least one method_family keyword in Crossref title or abstract"
"2025-07","数字地球与地理信息","International Journal of Digital Earth","IJDE","1753-8955","CrossGraphNet: a cross-spatiotemporal graph-based method for traffic speed reconstruction using remote sensing vehicle detection","2025-07-15","published-online","10.1080/17538947.2025.2528640","https://doi.org/10.1080/17538947.2025.2528640","no","图模型与网络方法 | 时序与时空建模","graph | spatiotemporal","遥感与地球观测数据","remote sensing","","","Must match at least one method_family keyword in Crossref title or abstract"
"2025-07","数字地球与地理信息","International Journal of Digital Earth","IJDE","1753-8955","Spatio-temporal graph data storage and calculation based on grid graph database","2025-07-15","published-online","10.1080/17538947.2025.2531844","https://doi.org/10.1080/17538947.2025.2531844","no","图模型与网络方法 | 时序与时空建模","graph | spatio-temporal","","","","","Must match at least one method_family keyword in Crossref title or abstract"
"2025-07","数字地球与地理信息","International Journal of Digital Earth","IJDE","1753-8955","Dynamic graph attention network for local leisure event recommendation in event-based social networks","2025-07-17","published-online","10.1080/17538947.2025.2534016","https://doi.org/10.1080/17538947.2025.2534016","no","图模型与网络方法","graph | graph attention network","","","","","Must match at least one method_family keyword in Crossref title or abstract"
"2025-07","数字地球与地理信息","International Journal of Digital Earth","IJDE","1753-8955","EGS-CSF: an adaptive ground point cloud filtering framework based on evolutionary gradient search","2025-07-17","published-online","10.1080/17538947.2025.2531843","https://doi.org/10.1080/17538947.2025.2531843","no","遥感视觉与影像分析","point cloud","","","","","Must match at least one method_family keyword in Crossref title or abstract"
"2025-07","数字地球与地理信息","International Journal of Digital Earth","IJDE","1753-8955","Context-aware and boundary-optimized model for road marking instance segmentation using MLS point cloud intensity images","2025-07-18","published-online","10.1080/17538947.2025.2531842","https://doi.org/10.1080/17538947.2025.2531842","no","遥感视觉与影像分析","instance segmentation | point cloud","","","","","Must match at least one method_family keyword in Crossref title or abstract"
"2025-07","数字地球与地理信息","International Journal of Digital Earth","IJDE","1753-8955","PASeg: positional-guided segmenter with multimodal semantic alignment for enhancing urban scene 3D semantic segmentation","2025-07-22","published-online","10.1080/17538947.2025.2528811","https://doi.org/10.1080/17538947.2025.2528811","no","遥感视觉与影像分析","semantic segmentation","","","","","Must match at least one method_family keyword in Crossref title or abstract"
"2025-07","数字地球与地理信息","International Journal of Digital Earth","IJDE","1753-8955","Self-supervised deep learning for detection of forest disturbance types in a subtropical ecosystem using transformer and Sentinel-1 and Sentinel-2 time series data","2025-07-22","published-online","10.1080/17538947.2025.2537325","https://doi.org/10.1080/17538947.2025.2537325","no","深度学习与神经网络 | 时序与时空建模","deep learning | transformer | time series","遥感与地球观测数据","Sentinel","","","Must match at least one method_family keyword in Crossref title or abstract"
"2025-07","数字地球与地理信息","International Journal of Digital Earth","IJDE","1753-8955","Short-term prediction of storm surges in estuarine and coastal waters via a multipoint deep learning neural network with limited training samples","2025-07-22","published-online","10.1080/17538947.2025.2536074","https://doi.org/10.1080/17538947.2025.2536074","no","深度学习与神经网络","deep learning | neural network","","","","","Must match at least one method_family keyword in Crossref title or abstract"
"2025-07","数字地球与地理信息","International Journal of Digital Earth","IJDE","1753-8955","ASCDet: cross-space UAV object detection method guided by adaptive sparse convolution","2025-07-23","published-online","10.1080/17538947.2025.2528648","https://doi.org/10.1080/17538947.2025.2528648","no","遥感视觉与影像分析","object detection","遥感与地球观测数据","UAV","","","Must match at least one method_family keyword in Crossref title or abstract"
"2025-07","数字地球与地理信息","International Journal of Digital Earth","IJDE","1753-8955","MAH-YOLO: an enhanced YOLOv8n framework for loess landslide detection with multi-attention mechanisms","2025-07-23","published-online","10.1080/17538947.2025.2536666","https://doi.org/10.1080/17538947.2025.2536666","no","深度学习与神经网络","attention mechanism","","","环境监测与灾害风险","landslide","Must match at least one method_family keyword in Crossref title or abstract"
"2025-07","数字地球与地理信息","International Journal of Digital Earth","IJDE","1753-8955","Enhancing semantic segmentation of Ecuadorian shrimp ponds through fine-tuned vision transformers and U-Net architectures utilizing open-source remote sensing data","2025-07-27","published-online","10.1080/17538947.2025.2538214","https://doi.org/10.1080/17538947.2025.2538214","no","深度学习与神经网络 | 遥感视觉与影像分析","U-Net | semantic segmentation","遥感与地球观测数据","remote sensing","","","Must match at least one method_family keyword in Crossref title or abstract"
"2025-07","数字地球与地理信息","International Journal of Digital Earth","IJDE","1753-8955","Multi-scale attention-enhanced deep learning approach for detecting seven trunk pests and diseases in Shanghai’s urban plane trees","2025-07-27","published-online","10.1080/17538947.2025.2537321","https://doi.org/10.1080/17538947.2025.2537321","no","深度学习与神经网络","deep learning","","","","","Must match at least one method_family keyword in Crossref title or abstract"
"2025-07","数字地球与地理信息","International Journal of Digital Earth","IJDE","1753-8955","Siamese text classification network (SiamTCN) for multi-class multi-label information extraction of typhoon disasters from social media data","2025-07-28","published-online","10.1080/17538947.2025.2517790","https://doi.org/10.1080/17538947.2025.2517790","no","机器学习","classification","街景、社交感知与众包数据","social media","","","Must match at least one method_family keyword in Crossref title or abstract"
"2025-07","数字地球与地理信息","International Journal of Digital Earth","IJDE","1753-8955","Tensor nested ring embedding used for domain adaptation of cross-source heterogeneous remote sensing feature tensors","2025-07-30","published-online","10.1080/17538947.2025.2538212","https://doi.org/10.1080/17538947.2025.2538212","no","GeoAI 与基础模型","domain adaptation","遥感与地球观测数据","remote sensing","","","Must match at least one method_family keyword in Crossref title or abstract"
"2025-07","数字地球与地理信息","International Journal of Digital Earth","IJDE","1753-8955","Spatiotemporal hybrid deep learning for estimating and analyzing carbon stocks: a case study in Jiangsu province, China","2025-07-31","published-online","10.1080/17538947.2025.2534008","https://doi.org/10.1080/17538947.2025.2534008","no","深度学习与神经网络 | 时序与时空建模","deep learning | spatiotemporal","","","","","Must match at least one method_family keyword in Crossref title or abstract"
"2025-07","地理信息科学","International Journal of Geographical Information Science","IJGIS","1365-8816","Inferring human movements after snowfall: a weather-informed graph learning model for flow redistribution in mobility networks","2025-07-01","published-online","10.1080/13658816.2025.2524394","https://doi.org/10.1080/13658816.2025.2524394","no","图模型与网络方法","graph","","","","","Must match at least one method_family keyword in Crossref title or abstract"
"2025-07","地理信息科学","International Journal of Geographical Information Science","IJGIS","1365-8816","Scalable spatio-temporal autoregressive modeling by designing equivalent graph convolutional neural networks","2025-07-01","published-online","10.1080/13658816.2025.2526041","https://doi.org/10.1080/13658816.2025.2526041","no","深度学习与神经网络 | 图模型与网络方法 | 时序与时空建模","neural network | convolutional neural network | graph | spatio-temporal","","","","","Must match at least one method_family keyword in Crossref title or abstract"
"2025-07","地理信息科学","International Journal of Geographical Information Science","IJGIS","1365-8816","Integrating spatiotemporal features in LSTM for spatially informed COVID-19 hospitalization forecasting","2025-07-08","published-online","10.1080/13658816.2025.2527266","https://doi.org/10.1080/13658816.2025.2527266","no","深度学习与神经网络 | 时序与时空建模","LSTM | spatiotemporal | forecasting","","","","","Must match at least one method_family keyword in Crossref title or abstract"
"2025-07","地理信息科学","International Journal of Geographical Information Science","IJGIS","1365-8816","MHSI-Net: an interpretable multi-modal deep learning network for street identification in historical maps","2025-07-08","published-online","10.1080/13658816.2025.2528098","https://doi.org/10.1080/13658816.2025.2528098","no","深度学习与神经网络","deep learning","","","","","Must match at least one method_family keyword in Crossref title or abstract"
"2025-07","地理信息科学","International Journal of Geographical Information Science","IJGIS","1365-8816","Explainable artificial intelligence approach for road network selection based on a neural additive model","2025-07-14","published-online","10.1080/13658816.2025.2530060","https://doi.org/10.1080/13658816.2025.2530060","no","图模型与网络方法","road network","基础地理与城市数据库","road network","","","Must match at least one method_family keyword in Crossref title or abstract"
"2025-07","地理信息科学","International Journal of Geographical Information Science","IJGIS","1365-8816","Monkuu: a LLM-powered natural language interface for geospatial databases with dynamic schema mapping","2025-07-17","published-online","10.1080/13658816.2025.2533322","https://doi.org/10.1080/13658816.2025.2533322","no","GeoAI 与基础模型","LLM","","","","","Must match at least one method_family keyword in Crossref title or abstract"
"2025-07","地理信息科学","International Journal of Geographical Information Science","IJGIS","1365-8816","Gravity-informed deep flow inference for spatial evolution modeling in panel data","2025-07-28","published-online","10.1080/13658816.2025.2536512","https://doi.org/10.1080/13658816.2025.2536512","no","因果推断与准实验","panel data","","","时间尺度与动态过程","panel","Must match at least one method_family keyword in Crossref title or abstract"
"2025-07","地理信息科学","International Journal of Geographical Information Science","IJGIS","1365-8816","Striking a balance between diversity and regularity: a preference-guided transformer for individual mobility prediction","2025-07-28","published-online","10.1080/13658816.2025.2534159","https://doi.org/10.1080/13658816.2025.2534159","no","深度学习与神经网络","transformer","","","","","Must match at least one method_family keyword in Crossref title or abstract"
"2025-07","地理信息科学","ISPRS International Journal of Geo-Information","IJGI","2220-9964","An Innovative Proposal for Developing a Dynamic Urban Growth Model Through Adaptive Vector Cellular Automata","2025-07-01","published-online","10.3390/ijgi14070259","https://doi.org/10.3390/ijgi14070259","yes","机器学习 | 仿真、优化与强化学习","machine learning | random forest | support vector machine | cellular automata | simulation","基础地理与城市数据库","land use | land cover","城市、区域与空间结构","neighborhood","Must match at least one method_family keyword in Crossref title or abstract"
"2025-07","地理信息科学","ISPRS International Journal of Geo-Information","IJGI","2220-9964","The Impact of New Subway Construction on the Commuting Methods and Time Utilization of Residents Along the Line: A Comparison Before and After the Completion of the Subway in Kunming City","2025-07-01","published-online","10.3390/ijgi14070258","https://doi.org/10.3390/ijgi14070258","yes","因果推断与准实验","propensity score","基础地理与城市数据库","land use","城市、区域与空间结构","city","Must match at least one method_family keyword in Crossref title or abstract"
"2025-07","地理信息科学","ISPRS International Journal of Geo-Information","IJGI","2220-9964","Investigating the Impact of Inter-City Patient Mobility on Local Residents’ Equity in Access to High-Level Healthcare: A Case Study of Beijing","2025-07-02","published-online","10.3390/ijgi14070260","https://doi.org/10.3390/ijgi14070260","yes","空间交互与移动性模型","accessibility model","","","城市、区域与空间结构","city","Must match at least one method_family keyword in Crossref title or abstract"
"2025-07","地理信息科学","ISPRS International Journal of Geo-Information","IJGI","2220-9964","A Spatial-Network Approach to Assessing Transportation Resilience in Disaster-Prone Urban Areas","2025-07-03","published-online","10.3390/ijgi14070261","https://doi.org/10.3390/ijgi14070261","yes","图模型与网络方法","complex network","","","城市、区域与空间结构 | 环境监测与灾害风险","city | disaster | hazard","Must match at least one method_family keyword in Crossref title or abstract"
"2025-07","地理信息科学","ISPRS International Journal of Geo-Information","IJGI","2220-9964","Three-Dimensional Multitemporal Game Engine Visualizations for Watershed Analysis, Lighting Simulation, and Change Detection in Built Environments","2025-07-05","published-online","10.3390/ijgi14070265","https://doi.org/10.3390/ijgi14070265","yes","时序与时空建模 | 仿真、优化与强化学习 | 遥感视觉与影像分析","change detection | simulation | photogrammetry","遥感与地球观测数据","drone","","","Must match at least one method_family keyword in Crossref title or abstract"
"2025-07","地理信息科学","ISPRS International Journal of Geo-Information","IJGI","2220-9964","Evaluation of Urban Street Historical Appearance Integrity Based on Street View Images and Transfer Learning","2025-07-07","published-online","10.3390/ijgi14070266","https://doi.org/10.3390/ijgi14070266","yes","GeoAI 与基础模型","transfer learning","街景、社交感知与众包数据","street view","空间尺度、依赖与异质性","spatial heterogeneity","Must match at least one method_family keyword in Crossref title or abstract"
"2025-07","地理信息科学","ISPRS International Journal of Geo-Information","IJGI","2220-9964","Exploring Unconventional 3D Geovisualization Methods for Land Suitability Assessment: A Case Study of Jihlava City","2025-07-08","published-online","10.3390/ijgi14070269","https://doi.org/10.3390/ijgi14070269","yes","遥感视觉与影像分析","point cloud","","","城市、区域与空间结构","city","Must match at least one method_family keyword in Crossref title or abstract"
"2025-07","地理信息科学","ISPRS International Journal of Geo-Information","IJGI","2220-9964","HierLabelNet: A Two-Stage LLMs Framework with Data Augmentation and Label Selection for Geographic Text Classification","2025-07-08","published-online","10.3390/ijgi14070268","https://doi.org/10.3390/ijgi14070268","yes","GeoAI 与基础模型 | 机器学习","large language model | LLM | classification","遥感与地球观测数据","remote sensing","","","Must match at least one method_family keyword in Crossref title or abstract"
"2025-07","地理信息科学","ISPRS International Journal of Geo-Information","IJGI","2220-9964","Forecasting Carbon Emissions by Considering the Joint Influences of Urban Form and Socioeconomic Development—An Empirical Study in Guangdong, China","2025-07-09","published-online","10.3390/ijgi14070270","https://doi.org/10.3390/ijgi14070270","yes","时序与时空建模","forecasting","","","城市、区域与空间结构 | 环境监测与灾害风险","urban form | climate","Must match at least one method_family keyword in Crossref title or abstract"
"2025-07","地理信息科学","ISPRS International Journal of Geo-Information","IJGI","2220-9964","Spatiotemporal Evolution and Driving Factors of Coupling Coordination Degree Between New Urbanization and Urban Resilience: A Case of Huaihai Economic Zone","2025-07-09","published-online","10.3390/ijgi14070271","https://doi.org/10.3390/ijgi14070271","yes","时序与时空建模","spatiotemporal","","","环境监测与灾害风险","climate","Must match at least one method_family keyword in Crossref title or abstract"
"2025-07","地理信息科学","ISPRS International Journal of Geo-Information","IJGI","2220-9964","A Multi-Objective Optimization and Decision Support Framework for Natural Daylight and Building Areas in Community Elderly Care Facilities in Land-Scarce Cities","2025-07-10","published-online","10.3390/ijgi14070272","https://doi.org/10.3390/ijgi14070272","yes","机器学习 | 深度学习与神经网络 | 仿真、优化与强化学习","random forest | ensemble learning | neural network | optimization","","","","","Must match at least one method_family keyword in Crossref title or abstract"
"2025-07","地理信息科学","ISPRS International Journal of Geo-Information","IJGI","2220-9964","Airborne Lidar Refines Georeferencing Austro-Hungarian Maps from the First and Second Military Surveys","2025-07-15","published-online","10.3390/ijgi14070274","https://doi.org/10.3390/ijgi14070274","yes","遥感视觉与影像分析","LiDAR","遥感与地球观测数据","LiDAR","","","Must match at least one method_family keyword in Crossref title or abstract"
"2025-07","地理信息科学","ISPRS International Journal of Geo-Information","IJGI","2220-9964","SP-GEM: Spatial Pattern-Aware Graph Embedding for Matching Multisource Road Networks","2025-07-15","published-online","10.3390/ijgi14070275","https://doi.org/10.3390/ijgi14070275","yes","深度学习与神经网络 | 图模型与网络方法","neural network | graph | graph neural network | GNN | road network","基础地理与城市数据库","OSM | road network","城市、区域与空间结构","neighborhood","Must match at least one method_family keyword in Crossref title or abstract"
"2025-07","地理信息科学","ISPRS International Journal of Geo-Information","IJGI","2220-9964","Developing a Hybrid Model to Enhance the Robustness of Interpretability for Landslide Susceptibility Assessment","2025-07-16","published-online","10.3390/ijgi14070277","https://doi.org/10.3390/ijgi14070277","yes","机器学习","machine learning | random forest | XGBoost | LightGBM","","","城市、区域与空间结构 | 环境监测与灾害风险","city | landslide","Must match at least one method_family keyword in Crossref title or abstract"
"2025-07","地理信息科学","ISPRS International Journal of Geo-Information","IJGI","2220-9964","Local–Linear Two-Stage Estimation of Local Autoregressive Geographically and Temporally Weighted Regression Model","2025-07-16","published-online","10.3390/ijgi14070276","https://doi.org/10.3390/ijgi14070276","yes","时序与时空建模 | 仿真、优化与强化学习","spatiotemporal | simulation","","","空间尺度、依赖与异质性","spatial heterogeneity","Must match at least one method_family keyword in Crossref title or abstract"
"2025-07","地理信息科学","ISPRS International Journal of Geo-Information","IJGI","2220-9964","Large-Scale Point Cloud Semantic Segmentation with Density-Based Grid Decimation","2025-07-17","published-online","10.3390/ijgi14070279","https://doi.org/10.3390/ijgi14070279","yes","深度学习与神经网络 | 遥感视觉与影像分析","attention mechanism | semantic segmentation | point cloud","","","","","Must match at least one method_family keyword in Crossref title or abstract"
"2025-07","地理信息科学","ISPRS International Journal of Geo-Information","IJGI","2220-9964","Activity Spaces in Multimodal Transportation Networks: A Nonlinear and Spatial Analysis Perspective","2025-07-22","published-online","10.3390/ijgi14080281","https://doi.org/10.3390/ijgi14080281","yes","机器学习","XGBoost","轨迹与移动性数据","smart card","空间尺度、依赖与异质性","spatial heterogeneity","Must match at least one method_family keyword in Crossref title or abstract"
"2025-07","地理信息科学","ISPRS International Journal of Geo-Information","IJGI","2220-9964","Graph Representation Learning on Street Networks","2025-07-22","published-online","10.3390/ijgi14080284","https://doi.org/10.3390/ijgi14080284","yes","深度学习与神经网络 | 图模型与网络方法","neural network | convolutional neural network | autoencoder | graph","","","","","Must match at least one method_family keyword in Crossref title or abstract"
"2025-07","地理信息科学","ISPRS International Journal of Geo-Information","IJGI","2220-9964","Where Business Meets Location Intelligence: A Bibliometric Analysis of Geomarketing Research in Retail","2025-07-22","published-online","10.3390/ijgi14080282","https://doi.org/10.3390/ijgi14080282","yes","机器学习","classification","","","","","Must match at least one method_family keyword in Crossref title or abstract"
"2025-07","地理信息科学","ISPRS International Journal of Geo-Information","IJGI","2220-9964","Delineating Urban High–Risk Zones of Disease Transmission: Applying Tensor Decomposition to Trajectory Big Data","2025-07-23","published-online","10.3390/ijgi14080285","https://doi.org/10.3390/ijgi14080285","yes","时序与时空建模","spatiotemporal","轨迹与移动性数据","trajectory | mobility data | human mobility","","","Must match at least one method_family keyword in Crossref title or abstract"
"2025-07","地理信息科学","ISPRS International Journal of Geo-Information","IJGI","2220-9964","Evaluating Urban Greenery Through the Front-Facing Street View Imagery: Insights from a Nanjing Case Study","2025-07-24","published-online","10.3390/ijgi14080287","https://doi.org/10.3390/ijgi14080287","yes","遥感视觉与影像分析","semantic segmentation","街景、社交感知与众包数据","street view","","","Must match at least one method_family keyword in Crossref title or abstract"
"2025-07","地理信息科学","ISPRS International Journal of Geo-Information","IJGI","2220-9964","GPT-Based Text-to-SQL for Spatial Databases","2025-07-24","published-online","10.3390/ijgi14080288","https://doi.org/10.3390/ijgi14080288","yes","机器学习 | 深度学习与神经网络","machine learning | transformer","","","","","Must match at least one method_family keyword in Crossref title or abstract"
"2025-07","地理信息科学","ISPRS International Journal of Geo-Information","IJGI","2220-9964","Multi-Channel Spatio-Temporal Data Fusion of ‘Big’ and ‘Small’ Network Data Using Transformer Networks","2025-07-24","published-online","10.3390/ijgi14080286","https://doi.org/10.3390/ijgi14080286","yes","深度学习与神经网络 | 图模型与网络方法 | 时序与时空建模","deep learning | transformer | attention mechanism | road network | spatio-temporal","基础地理与城市数据库","road network","","","Must match at least one method_family keyword in Crossref title or abstract"
"2025-07","地理信息科学","ISPRS International Journal of Geo-Information","IJGI","2220-9964","XT-SECA: An Efficient and Accurate XGBoost–Transformer Model for Urban Functional Zone Classification","2025-07-25","published-online","10.3390/ijgi14080290","https://doi.org/10.3390/ijgi14080290","yes","机器学习 | 深度学习与神经网络 | 仿真、优化与强化学习","classification | random forest | XGBoost | LSTM | long short-term memory | transformer | attention mechanism | optimization","遥感与地球观测数据","remote sensing","城市、区域与空间结构","city","Must match at least one method_family keyword in Crossref title or abstract"
"2025-07","地理信息科学","ISPRS International Journal of Geo-Information","IJGI","2220-9964","A Spatio-Temporal Evolutionary Embedding Approach for Geographic Knowledge Graph Question Answering","2025-07-28","published-online","10.3390/ijgi14080295","https://doi.org/10.3390/ijgi14080295","yes","图模型与网络方法 | 时序与时空建模","graph | knowledge graph | spatio-temporal","","","","","Must match at least one method_family keyword in Crossref title or abstract"
"2025-07","地理信息科学","ISPRS International Journal of Geo-Information","IJGI","2220-9964","Application of Integrated Geospatial Analysis and Machine Learning in Identifying Factors Affecting Ride-Sharing Before/After the COVID-19 Pandemic","2025-07-28","published-online","10.3390/ijgi14080291","https://doi.org/10.3390/ijgi14080291","yes","机器学习","machine learning | gradient boosting | XGBoost","","","","","Must match at least one method_family keyword in Crossref title or abstract"
"2025-07","地理信息科学","ISPRS International Journal of Geo-Information","IJGI","2220-9964","Automating Three-Dimensional Cadastral Models of 3D Rights and Buildings Based on the LADM Framework","2025-07-28","published-online","10.3390/ijgi14080293","https://doi.org/10.3390/ijgi14080293","yes","机器学习 | 遥感视觉与影像分析","random forest | point cloud | LiDAR","遥感与地球观测数据 | 基础地理与城市数据库","UAV | LiDAR | cadastral","","","Must match at least one method_family keyword in Crossref title or abstract"
"2025-07","地理信息科学","ISPRS International Journal of Geo-Information","IJGI","2220-9964","Towards an Extensible and Text-Oriented Analytical Semantic Trajectory Framework","2025-07-28","published-online","10.3390/ijgi14080292","https://doi.org/10.3390/ijgi14080292","yes","时序与时空建模","spatiotemporal","轨迹与移动性数据","trajectory","","","Must match at least one method_family keyword in Crossref title or abstract"
"2025-07","地理信息科学","ISPRS International Journal of Geo-Information","IJGI","2220-9964","Exploring the Spatial Association Between Spatial Categorical Data Using a Fuzzy Geographically Weighted Colocation Quotient Method","2025-07-29","published-online","10.3390/ijgi14080296","https://doi.org/10.3390/ijgi14080296","yes","机器学习","clustering","街景、社交感知与众包数据","POI","空间尺度、依赖与异质性","spatial scale | scale effect | spatial heterogeneity","Must match at least one method_family keyword in Crossref title or abstract"
"2025-07","地理信息科学","ISPRS International Journal of Geo-Information","IJGI","2220-9964","A Novel Method for Estimating Building Height from Baidu Panoramic Street View Images","2025-07-30","published-online","10.3390/ijgi14080297","https://doi.org/10.3390/ijgi14080297","yes","机器学习 | 深度学习与神经网络","random forest | deep learning","遥感与地球观测数据 | 街景、社交感知与众包数据 | 基础地理与城市数据库","remote sensing | street view | building footprint","环境监测与灾害风险","disaster","Must match at least one method_family keyword in Crossref title or abstract"
"2025-07","地理信息科学","ISPRS International Journal of Geo-Information","IJGI","2220-9964","Statistical Depth Measures in Density-Based Clustering with Automatic Adjustment for Skewed Data","2025-07-30","published-online","10.3390/ijgi14080298","https://doi.org/10.3390/ijgi14080298","yes","机器学习","clustering","","","","","Must match at least one method_family keyword in Crossref title or abstract"
"2025-07","地理信息科学","ISPRS International Journal of Geo-Information","IJGI","2220-9964","Mutation Interval-Based Segment-Level SRDet: Side Road Detection Based on Crowdsourced Trajectory Data","2025-07-31","published-online","10.3390/ijgi14080299","https://doi.org/10.3390/ijgi14080299","yes","机器学习 | 图模型与网络方法","classification | clustering | random forest | road network","街景、社交感知与众包数据 | 轨迹与移动性数据 | 基础地理与城市数据库","crowdsourced | trajectory | road network","","","Must match at least one method_family keyword in Crossref title or abstract"
"2025-07","摄影测量与遥感","ISPRS Journal of Photogrammetry and Remote Sensing","P&RS","0924-2716","A cross-spatiotemporal weakly supervised framework for land cover classification: Generating temporally and spatially consistent land cover maps","2025-07-01","created-proxy","10.1016/j.isprsjprs.2025.06.005","https://doi.org/10.1016/j.isprsjprs.2025.06.005","no","机器学习 | 时序与时空建模","classification | spatiotemporal","基础地理与城市数据库","land cover","","","Must match at least one method_family keyword in Crossref title or abstract"
"2025-07","摄影测量与遥感","ISPRS Journal of Photogrammetry and Remote Sensing","P&RS","0924-2716","A vision-language foundation model-based multi-modal retrieval-augmented generation framework for remote sensing lithological recognition","2025-07-01","published","10.1016/j.isprsjprs.2025.04.015","https://doi.org/10.1016/j.isprsjprs.2025.04.015","no","GeoAI 与基础模型","foundation model","遥感与地球观测数据","remote sensing","","","Must match at least one method_family keyword in Crossref title or abstract"
"2025-07","摄影测量与遥感","ISPRS Journal of Photogrammetry and Remote Sensing","P&RS","0924-2716","Annual winter wheat mapping for unveiling spatiotemporal patterns in China with a knowledge-guided approach and multi-source datasets","2025-07-01","published","10.1016/j.isprsjprs.2025.04.031","https://doi.org/10.1016/j.isprsjprs.2025.04.031","no","时序与时空建模","spatiotemporal","","","","","Must match at least one method_family keyword in Crossref title or abstract"
"2025-07","摄影测量与遥感","ISPRS Journal of Photogrammetry and Remote Sensing","P&RS","0924-2716","BGSNet: A boundary-guided Siamese multitask network for semantic change detection from high-resolution remote sensing images","2025-07-01","published","10.1016/j.isprsjprs.2025.04.030","https://doi.org/10.1016/j.isprsjprs.2025.04.030","no","时序与时空建模","change detection","遥感与地球观测数据","remote sensing","","","Must match at least one method_family keyword in Crossref title or abstract"
"2025-07","摄影测量与遥感","ISPRS Journal of Photogrammetry and Remote Sensing","P&RS","0924-2716","Can satellite observations detect global ocean heat content change with high resolution by deep learning?","2025-07-01","published","10.1016/j.isprsjprs.2025.04.018","https://doi.org/10.1016/j.isprsjprs.2025.04.018","no","深度学习与神经网络","deep learning","","","环境监测与灾害风险","heat","Must match at least one method_family keyword in Crossref title or abstract"
"2025-07","摄影测量与遥感","ISPRS Journal of Photogrammetry and Remote Sensing","P&RS","0924-2716","Continuous flood monitoring using on-demand SAR data acquired with different geometries: Methodology and test on COSMO-SkyMed images","2025-07-01","published","10.1016/j.isprsjprs.2025.04.036","https://doi.org/10.1016/j.isprsjprs.2025.04.036","no","遥感视觉与影像分析","SAR","遥感与地球观测数据 | 基础地理与城市数据库","SAR | OSM","环境监测与灾害风险","flood","Must match at least one method_family keyword in Crossref title or abstract"
"2025-07","摄影测量与遥感","ISPRS Journal of Photogrammetry and Remote Sensing","P&RS","0924-2716","Deep learning coupled with split window and temperature-emissivity separation (DL-SW-TES) method improves clear-sky high-resolution land surface temperature estimation","2025-07-01","published","10.1016/j.isprsjprs.2025.04.016","https://doi.org/10.1016/j.isprsjprs.2025.04.016","no","深度学习与神经网络","deep learning","","","","","Must match at least one method_family keyword in Crossref title or abstract"
"2025-07","摄影测量与遥感","ISPRS Journal of Photogrammetry and Remote Sensing","P&RS","0924-2716","Deep learning in remote sensing image matching: A survey","2025-07-01","published","10.1016/j.isprsjprs.2025.04.001","https://doi.org/10.1016/j.isprsjprs.2025.04.001","no","深度学习与神经网络","deep learning","遥感与地球观测数据","remote sensing","","","Must match at least one method_family keyword in Crossref title or abstract"
"2025-07","摄影测量与遥感","ISPRS Journal of Photogrammetry and Remote Sensing","P&RS","0924-2716","Deep learning-based bathymetry retrieval without in-situ depths using remote sensing imagery and SfM-MVS DSMs with data gaps","2025-07-01","published","10.1016/j.isprsjprs.2025.04.020","https://doi.org/10.1016/j.isprsjprs.2025.04.020","no","深度学习与神经网络","deep learning","遥感与地球观测数据","remote sensing","","","Must match at least one method_family keyword in Crossref title or abstract"
"2025-07","摄影测量与遥感","ISPRS Journal of Photogrammetry and Remote Sensing","P&RS","0924-2716","Estimation of surface all-wave net radiation from MODIS data using deep residual neural network based on limited samples","2025-07-01","published","10.1016/j.isprsjprs.2025.04.035","https://doi.org/10.1016/j.isprsjprs.2025.04.035","no","深度学习与神经网络","neural network","遥感与地球观测数据","MODIS","","","Must match at least one method_family keyword in Crossref title or abstract"
"2025-07","摄影测量与遥感","ISPRS Journal of Photogrammetry and Remote Sensing","P&RS","0924-2716","FarmSeg_VLM: A farmland remote sensing image segmentation method considering vision-language alignment","2025-07-01","published","10.1016/j.isprsjprs.2025.05.010","https://doi.org/10.1016/j.isprsjprs.2025.05.010","no","遥感视觉与影像分析","image segmentation","遥感与地球观测数据","remote sensing","","","Must match at least one method_family keyword in Crossref title or abstract"
"2025-07","摄影测量与遥感","ISPRS Journal of Photogrammetry and Remote Sensing","P&RS","0924-2716","LHRS-Bot-Nova: Improved multimodal large language model for remote sensing vision-language interpretation","2025-07-01","created-proxy","10.1016/j.isprsjprs.2025.06.003","https://doi.org/10.1016/j.isprsjprs.2025.06.003","no","GeoAI 与基础模型","large language model","遥感与地球观测数据","remote sensing","","","Must match at least one method_family keyword in Crossref title or abstract"
"2025-07","摄影测量与遥感","ISPRS Journal of Photogrammetry and Remote Sensing","P&RS","0924-2716","MT_GAN: A SAR-to-optical image translation method for cloud removal","2025-07-01","published","10.1016/j.isprsjprs.2025.04.011","https://doi.org/10.1016/j.isprsjprs.2025.04.011","no","遥感视觉与影像分析","SAR","遥感与地球观测数据","SAR","","","Must match at least one method_family keyword in Crossref title or abstract"
"2025-07","摄影测量与遥感","ISPRS Journal of Photogrammetry and Remote Sensing","P&RS","0924-2716","Multimodal large language model for wheat breeding: A new exploration of smart breeding","2025-07-01","published","10.1016/j.isprsjprs.2025.03.027","https://doi.org/10.1016/j.isprsjprs.2025.03.027","no","GeoAI 与基础模型","large language model","","","","","Must match at least one method_family keyword in Crossref title or abstract"
"2025-07","摄影测量与遥感","ISPRS Journal of Photogrammetry and Remote Sensing","P&RS","0924-2716","Open-vocabulary generative vision-language models for creating a large-scale remote sensing change detection dataset","2025-07-01","published","10.1016/j.isprsjprs.2025.04.023","https://doi.org/10.1016/j.isprsjprs.2025.04.023","no","GeoAI 与基础模型 | 时序与时空建模","vision-language model | change detection","遥感与地球观测数据","remote sensing","","","Must match at least one method_family keyword in Crossref title or abstract"
"2025-07","摄影测量与遥感","ISPRS Journal of Photogrammetry and Remote Sensing","P&RS","0924-2716","Pose-graph optimization for efficient tie-point matching and 3D scene reconstruction from oblique UAV images","2025-07-01","published","10.1016/j.isprsjprs.2025.04.013","https://doi.org/10.1016/j.isprsjprs.2025.04.013","no","图模型与网络方法 | 仿真、优化与强化学习","graph | optimization","遥感与地球观测数据","UAV","","","Must match at least one method_family keyword in Crossref title or abstract"
"2025-07","摄影测量与遥感","ISPRS Journal of Photogrammetry and Remote Sensing","P&RS","0924-2716","SCAGAT: A scene-aware ensemble graph attention network for global PM2.5 pollution mapping via land–atmosphere interactions","2025-07-01","published","10.1016/j.isprsjprs.2025.04.019","https://doi.org/10.1016/j.isprsjprs.2025.04.019","no","图模型与网络方法","graph | graph attention network | GAT","","","","","Must match at least one method_family keyword in Crossref title or abstract"
"2025-07","摄影测量与遥感","ISPRS Journal of Photogrammetry and Remote Sensing","P&RS","0924-2716","Tidal flat topography mapping with Sentinel time series using cross-modal sample transfer and deep learning","2025-07-01","published","10.1016/j.isprsjprs.2025.04.017","https://doi.org/10.1016/j.isprsjprs.2025.04.017","no","深度学习与神经网络 | 时序与时空建模","deep learning | time series","遥感与地球观测数据","Sentinel","","","Must match at least one method_family keyword in Crossref title or abstract"
"2025-07","摄影测量与遥感","ISPRS Journal of Photogrammetry and Remote Sensing","P&RS","0924-2716","FlexiSAM: A flexible SAM-based semantic segmentation model for land cover classification using high-resolution multimodal remote sensing imagery","2025-07-02","created-proxy","10.1016/j.isprsjprs.2025.05.028","https://doi.org/10.1016/j.isprsjprs.2025.05.028","no","机器学习 | 遥感视觉与影像分析","classification | semantic segmentation","遥感与地球观测数据 | 基础地理与城市数据库","remote sensing | land cover","","","Must match at least one method_family keyword in Crossref title or abstract"
"2025-07","摄影测量与遥感","ISPRS Journal of Photogrammetry and Remote Sensing","P&RS","0924-2716","Estimating carbon fluxes over North America using a physics-constrained deep learning model","2025-07-03","created-proxy","10.1016/j.isprsjprs.2025.06.033","https://doi.org/10.1016/j.isprsjprs.2025.06.033","no","深度学习与神经网络","deep learning","","","","","Must match at least one method_family keyword in Crossref title or abstract"
"2025-07","摄影测量与遥感","ISPRS Journal of Photogrammetry and Remote Sensing","P&RS","0924-2716","Machine learning-based retrieval of chlorophyll-a and total suspended matter from HY-3A CZI: Model development, validation, and application","2025-07-03","created-proxy","10.1016/j.isprsjprs.2025.06.032","https://doi.org/10.1016/j.isprsjprs.2025.06.032","no","机器学习","machine learning","","","","","Must match at least one method_family keyword in Crossref title or abstract"
"2025-07","摄影测量与遥感","ISPRS Journal of Photogrammetry and Remote Sensing","P&RS","0924-2716","Deep learning for wildfire risk prediction: Integrating remote sensing and environmental data","2025-07-05","created-proxy","10.1016/j.isprsjprs.2025.06.002","https://doi.org/10.1016/j.isprsjprs.2025.06.002","no","深度学习与神经网络","deep learning","遥感与地球观测数据","remote sensing","环境监测与灾害风险","wildfire","Must match at least one method_family keyword in Crossref title or abstract"
"2025-07","摄影测量与遥感","ISPRS Journal of Photogrammetry and Remote Sensing","P&RS","0924-2716","A grazing pressure mapping method for large-scale, complex surface scenarios: integrating deep learning and spatio-temporal characteristic of remote sensing","2025-07-15","created-proxy","10.1016/j.isprsjprs.2025.07.001","https://doi.org/10.1016/j.isprsjprs.2025.07.001","no","深度学习与神经网络 | 时序与时空建模","deep learning | spatio-temporal","遥感与地球观测数据","remote sensing","","","Must match at least one method_family keyword in Crossref title or abstract"
"2025-07","摄影测量与遥感","ISPRS Journal of Photogrammetry and Remote Sensing","P&RS","0924-2716","Adaptive water body detection: Integrating deep learning, normalised difference water index, and vector data for farm dam water monitoring with OmniWaterMask","2025-07-15","created-proxy","10.1016/j.isprsjprs.2025.07.007","https://doi.org/10.1016/j.isprsjprs.2025.07.007","no","深度学习与神经网络","deep learning","","","","","Must match at least one method_family keyword in Crossref title or abstract"
"2025-07","摄影测量与遥感","ISPRS Journal of Photogrammetry and Remote Sensing","P&RS","0924-2716","An unsupervised model-guided mutual-learning network for spatio-temporal fusion of satellite images","2025-07-15","created-proxy","10.1016/j.isprsjprs.2025.06.025","https://doi.org/10.1016/j.isprsjprs.2025.06.025","no","时序与时空建模","spatio-temporal","","","","","Must match at least one method_family keyword in Crossref title or abstract"
"2025-07","摄影测量与遥感","ISPRS Journal of Photogrammetry and Remote Sensing","P&RS","0924-2716","Detecting the onset of rice field inundation in the Lower Mississippi River Basin via Harmonized Landsat Sentinel-2 (HLS) satellite time series","2025-07-15","created-proxy","10.1016/j.isprsjprs.2025.07.003","https://doi.org/10.1016/j.isprsjprs.2025.07.003","no","时序与时空建模","time series","遥感与地球观测数据","Sentinel | Landsat","","","Must match at least one method_family keyword in Crossref title or abstract"
"2025-07","摄影测量与遥感","ISPRS Journal of Photogrammetry and Remote Sensing","P&RS","0924-2716","Digital super-resolution for TDI remote sensing via micro-misaligned pushbroom imaging and computational reconstruction","2025-07-15","created-proxy","10.1016/j.isprsjprs.2025.06.021","https://doi.org/10.1016/j.isprsjprs.2025.06.021","no","遥感视觉与影像分析","super-resolution","遥感与地球观测数据","remote sensing","","","Must match at least one method_family keyword in Crossref title or abstract"
"2025-07","摄影测量与遥感","ISPRS Journal of Photogrammetry and Remote Sensing","P&RS","0924-2716","Guidance disentanglement network for Optics-Guided thermal UAV image super-resolution","2025-07-15","created-proxy","10.1016/j.isprsjprs.2025.06.011","https://doi.org/10.1016/j.isprsjprs.2025.06.011","no","遥感视觉与影像分析","super-resolution","遥感与地球观测数据","UAV","","","Must match at least one method_family keyword in Crossref title or abstract"
"2025-07","摄影测量与遥感","ISPRS Journal of Photogrammetry and Remote Sensing","P&RS","0924-2716","Height estimation from monocular aerial images using convolutional multi-scale and transformer coupling network (CMT)","2025-07-15","created-proxy","10.1016/j.isprsjprs.2025.07.010","https://doi.org/10.1016/j.isprsjprs.2025.07.010","no","深度学习与神经网络","transformer","","","","","Must match at least one method_family keyword in Crossref title or abstract"
"2025-07","摄影测量与遥感","ISPRS Journal of Photogrammetry and Remote Sensing","P&RS","0924-2716","MAT-MS: A mask-aware transformer for constructing gap-free MODIS normalized difference snow index products","2025-07-15","created-proxy","10.1016/j.isprsjprs.2025.07.004","https://doi.org/10.1016/j.isprsjprs.2025.07.004","no","深度学习与神经网络","transformer","遥感与地球观测数据","MODIS","","","Must match at least one method_family keyword in Crossref title or abstract"
"2025-07","摄影测量与遥感","ISPRS Journal of Photogrammetry and Remote Sensing","P&RS","0924-2716","RooFormer: Reconstructing detailed 3D roof models from high-resolution remote sensing imagery using transformer","2025-07-15","created-proxy","10.1016/j.isprsjprs.2025.06.010","https://doi.org/10.1016/j.isprsjprs.2025.06.010","no","深度学习与神经网络","transformer","遥感与地球观测数据","remote sensing","","","Must match at least one method_family keyword in Crossref title or abstract"
"2025-07","摄影测量与遥感","ISPRS Journal of Photogrammetry and Remote Sensing","P&RS","0924-2716","“Phenology description is all you need!” mapping unknown crop types with remote sensing time-series and LLM generated text alignment","2025-07-16","created-proxy","10.1016/j.isprsjprs.2025.07.002","https://doi.org/10.1016/j.isprsjprs.2025.07.002","no","GeoAI 与基础模型","LLM","遥感与地球观测数据","remote sensing","","","Must match at least one method_family keyword in Crossref title or abstract"
"2025-07","摄影测量与遥感","ISPRS Journal of Photogrammetry and Remote Sensing","P&RS","0924-2716","Deep learning-based road extraction from remote sensing imagery: Progress, problems, and perspectives","2025-07-16","created-proxy","10.1016/j.isprsjprs.2025.07.013","https://doi.org/10.1016/j.isprsjprs.2025.07.013","no","深度学习与神经网络","deep learning","遥感与地球观测数据","remote sensing","","","Must match at least one method_family keyword in Crossref title or abstract"
"2025-07","摄影测量与遥感","ISPRS Journal of Photogrammetry and Remote Sensing","P&RS","0924-2716","Revealing critical mineralogical insights in extreme environments using deep learning technique on hyperspectral PRISMA satellite imagery: Dry Valleys, South Victoria Land, Antarctica","2025-07-16","created-proxy","10.1016/j.isprsjprs.2025.07.005","https://doi.org/10.1016/j.isprsjprs.2025.07.005","no","深度学习与神经网络 | 遥感视觉与影像分析","deep learning | hyperspectral","遥感与地球观测数据","satellite imagery | hyperspectral","","","Must match at least one method_family keyword in Crossref title or abstract"
"2025-07","摄影测量与遥感","ISPRS Journal of Photogrammetry and Remote Sensing","P&RS","0924-2716","RO 2 -DETR: Rotation-equivariant oriented object detection transformer with 1D rotated convolution kernel","2025-07-16","created-proxy","10.1016/j.isprsjprs.2025.06.029","https://doi.org/10.1016/j.isprsjprs.2025.06.029","no","深度学习与神经网络 | 遥感视觉与影像分析","transformer | object detection","","","","","Must match at least one method_family keyword in Crossref title or abstract"
"2025-07","摄影测量与遥感","ISPRS Journal of Photogrammetry and Remote Sensing","P&RS","0924-2716","FTG-Net: A facade topology-aware graph network for class imbalance structural segmentation of building facades","2025-07-17","created-proxy","10.1016/j.isprsjprs.2025.07.014","https://doi.org/10.1016/j.isprsjprs.2025.07.014","no","图模型与网络方法","graph","","","","","Must match at least one method_family keyword in Crossref title or abstract"
"2025-07","摄影测量与遥感","ISPRS Journal of Photogrammetry and Remote Sensing","P&RS","0924-2716","Mind the modality gap: Towards a remote sensing vision-language model via cross-modal alignment","2025-07-21","created-proxy","10.1016/j.isprsjprs.2025.06.019","https://doi.org/10.1016/j.isprsjprs.2025.06.019","no","GeoAI 与基础模型","vision-language model","遥感与地球观测数据","remote sensing","","","Must match at least one method_family keyword in Crossref title or abstract"
"2025-07","摄影测量与遥感","ISPRS Journal of Photogrammetry and Remote Sensing","P&RS","0924-2716","SAR ship detection across different spaceborne platforms with confusion-corrected self-training and region-aware alignment framework","2025-07-22","created-proxy","10.1016/j.isprsjprs.2025.07.017","https://doi.org/10.1016/j.isprsjprs.2025.07.017","no","遥感视觉与影像分析","SAR","遥感与地球观测数据","SAR","","","Must match at least one method_family keyword in Crossref title or abstract"
"2025-07","摄影测量与遥感","ISPRS Journal of Photogrammetry and Remote Sensing","P&RS","0924-2716","STFMamba: Spatiotemporal satellite image fusion network based on visual state space model","2025-07-22","created-proxy","10.1016/j.isprsjprs.2025.07.011","https://doi.org/10.1016/j.isprsjprs.2025.07.011","no","时序与时空建模 | 遥感视觉与影像分析","spatiotemporal | image fusion","","","","","Must match at least one method_family keyword in Crossref title or abstract"
"2025-07","摄影测量与遥感","ISPRS Journal of Photogrammetry and Remote Sensing","P&RS","0924-2716","HATFormer: Height-aware Transformer for multimodal 3D change detection","2025-07-23","created-proxy","10.1016/j.isprsjprs.2025.06.022","https://doi.org/10.1016/j.isprsjprs.2025.06.022","no","深度学习与神经网络 | 时序与时空建模","transformer | change detection","","","","","Must match at least one method_family keyword in Crossref title or abstract"
"2025-07","摄影测量与遥感","ISPRS Journal of Photogrammetry and Remote Sensing","P&RS","0924-2716","UC–Change: a classification-based time series change detection technique for improved forest disturbance mapping using multi-sensor imagery","2025-07-24","created-proxy","10.1016/j.isprsjprs.2025.07.028","https://doi.org/10.1016/j.isprsjprs.2025.07.028","no","机器学习 | 时序与时空建模","classification | time series | change detection","传感器与物联网数据","sensor","","","Must match at least one method_family keyword in Crossref title or abstract"
"2025-07","摄影测量与遥感","ISPRS Journal of Photogrammetry and Remote Sensing","P&RS","0924-2716","BdFusion: Bi-directional visual-LiDAR fusion for resilient place recognition","2025-07-25","created-proxy","10.1016/j.isprsjprs.2025.07.022","https://doi.org/10.1016/j.isprsjprs.2025.07.022","no","遥感视觉与影像分析","LiDAR","遥感与地球观测数据","LiDAR","","","Must match at least one method_family keyword in Crossref title or abstract"
"2025-07","摄影测量与遥感","ISPRS Journal of Photogrammetry and Remote Sensing","P&RS","0924-2716","Impact of forest disturbance derived from Sentinel-2 time series on Landsat 8/9 land surface temperature: The case of Norway spruce in Central Germany","2025-07-25","created-proxy","10.1016/j.isprsjprs.2025.07.006","https://doi.org/10.1016/j.isprsjprs.2025.07.006","no","时序与时空建模","time series","遥感与地球观测数据","Sentinel | Landsat","","","Must match at least one method_family keyword in Crossref title or abstract"
"2025-07","摄影测量与遥感","ISPRS Journal of Photogrammetry and Remote Sensing","P&RS","0924-2716","Object detection from aerial multi-angle thermal infrared remote sensing images: Dataset and method","2025-07-26","created-proxy","10.1016/j.isprsjprs.2025.07.024","https://doi.org/10.1016/j.isprsjprs.2025.07.024","no","遥感视觉与影像分析","object detection","遥感与地球观测数据","remote sensing","","","Must match at least one method_family keyword in Crossref title or abstract"
"2025-07","摄影测量与遥感","ISPRS Journal of Photogrammetry and Remote Sensing","P&RS","0924-2716","QOSM-U2CANet: a deep learning framework for normalized oil spill thickness and concentration mapping using multispectral satellite imagery","2025-07-26","created-proxy","10.1016/j.isprsjprs.2025.07.029","https://doi.org/10.1016/j.isprsjprs.2025.07.029","no","深度学习与神经网络","deep learning","遥感与地球观测数据 | 基础地理与城市数据库","satellite imagery | multispectral | OSM","","","Must match at least one method_family keyword in Crossref title or abstract"
"2025-07","摄影测量与遥感","ISPRS Journal of Photogrammetry and Remote Sensing","P&RS","0924-2716","Leak detection using thermal imagery: Deep learning versus traditional computer vision state-of-the-art","2025-07-28","created-proxy","10.1016/j.isprsjprs.2025.06.006","https://doi.org/10.1016/j.isprsjprs.2025.06.006","no","深度学习与神经网络","deep learning","","","","","Must match at least one method_family keyword in Crossref title or abstract"
"2025-07","摄影测量与遥感","ISPRS Journal of Photogrammetry and Remote Sensing","P&RS","0924-2716","Mapping snow-covered forest albedo via hybrid radiative transfer and machine learning across Northern Hemisphere","2025-07-28","created-proxy","10.1016/j.isprsjprs.2025.07.033","https://doi.org/10.1016/j.isprsjprs.2025.07.033","no","机器学习","machine learning","","","","","Must match at least one method_family keyword in Crossref title or abstract"
"2025-07","摄影测量与遥感","ISPRS Journal of Photogrammetry and Remote Sensing","P&RS","0924-2716","A novel knowledge-based multi-modal semi-supervised framework for 3D change detection and mining volume estimation in open-pit mines using GF7 satellite images","2025-07-29","created-proxy","10.1016/j.isprsjprs.2025.07.034","https://doi.org/10.1016/j.isprsjprs.2025.07.034","no","时序与时空建模","change detection","","","","","Must match at least one method_family keyword in Crossref title or abstract"
"2025-07","摄影测量与遥感","ISPRS Journal of Photogrammetry and Remote Sensing","P&RS","0924-2716","Cross-sensor adaptive semantic segmentation for mobile laser scanning point clouds based on continuous potential scene surface reconstruction","2025-07-29","created-proxy","10.1016/j.isprsjprs.2025.07.021","https://doi.org/10.1016/j.isprsjprs.2025.07.021","no","遥感视觉与影像分析","semantic segmentation | point cloud","传感器与物联网数据","sensor","","","Must match at least one method_family keyword in Crossref title or abstract"
"2025-07","摄影测量与遥感","ISPRS Journal of Photogrammetry and Remote Sensing","P&RS","0924-2716","Improved multi-source remote sensing object detection network by geometry consistency constraint and Gaussian distribution alignment","2025-07-29","created-proxy","10.1016/j.isprsjprs.2025.07.037","https://doi.org/10.1016/j.isprsjprs.2025.07.037","no","遥感视觉与影像分析","object detection","遥感与地球观测数据","remote sensing","","","Must match at least one method_family keyword in Crossref title or abstract"
"2025-07","摄影测量与遥感","ISPRS Journal of Photogrammetry and Remote Sensing","P&RS","0924-2716","PhenoSR: Enhancing organ-level phenotyping with super-resolution RGB UAV imagery for large-scale field experiments","2025-07-30","created-proxy","10.1016/j.isprsjprs.2025.07.025","https://doi.org/10.1016/j.isprsjprs.2025.07.025","no","遥感视觉与影像分析","super-resolution","遥感与地球观测数据","UAV","","","Must match at least one method_family keyword in Crossref title or abstract"
"2025-07","摄影测量与遥感","ISPRS Journal of Photogrammetry and Remote Sensing","P&RS","0924-2716","Enhancing LiDAR place recognition in challenging environments using Retrieval-Trigger-Reranking paradigm","2025-07-31","created-proxy","10.1016/j.isprsjprs.2025.07.036","https://doi.org/10.1016/j.isprsjprs.2025.07.036","no","遥感视觉与影像分析","LiDAR","遥感与地球观测数据","LiDAR","","","Must match at least one method_family keyword in Crossref title or abstract"
"2025-07","地理系统与空间建模","Journal of Geographical Systems","JGS","1435-5949","County-to-county migration modeling in the United States: the effects of data source and model selection","2025-07-11","published-online","10.1007/s10109-025-00470-7","https://doi.org/10.1007/s10109-025-00470-7","yes","空间交互与移动性模型","gravity model | radiation model","","","","","Must match at least one method_family keyword in Crossref title or abstract"
"2025-07","可视化与空间分析","Journal of Geovisualization and Spatial Analysis","JGSA","2509-8829","Speed Bump Detection Using Point Cloud Data","2025-07-22","published-online","10.1007/s41651-025-00233-4","https://doi.org/10.1007/s41651-025-00233-4","yes","机器学习 | 遥感视觉与影像分析","machine learning | point cloud","","","","","Must match at least one method_family keyword in Crossref title or abstract"
"2025-07","空间科学","Journal of Spatial Science","JSS","1836-5655","Bootstrap tests for spatiotemporal heterogeneity in geographically and temporally weighted regression models with autocorrelated responses","2025-07-03","published","10.1080/14498596.2025.2539230","https://doi.org/10.1080/14498596.2025.2539230","no","时序与时空建模","spatiotemporal","","","","","Must match at least one method_family keyword in Crossref title or abstract"
"2025-07","摄影测量与遥感","Photogrammetric Engineering & Remote Sensing","PE&RS","0099-1112","Analysis of Landslide Susceptibility of the Darjeeling District Using a Frequency Ratio Model and Geographical Weighted Regression","2025-07-01","published","10.14358/pers.24-00049r2","https://doi.org/10.14358/pers.24-00049r2","yes","空间统计与空间计量","GWR","","","环境监测与灾害风险","landslide","Must match at least one method_family keyword in Crossref title or abstract"
"2025-07","摄影测量与遥感","Photogrammetric Engineering & Remote Sensing","PE&RS","0099-1112","Enhancing Residential Building Identification in a Coastal Texas City: An Integrated Framework Leveraging Remote Sensing, GIS, and Transfer Learning Techniques","2025-07-01","published","10.14358/pers.24-00048r3","https://doi.org/10.14358/pers.24-00048r3","yes","GeoAI 与基础模型 | 深度学习与神经网络 | 遥感视觉与影像分析","transfer learning | deep learning | LiDAR","遥感与地球观测数据 | 街景、社交感知与众包数据 | 基础地理与城市数据库","remote sensing | LiDAR | POI | land use","城市、区域与空间结构 | 环境监测与灾害风险","city | disaster","Must match at least one method_family keyword in Crossref title or abstract"
"2025-07","摄影测量与遥感","Photogrammetric Engineering & Remote Sensing","PE&RS","0099-1112","Spatiotemporal Continuous Shallow Water Bathymetry from a Kriged Kalman Filter","2025-07-01","published","10.14358/pers.24-00051r2","https://doi.org/10.14358/pers.24-00051r2","yes","空间统计与空间计量 | 时序与时空建模","kriging | spatiotemporal | space-time | Kalman filter","遥感与地球观测数据","multispectral","","","Must match at least one method_family keyword in Crossref title or abstract"
"2025-07","摄影测量与遥感","Photogrammetric Engineering & Remote Sensing","PE&RS","0099-1112","Lightweight and Accurate Video Synthetic Aperture Radar Target Detection Network","2025-07-12","created-proxy","10.14358/pers.25-00018r2","https://doi.org/10.14358/pers.25-00018r2","yes","遥感视觉与影像分析","SAR","遥感与地球观测数据","SAR","","","Must match at least one method_family keyword in Crossref title or abstract"
"2025-07","摄影测量与遥感","Photogrammetric Engineering & Remote Sensing","PE&RS","0099-1112","Global Multi-Scale Fusion Self-Calibration Network for Remote Sensing Object Detection","2025-07-16","created-proxy","10.14358/pers.25-00002r4","https://doi.org/10.14358/pers.25-00002r4","yes","深度学习与神经网络 | 遥感视觉与影像分析","deep learning | attention mechanism | object detection","遥感与地球观测数据","remote sensing","","","Must match at least one method_family keyword in Crossref title or abstract"
"2025-07","摄影测量与遥感","Photogrammetric Engineering & Remote Sensing","PE&RS","0099-1112","Efficient Coral Survey Using Aerial Remote Sensing and Multi-modal Segmentation for Large-Scale Ecological Assessment","2025-07-31","created-proxy","10.14358/pers.25-00007r2","https://doi.org/10.14358/pers.25-00007r2","yes","深度学习与神经网络 | 遥感视觉与影像分析","deep learning | neural network | point cloud | LiDAR","遥感与地球观测数据","remote sensing | aerial imagery | LiDAR","","","Must match at least one method_family keyword in Crossref title or abstract"
"2025-07","地理信息科学","Transactions in GIS","TGIS","1467-9671","Identification and Spatiotemporal Characteristics of Special and General Shrinking Cities in China From 2000 to 2020","2025-07-03","published-online","10.1111/tgis.70088","https://doi.org/10.1111/tgis.70088","yes","时序与时空建模","spatiotemporal","","","","","Must match at least one method_family keyword in Crossref title or abstract"
"2025-07","地理信息科学","Transactions in GIS","TGIS","1467-9671","Evaluation and Spatial Optimization Model of Urban Medical Resource Distribution Considering Equity and Efficiency","2025-07-05","published-online","10.1111/tgis.70089","https://doi.org/10.1111/tgis.70089","yes","仿真、优化与强化学习","optimization | genetic algorithm","","","","","Must match at least one method_family keyword in Crossref title or abstract"
"2025-07","地理信息科学","Transactions in GIS","TGIS","1467-9671","Ring‐Radial Pattern Recognition Method for the Road Network Supported by Skeletonization Idea","2025-07-08","published-online","10.1111/tgis.70078","https://doi.org/10.1111/tgis.70078","yes","图模型与网络方法 | 空间统计与空间计量","network analysis | road network | hotspot analysis","基础地理与城市数据库","OpenStreetMap | road network","","","Must match at least one method_family keyword in Crossref title or abstract"
"2025-07","地理信息科学","Transactions in GIS","TGIS","1467-9671","A GCNN ‐Based Method for Functional Zone Recognition by Integrating Building Spatial Morphology and Courtyard‐Level Context","2025-07-15","published-online","10.1111/tgis.70093","https://doi.org/10.1111/tgis.70093","yes","机器学习 | 深度学习与神经网络 | 图模型与网络方法","machine learning | neural network | CNN | convolutional neural network | graph | GCN","街景、社交感知与众包数据","POI","空间尺度、依赖与异质性 | 环境监测与灾害风险","adjacency | heat","Must match at least one method_family keyword in Crossref title or abstract"
"2025-07","地理信息科学","Transactions in GIS","TGIS","1467-9671","Automatic Positioning Method for Expressway Gantry by Mining Electronic Toll Collection Data","2025-07-28","published-online","10.1111/tgis.70071","https://doi.org/10.1111/tgis.70071","yes","仿真、优化与强化学习","optimization","","","","","Must match at least one method_family keyword in Crossref title or abstract"
"2025-07","地理信息科学","Transactions in GIS","TGIS","1467-9671","Spatial–Temporal based Crowd Flow Prediction Using Multiscale Dynamic Residual Learning","2025-07-31","published-online","10.1111/tgis.70092","https://doi.org/10.1111/tgis.70092","yes","深度学习与神经网络 | 空间交互与移动性模型","LSTM | flow prediction","","","时间尺度与动态过程","periodicity","Must match at least one method_family keyword in Crossref title or abstract"
