"month","journal_category","journal","journal_short_name","issn","title","publication_date","date_basis","doi","doi_url","abstract_available","method_family_topics","method_family_keywords","data_source_topics","data_source_keywords","spatiotemporal_context_topics","spatiotemporal_context_keywords","screening_rule"
"2025-11","空间算法","ACM Transactions on Spatial Algorithms and Systems","TSAS","2374-0361","Enhancing Spatial-Temporal Prediction Models with Dynamic Causal Graphs","2025-11-21","created-proxy","10.1145/3777547","https://doi.org/10.1145/3777547","yes","深度学习与神经网络 | 图模型与网络方法 | 时序与时空建模","neural network | graph | graph neural network | forecasting","","","空间尺度、依赖与异质性","adjacency","Must match at least one method_family keyword in Crossref title or abstract"
"2025-11","地理学与 GIScience","Annals of GIS","AGIS","1947-5691","Quantifying uncertainty in the spatial prediction of PM 2.5 using a deep learning algorithm","2025-11-04","published-online","10.1080/19475683.2025.2552155","https://doi.org/10.1080/19475683.2025.2552155","no","深度学习与神经网络","deep learning","","","","","Must match at least one method_family keyword in Crossref title or abstract"
"2025-11","地理学与 GIScience","Annals of the American Association of Geographers","AAG","2469-4452","Rapid Disaster Response and Damage Estimation with Social Media and Pretrained Large Language Models: Insights from Multiple Hurricanes","2025-11-06","published-online","10.1080/24694452.2025.2560491","https://doi.org/10.1080/24694452.2025.2560491","no","GeoAI 与基础模型","large language model","街景、社交感知与众包数据","social media","环境监测与灾害风险","disaster","Must match at least one method_family keyword in Crossref title or abstract"
"2025-11","地理学与 GIScience","Annals of the American Association of Geographers","AAG","2469-4452","Modeling Hurricane Vulnerability in a Large Coastal City Using Bayesian Gaussian Spatial Regression","2025-11-10","published-online","10.1080/24694452.2025.2570840","https://doi.org/10.1080/24694452.2025.2570840","no","空间统计与空间计量","spatial regression","","","城市、区域与空间结构","city","Must match at least one method_family keyword in Crossref title or abstract"
"2025-11","地理学与 GIScience","Applied Geography","APG","0143-6228","Coca cultivation and deforestation in the Peruvian Amazon: A multiscale analysis using spatial regression models","2025-11-01","published","10.1016/j.apgeog.2025.103742","https://doi.org/10.1016/j.apgeog.2025.103742","no","空间统计与空间计量","spatial regression","","","","","Must match at least one method_family keyword in Crossref title or abstract"
"2025-11","地理学与 GIScience","Applied Geography","APG","0143-6228","Who you are versus where you are: Revealing the importance of determinants of within-city income inequality in China through an interpretable machine learning approach","2025-11-01","published","10.1016/j.apgeog.2025.103759","https://doi.org/10.1016/j.apgeog.2025.103759","no","机器学习","machine learning","","","城市、区域与空间结构","city","Must match at least one method_family keyword in Crossref title or abstract"
"2025-11","地理学与 GIScience","Applied Geography","APG","0143-6228","Does the digitalization of hometowns promote return migrants’ entrepreneurship? Empirical evidence from panel data for China","2025-11-29","created-proxy","10.1016/j.apgeog.2025.103855","https://doi.org/10.1016/j.apgeog.2025.103855","no","因果推断与准实验","panel data","","","时间尺度与动态过程","panel","Must match at least one method_family keyword in Crossref title or abstract"
"2025-11","地图学与地理信息","Cartography and Geographic Information Science","CaGIS","1545-0465","Parental mobility during the perinatal period: a spatiotemporal analysis of geotagged social media data","2025-11-27","published-online","10.1080/15230406.2025.2587841","https://doi.org/10.1080/15230406.2025.2587841","no","时序与时空建模","spatiotemporal | temporal analysis","街景、社交感知与众包数据","social media | geotagged","","","Must match at least one method_family keyword in Crossref title or abstract"
"2025-11","计算地理与城市系统","Computers & Geosciences","C&G","0098-3004","BankfullMapper: a semi-automated MATLAB tool on high-resolution digital terrain models for spatio-temporal monitoring of bankfull geometry and discharge","2025-11-01","published","10.1016/j.cageo.2025.106001","https://doi.org/10.1016/j.cageo.2025.106001","no","时序与时空建模","spatio-temporal","","","","","Must match at least one method_family keyword in Crossref title or abstract"
"2025-11","计算地理与城市系统","Computers & Geosciences","C&G","0098-3004","DAM-CGNet: Semantic segmentation-based approach for valley-bottom extraction from digital elevation models","2025-11-01","published","10.1016/j.cageo.2025.106012","https://doi.org/10.1016/j.cageo.2025.106012","no","遥感视觉与影像分析","semantic segmentation","基础地理与城市数据库","digital elevation model","","","Must match at least one method_family keyword in Crossref title or abstract"
"2025-11","计算地理与城市系统","Computers & Geosciences","C&G","0098-3004","DisperPy: A machine learning based tool to automatically pick group velocity dispersion curves from earthquakes","2025-11-01","published","10.1016/j.cageo.2025.106015","https://doi.org/10.1016/j.cageo.2025.106015","no","机器学习","machine learning","","","","","Must match at least one method_family keyword in Crossref title or abstract"
"2025-11","计算地理与城市系统","Computers & Geosciences","C&G","0098-3004","Recognition of multiple geochemical anomalies by dual-branch convolutional neural network with adaptive feature fusion","2025-11-01","published","10.1016/j.cageo.2025.106011","https://doi.org/10.1016/j.cageo.2025.106011","no","深度学习与神经网络","neural network | convolutional neural network","","","","","Must match at least one method_family keyword in Crossref title or abstract"
"2025-11","计算地理与城市系统","Computers & Geosciences","C&G","0098-3004","Seismicity-constrained fault detection and characterization with a multitask machine learning model","2025-11-01","published","10.1016/j.cageo.2025.105999","https://doi.org/10.1016/j.cageo.2025.105999","no","机器学习","machine learning","","","","","Must match at least one method_family keyword in Crossref title or abstract"
"2025-11","计算地理与城市系统","Computers & Geosciences","C&G","0098-3004","Super-resolution of 3D Micro-CT images using generative adversarial Networks: Enhancing resolution and segmentation accuracy","2025-11-01","published","10.1016/j.cageo.2025.106018","https://doi.org/10.1016/j.cageo.2025.106018","no","遥感视觉与影像分析","super-resolution","","","","","Must match at least one method_family keyword in Crossref title or abstract"
"2025-11","计算地理与城市系统","Computers & Geosciences","C&G","0098-3004","A neural network architecture based on attention gate mechanism for 3D magnetotelluric forward modeling","2025-11-19","created-proxy","10.1016/j.cageo.2025.106079","https://doi.org/10.1016/j.cageo.2025.106079","no","深度学习与神经网络","neural network","","","","","Must match at least one method_family keyword in Crossref title or abstract"
"2025-11","计算地理与城市系统","Computers & Geosciences","C&G","0098-3004","SeismoDual: A dual-domain deep learning framework for robust seismic phase picking","2025-11-20","created-proxy","10.1016/j.cageo.2025.106080","https://doi.org/10.1016/j.cageo.2025.106080","no","深度学习与神经网络","deep learning","","","","","Must match at least one method_family keyword in Crossref title or abstract"
"2025-11","计算地理与城市系统","Computers & Geosciences","C&G","0098-3004","An effective deep domain adaptation approach for least squares migration","2025-11-21","created-proxy","10.1016/j.cageo.2025.106081","https://doi.org/10.1016/j.cageo.2025.106081","no","GeoAI 与基础模型","domain adaptation","","","","","Must match at least one method_family keyword in Crossref title or abstract"
"2025-11","计算地理与城市系统","Computers, Environment and Urban Systems","CEUS","0198-9715","VoxCity: A seamless framework for open geospatial data integration, grid-based semantic 3D city model generation, and urban environment simulation","2025-11-06","created-proxy","10.1016/j.compenvurbsys.2025.102366","https://doi.org/10.1016/j.compenvurbsys.2025.102366","no","仿真、优化与强化学习","simulation","","","城市、区域与空间结构","city","Must match at least one method_family keyword in Crossref title or abstract"
"2025-11","城市分析与空间科学","Environment and Planning B: Urban Analytics and City Science","EPB","2399-8091","Does polycentric development narrow intra-urban income inequality? An empirical examination based on mediation and threshold effects","2025-11-10","published-online","10.1177/23998083251395491","https://doi.org/10.1177/23998083251395491","yes","因果推断与准实验","instrumental variable","","","时间尺度与动态过程","panel","Must match at least one method_family keyword in Crossref title or abstract"
"2025-11","城市分析与空间科学","Environment and Planning B: Urban Analytics and City Science","EPB","2399-8091","Understanding the influence of urban characteristics on cyclists’ stress measured through wearable sensors: A quantitative open data approach","2025-11-10","published-online","10.1177/23998083251394426","https://doi.org/10.1177/23998083251394426","yes","机器学习 | 时序与时空建模","machine learning | random forest | spatiotemporal","遥感与地球观测数据 | 街景、社交感知与众包数据 | 基础地理与城市数据库","remote sensing | Sentinel | street view | OpenStreetMap | OSM","","","Must match at least one method_family keyword in Crossref title or abstract"
"2025-11","城市分析与空间科学","Environment and Planning B: Urban Analytics and City Science","EPB","2399-8091","Characterizing manufactured home parks in North Carolina: A computer vision based approach","2025-11-14","published-online","10.1177/23998083251395471","https://doi.org/10.1177/23998083251395471","yes","遥感视觉与影像分析","object detection","遥感与地球观测数据 | 基础地理与城市数据库","aerial imagery | parcel | building footprint","","","Must match at least one method_family keyword in Crossref title or abstract"
"2025-11","城市分析与空间科学","Environment and Planning B: Urban Analytics and City Science","EPB","2399-8091","Not so ‘placeless’ after all. Understanding the spatial implications of the digital economy","2025-11-14","published-online","10.1177/23998083251398897","https://doi.org/10.1177/23998083251398897","yes","空间统计与空间计量","spatial econometrics","","","","","Must match at least one method_family keyword in Crossref title or abstract"
"2025-11","城市分析与空间科学","Environment and Planning B: Urban Analytics and City Science","EPB","2399-8091","Big data from online debates to urban design and planning actions: Visualizing large-scale human-centric data for post-participation","2025-11-18","published-online","10.1177/23998083251398062","https://doi.org/10.1177/23998083251398062","yes","机器学习","clustering","","","时间尺度与动态过程","temporal dynamics","Must match at least one method_family keyword in Crossref title or abstract"
"2025-11","城市分析与空间科学","Environment and Planning B: Urban Analytics and City Science","EPB","2399-8091","Perceptual hashing meets Hilbert curves: An innovative dimensionality reduction method for intercity morphological complexity comparison","2025-11-25","published-online","10.1177/23998083251401616","https://doi.org/10.1177/23998083251401616","yes","机器学习","clustering","","","城市、区域与空间结构","city | urban form","Must match at least one method_family keyword in Crossref title or abstract"
"2025-11","地理信息科学","Geo-spatial Information Science","GSIS","1993-5153","A U-Net network-based downward continuation method for airborne gravity","2025-11-10","published-online","10.1080/10095020.2025.2566790","https://doi.org/10.1080/10095020.2025.2566790","no","深度学习与神经网络","U-Net","","","","","Must match at least one method_family keyword in Crossref title or abstract"
"2025-11","地理信息科学","Geo-spatial Information Science","GSIS","1993-5153","Snow wetness retrieval for snowmelt monitoring using dualpolarization SAR data","2025-11-10","published-online","10.1080/10095020.2025.2575799","https://doi.org/10.1080/10095020.2025.2575799","no","遥感视觉与影像分析","SAR","遥感与地球观测数据","SAR","","","Must match at least one method_family keyword in Crossref title or abstract"
"2025-11","地理信息科学","Geo-spatial Information Science","GSIS","1993-5153","Potential analysis of the comprehensive land consolidation for entire karst region based on improved random forest method: a case study in the Lijiang River Basin","2025-11-14","published-online","10.1080/10095020.2025.2583814","https://doi.org/10.1080/10095020.2025.2583814","no","机器学习","random forest","","","","","Must match at least one method_family keyword in Crossref title or abstract"
"2025-11","地理信息科学","Geo-spatial Information Science","GSIS","1993-5153","Impacts of Period Offset and Period Variation on modeling seasonal signals in GNSS coordinate time series from both theoretical and practical perspectives","2025-11-20","published-online","10.1080/10095020.2025.2583793","https://doi.org/10.1080/10095020.2025.2583793","no","时序与时空建模","time series","","","","","Must match at least one method_family keyword in Crossref title or abstract"
"2025-11","地理信息科学","Geo-spatial Information Science","GSIS","1993-5153","MSRFormer: road network representation learning using multi-scale feature fusion of heterogeneous spatial interactions","2025-11-21","published-online","10.1080/10095020.2025.2583710","https://doi.org/10.1080/10095020.2025.2583710","no","图模型与网络方法 | 空间交互与移动性模型","road network | spatial interaction","基础地理与城市数据库","road network","","","Must match at least one method_family keyword in Crossref title or abstract"
"2025-11","地理信息科学","Geo-spatial Information Science","GSIS","1993-5153","Assessing multisensor integration for geological modeling: UAV photogrammetry, LiDAR, and hyperspectral data in a visualization workflow","2025-11-24","published-online","10.1080/10095020.2025.2583842","https://doi.org/10.1080/10095020.2025.2583842","no","遥感视觉与影像分析","photogrammetry | LiDAR | hyperspectral","遥感与地球观测数据","UAV | LiDAR | hyperspectral","","","Must match at least one method_family keyword in Crossref title or abstract"
"2025-11","地理信息科学","Geo-spatial Information Science","GSIS","1993-5153","Environmental drivers of the spatio-temporal variations of chlorophyll-a within the coastal polynya in the Ross Sea","2025-11-25","published-online","10.1080/10095020.2025.2586985","https://doi.org/10.1080/10095020.2025.2586985","no","时序与时空建模","spatio-temporal","","","","","Must match at least one method_family keyword in Crossref title or abstract"
"2025-11","地理信息科学","Geo-spatial Information Science","GSIS","1993-5153","MBLKNet: a large kernel convolution-driven network with multi-task self-supervised learning for SAR maritime target classification","2025-11-27","published-online","10.1080/10095020.2025.2584937","https://doi.org/10.1080/10095020.2025.2584937","no","GeoAI 与基础模型 | 机器学习 | 遥感视觉与影像分析","self-supervised learning | supervised learning | classification | SAR","遥感与地球观测数据","SAR","","","Must match at least one method_family keyword in Crossref title or abstract"
"2025-11","空间统计与地理分析","Geographical Analysis","GEAN","1538-4632","A GIS ‐Based Framework for Modeling Hospital Accessibility in Spain Using Open and Collaborative Data","2025-11-06","published-online","10.1111/gean.70026","https://doi.org/10.1111/gean.70026","yes","图模型与网络方法","road network","基础地理与城市数据库","OpenStreetMap | road network","","","Must match at least one method_family keyword in Crossref title or abstract"
"2025-11","空间统计与地理分析","Geographical Analysis","GEAN","1538-4632","Smoothing the Edges: Reconceptualizing Space and Dealing With Modifiable Areal Unit Problems in (Un)Related Variety Research","2025-11-07","published-online","10.1111/gean.70025","https://doi.org/10.1111/gean.70025","yes","空间统计与空间计量","LISA","","","","","Must match at least one method_family keyword in Crossref title or abstract"
"2025-11","GeoAI 与遥感","GIScience & Remote Sensing","G&RS","1548-1603","Assessing spatiotemporal consistency of vegetation productivity indicators (SIF, GPP, NPP) in northwest China: climate and vegetation perspectives","2025-11-03","published-online","10.1080/15481603.2025.2573536","https://doi.org/10.1080/15481603.2025.2573536","no","时序与时空建模","spatiotemporal","","","环境监测与灾害风险","climate","Must match at least one method_family keyword in Crossref title or abstract"
"2025-11","GeoAI 与遥感","GIScience & Remote Sensing","G&RS","1548-1603","Spatiotemporal simulation and prediction of solar-induced chlorophyll fluorescence (SIF) across large-scale grasslands via multi-source data synergy: a case study of Northern China","2025-11-03","published-online","10.1080/15481603.2025.2573565","https://doi.org/10.1080/15481603.2025.2573565","no","时序与时空建模 | 仿真、优化与强化学习","spatiotemporal | simulation","","","","","Must match at least one method_family keyword in Crossref title or abstract"
"2025-11","GeoAI 与遥感","GIScience & Remote Sensing","G&RS","1548-1603","Spatiotemporal variability of methane concentrations driven by ruminant livestock in Mongolia: insights from satellite observations and machine learning","2025-11-14","published-online","10.1080/15481603.2025.2582118","https://doi.org/10.1080/15481603.2025.2582118","no","机器学习 | 时序与时空建模","machine learning | spatiotemporal","","","","","Must match at least one method_family keyword in Crossref title or abstract"
"2025-11","GeoAI 与遥感","GIScience & Remote Sensing","G&RS","1548-1603","A new framework for mapping rubber plantations through the combination of semiautomatic sample migration, dynamic phenology, and change detection variables based on time series Landsat images","2025-11-30","published-online","10.1080/15481603.2025.2587939","https://doi.org/10.1080/15481603.2025.2587939","no","时序与时空建模","time series | change detection","遥感与地球观测数据","Landsat","","","Must match at least one method_family keyword in Crossref title or abstract"
"2025-11","GeoAI 与遥感","GIScience & Remote Sensing","G&RS","1548-1603","Estimation of black carbon concentration in China based on a dynamic weighted ensemble learning model","2025-11-30","published-online","10.1080/15481603.2025.2589616","https://doi.org/10.1080/15481603.2025.2589616","no","机器学习","ensemble learning","","","","","Must match at least one method_family keyword in Crossref title or abstract"
"2025-11","遥感与地球观测","International Journal of Applied Earth Observation and Geoinformation","JAG","1569-8432","3D-M2C-ResNet: A Multi-Scale feature enhancement and fusion model for Fine-Scale tree species classification in urban forests","2025-11-01","published","10.1016/j.jag.2025.104874","https://doi.org/10.1016/j.jag.2025.104874","no","机器学习 | 深度学习与神经网络","classification | ResNet","","","","","Must match at least one method_family keyword in Crossref title or abstract"
"2025-11","遥感与地球观测","International Journal of Applied Earth Observation and Geoinformation","JAG","1569-8432","A change detection framework with relative depth information assistance","2025-11-01","published","10.1016/j.jag.2025.104942","https://doi.org/10.1016/j.jag.2025.104942","no","时序与时空建模","change detection","","","","","Must match at least one method_family keyword in Crossref title or abstract"
"2025-11","遥感与地球观测","International Journal of Applied Earth Observation and Geoinformation","JAG","1569-8432","A CNN-based statistical method for land cover classification to assess urban vulnerability to explosions: Case study of Paris, France","2025-11-01","published","10.1016/j.jag.2025.104878","https://doi.org/10.1016/j.jag.2025.104878","no","机器学习 | 深度学习与神经网络","classification | CNN","基础地理与城市数据库","land cover","","","Must match at least one method_family keyword in Crossref title or abstract"
"2025-11","遥感与地球观测","International Journal of Applied Earth Observation and Geoinformation","JAG","1569-8432","A Data-Driven framework for pedestrian oriented route planning leveraging deep learning and spatial perception","2025-11-01","published","10.1016/j.jag.2025.104932","https://doi.org/10.1016/j.jag.2025.104932","no","深度学习与神经网络","deep learning","","","","","Must match at least one method_family keyword in Crossref title or abstract"
"2025-11","遥感与地球观测","International Journal of Applied Earth Observation and Geoinformation","JAG","1569-8432","A diffusion model for hyperspectral and multispectral fusion guided by prior knowledge","2025-11-01","published","10.1016/j.jag.2025.104923","https://doi.org/10.1016/j.jag.2025.104923","no","遥感视觉与影像分析","hyperspectral","遥感与地球观测数据","hyperspectral | multispectral","","","Must match at least one method_family keyword in Crossref title or abstract"
"2025-11","遥感与地球观测","International Journal of Applied Earth Observation and Geoinformation","JAG","1569-8432","A layer-wise classification framework for coastal wetlands mapping using SAR time series and locally optimal spatiotemporal features","2025-11-01","published","10.1016/j.jag.2025.104904","https://doi.org/10.1016/j.jag.2025.104904","no","机器学习 | 时序与时空建模 | 遥感视觉与影像分析","classification | spatiotemporal | time series | SAR","遥感与地球观测数据","SAR","","","Must match at least one method_family keyword in Crossref title or abstract"
"2025-11","遥感与地球观测","International Journal of Applied Earth Observation and Geoinformation","JAG","1569-8432","A novel projection map driven multimodal fusion framework for ALS point cloud semantic segmentation","2025-11-01","published","10.1016/j.jag.2025.104907","https://doi.org/10.1016/j.jag.2025.104907","no","遥感视觉与影像分析","semantic segmentation | point cloud","","","","","Must match at least one method_family keyword in Crossref title or abstract"
"2025-11","遥感与地球观测","International Journal of Applied Earth Observation and Geoinformation","JAG","1569-8432","A novel sea ice floe fragmentation index using Sentinel-2 and AMSR2 satellite data based on machine learning","2025-11-01","published","10.1016/j.jag.2025.104911","https://doi.org/10.1016/j.jag.2025.104911","no","机器学习","machine learning","遥感与地球观测数据","Sentinel","","","Must match at least one method_family keyword in Crossref title or abstract"
"2025-11","遥感与地球观测","International Journal of Applied Earth Observation and Geoinformation","JAG","1569-8432","A SAR-based deep multi-feature fusion network (MDFLD-Net) for water leakage detection","2025-11-01","published","10.1016/j.jag.2025.104915","https://doi.org/10.1016/j.jag.2025.104915","no","遥感视觉与影像分析","SAR","遥感与地球观测数据","SAR","","","Must match at least one method_family keyword in Crossref title or abstract"
"2025-11","遥感与地球观测","International Journal of Applied Earth Observation and Geoinformation","JAG","1569-8432","A spatiotemporal-guided hybrid learning model for mapping surface air relative humidity","2025-11-01","published","10.1016/j.jag.2025.104895","https://doi.org/10.1016/j.jag.2025.104895","no","时序与时空建模","spatiotemporal","","","","","Must match at least one method_family keyword in Crossref title or abstract"
"2025-11","遥感与地球观测","International Journal of Applied Earth Observation and Geoinformation","JAG","1569-8432","A variational autoencoder inspired unsupervised remote sensing image super resolution method with multi-degradation","2025-11-01","published","10.1016/j.jag.2025.104885","https://doi.org/10.1016/j.jag.2025.104885","no","深度学习与神经网络","autoencoder","遥感与地球观测数据","remote sensing","","","Must match at least one method_family keyword in Crossref title or abstract"
"2025-11","遥感与地球观测","International Journal of Applied Earth Observation and Geoinformation","JAG","1569-8432","Accurate flood extent mapping in suburban areas using a single SAR image: FFT-based artifact removal approach","2025-11-01","published","10.1016/j.jag.2025.104941","https://doi.org/10.1016/j.jag.2025.104941","no","遥感视觉与影像分析","SAR","遥感与地球观测数据","SAR","环境监测与灾害风险","flood","Must match at least one method_family keyword in Crossref title or abstract"
"2025-11","遥感与地球观测","International Journal of Applied Earth Observation and Geoinformation","JAG","1569-8432","Alteration mineral information extraction based on image super-resolution technology","2025-11-01","published","10.1016/j.jag.2025.104872","https://doi.org/10.1016/j.jag.2025.104872","no","遥感视觉与影像分析","super-resolution","","","","","Must match at least one method_family keyword in Crossref title or abstract"
"2025-11","遥感与地球观测","International Journal of Applied Earth Observation and Geoinformation","JAG","1569-8432","Assessing four-decade spatiotemporal changes of chlorophyll-a concentration in lakes and reservoirs of the mid-lower yangtze river basin using landsat imagery and machine learning","2025-11-01","published","10.1016/j.jag.2025.104957","https://doi.org/10.1016/j.jag.2025.104957","no","机器学习 | 时序与时空建模","machine learning | spatiotemporal","遥感与地球观测数据","Landsat","","","Must match at least one method_family keyword in Crossref title or abstract"
"2025-11","遥感与地球观测","International Journal of Applied Earth Observation and Geoinformation","JAG","1569-8432","Automated high-resolution 3D crevasse extraction and dynamic linkages: an integrated UAV-LiDAR, photogrammetry, and C-TransUNet framework","2025-11-01","published","10.1016/j.jag.2025.104881","https://doi.org/10.1016/j.jag.2025.104881","no","遥感视觉与影像分析","photogrammetry | LiDAR","遥感与地球观测数据","UAV | LiDAR","","","Must match at least one method_family keyword in Crossref title or abstract"
"2025-11","遥感与地球观测","International Journal of Applied Earth Observation and Geoinformation","JAG","1569-8432","Bayesian Network analysis of spatial disparities in child nutrition status and health determinants across Indonesia","2025-11-01","published","10.1016/j.jag.2025.104936","https://doi.org/10.1016/j.jag.2025.104936","no","图模型与网络方法","network analysis","","","","","Must match at least one method_family keyword in Crossref title or abstract"
"2025-11","遥感与地球观测","International Journal of Applied Earth Observation and Geoinformation","JAG","1569-8432","Bridging the cloud gap: AHI/ATMS synergy through CNN feature fusion for all-weather SST retrieval","2025-11-01","published","10.1016/j.jag.2025.104887","https://doi.org/10.1016/j.jag.2025.104887","no","深度学习与神经网络","CNN","","","","","Must match at least one method_family keyword in Crossref title or abstract"
"2025-11","遥感与地球观测","International Journal of Applied Earth Observation and Geoinformation","JAG","1569-8432","Combining two water type classification schemes for semi-analytical estimation of suspended particulate matter concentrations in various water bodies","2025-11-01","published","10.1016/j.jag.2025.104909","https://doi.org/10.1016/j.jag.2025.104909","no","机器学习","classification","","","","","Must match at least one method_family keyword in Crossref title or abstract"
"2025-11","遥感与地球观测","International Journal of Applied Earth Observation and Geoinformation","JAG","1569-8432","Corrigendum to “A framework for road space extraction from point clouds and integration into 3D city models.” [Int. J. Appl. Earth Obs. Geoinf. 143 (2025) 104803]","2025-11-01","published","10.1016/j.jag.2025.104956","https://doi.org/10.1016/j.jag.2025.104956","no","遥感视觉与影像分析","point cloud","","","城市、区域与空间结构","city","Must match at least one method_family keyword in Crossref title or abstract"
"2025-11","遥感与地球观测","International Journal of Applied Earth Observation and Geoinformation","JAG","1569-8432","Daily high-resolution PM2.5 mapping using spatiotemporal CNN-transformer-KAN model","2025-11-01","published","10.1016/j.jag.2025.104900","https://doi.org/10.1016/j.jag.2025.104900","no","深度学习与神经网络 | 时序与时空建模","CNN | transformer | spatiotemporal","","","","","Must match at least one method_family keyword in Crossref title or abstract"
"2025-11","遥感与地球观测","International Journal of Applied Earth Observation and Geoinformation","JAG","1569-8432","Daily-scale dynamic monitoring of soil salinization in arid cotton fields based on multi-source remote sensing spatiotemporal fusion","2025-11-01","published","10.1016/j.jag.2025.104940","https://doi.org/10.1016/j.jag.2025.104940","no","时序与时空建模","spatiotemporal","遥感与地球观测数据","remote sensing","","","Must match at least one method_family keyword in Crossref title or abstract"
"2025-11","遥感与地球观测","International Journal of Applied Earth Observation and Geoinformation","JAG","1569-8432","Deep Learning and Multi Source 2D and 3D Geospatial Data for Urban Quality of Life Assessment","2025-11-01","published","10.1016/j.jag.2025.104838","https://doi.org/10.1016/j.jag.2025.104838","no","深度学习与神经网络","deep learning","","","","","Must match at least one method_family keyword in Crossref title or abstract"
"2025-11","遥感与地球观测","International Journal of Applied Earth Observation and Geoinformation","JAG","1569-8432","Deep learning tools to support deforestation monitoring in Ivory Coast using SAR and optical satellite imagery","2025-11-01","published","10.1016/j.jag.2025.104849","https://doi.org/10.1016/j.jag.2025.104849","no","深度学习与神经网络 | 遥感视觉与影像分析","deep learning | SAR","遥感与地球观测数据","satellite imagery | SAR","","","Must match at least one method_family keyword in Crossref title or abstract"
"2025-11","遥感与地球观测","International Journal of Applied Earth Observation and Geoinformation","JAG","1569-8432","Detection of ocean eddies from satellite ocean color and SST measurements using a deep learning approach","2025-11-01","published","10.1016/j.jag.2025.104929","https://doi.org/10.1016/j.jag.2025.104929","no","深度学习与神经网络","deep learning","","","","","Must match at least one method_family keyword in Crossref title or abstract"
"2025-11","遥感与地球观测","International Journal of Applied Earth Observation and Geoinformation","JAG","1569-8432","Dual-stage wildfire risk analysis in South Korea: Susceptibility mapping from a decade of FIRMS data and 2025 burn area detection with multi-sensor classification","2025-11-01","published","10.1016/j.jag.2025.104890","https://doi.org/10.1016/j.jag.2025.104890","no","机器学习","classification","传感器与物联网数据","sensor","环境监测与灾害风险","wildfire","Must match at least one method_family keyword in Crossref title or abstract"
"2025-11","遥感与地球观测","International Journal of Applied Earth Observation and Geoinformation","JAG","1569-8432","Dynamic fusion of medium-resolution optical and SAR imagery for methane source infrastructure classification","2025-11-01","published","10.1016/j.jag.2025.104876","https://doi.org/10.1016/j.jag.2025.104876","no","机器学习 | 遥感视觉与影像分析","classification | SAR","遥感与地球观测数据","SAR","","","Must match at least one method_family keyword in Crossref title or abstract"
"2025-11","遥感与地球观测","International Journal of Applied Earth Observation and Geoinformation","JAG","1569-8432","Enhancing land use and land cover classification with deep learning-based satellite imagery segmentation","2025-11-01","published","10.1016/j.jag.2025.104839","https://doi.org/10.1016/j.jag.2025.104839","no","机器学习 | 深度学习与神经网络","classification | deep learning","遥感与地球观测数据 | 基础地理与城市数据库","satellite imagery | land use | land cover","","","Must match at least one method_family keyword in Crossref title or abstract"
"2025-11","遥感与地球观测","International Journal of Applied Earth Observation and Geoinformation","JAG","1569-8432","Estimating branch angle distributions from terrestrial laser scanning data using an instance segmentation-based contraction method","2025-11-01","published","10.1016/j.jag.2025.104903","https://doi.org/10.1016/j.jag.2025.104903","no","遥感视觉与影像分析","instance segmentation","","","","","Must match at least one method_family keyword in Crossref title or abstract"
"2025-11","遥感与地球观测","International Journal of Applied Earth Observation and Geoinformation","JAG","1569-8432","Evaluating ensemble machine learning and feature optimization for mapping peatland vegetation using UAS-derived data","2025-11-01","published","10.1016/j.jag.2025.104901","https://doi.org/10.1016/j.jag.2025.104901","no","机器学习 | 仿真、优化与强化学习","machine learning | optimization","","","","","Must match at least one method_family keyword in Crossref title or abstract"
"2025-11","遥感与地球观测","International Journal of Applied Earth Observation and Geoinformation","JAG","1569-8432","Extraction of line Surge Arresters from UAV LiDAR point clouds based on multi-view structural features","2025-11-01","published","10.1016/j.jag.2025.104950","https://doi.org/10.1016/j.jag.2025.104950","no","遥感视觉与影像分析","point cloud | LiDAR","遥感与地球观测数据","UAV | LiDAR","","","Must match at least one method_family keyword in Crossref title or abstract"
"2025-11","遥感与地球观测","International Journal of Applied Earth Observation and Geoinformation","JAG","1569-8432","Geo-Mamba: A data-driven Mamba framework for spatiotemporal modeling with multi-source geographic factor integration","2025-11-01","published","10.1016/j.jag.2025.104854","https://doi.org/10.1016/j.jag.2025.104854","no","时序与时空建模","spatiotemporal","","","","","Must match at least one method_family keyword in Crossref title or abstract"
"2025-11","遥感与地球观测","International Journal of Applied Earth Observation and Geoinformation","JAG","1569-8432","GeoKG-HSA: A framework for habitat suitability assessment with geospatial knowledge graphs","2025-11-01","published","10.1016/j.jag.2025.104921","https://doi.org/10.1016/j.jag.2025.104921","no","图模型与网络方法","knowledge graph","","","","","Must match at least one method_family keyword in Crossref title or abstract"
"2025-11","遥感与地球观测","International Journal of Applied Earth Observation and Geoinformation","JAG","1569-8432","Hyper-neighborhood context-aware transformer network for high-resolution remote sensing change detection","2025-11-01","published","10.1016/j.jag.2025.104861","https://doi.org/10.1016/j.jag.2025.104861","no","深度学习与神经网络 | 时序与时空建模","transformer | change detection","遥感与地球观测数据","remote sensing","城市、区域与空间结构","neighborhood","Must match at least one method_family keyword in Crossref title or abstract"
"2025-11","遥感与地球观测","International Journal of Applied Earth Observation and Geoinformation","JAG","1569-8432","Improving global land cover fraction change mapping using temporal deep learning","2025-11-01","published","10.1016/j.jag.2025.104927","https://doi.org/10.1016/j.jag.2025.104927","no","深度学习与神经网络","deep learning","基础地理与城市数据库","land cover","","","Must match at least one method_family keyword in Crossref title or abstract"
"2025-11","遥感与地球观测","International Journal of Applied Earth Observation and Geoinformation","JAG","1569-8432","Individual tree species prediction using airborne laser scanning data and derived point-cloud metrics within a dual-stream deep learning approach","2025-11-01","published","10.1016/j.jag.2025.104877","https://doi.org/10.1016/j.jag.2025.104877","no","深度学习与神经网络","deep learning","","","","","Must match at least one method_family keyword in Crossref title or abstract"
"2025-11","遥感与地球观测","International Journal of Applied Earth Observation and Geoinformation","JAG","1569-8432","Iterative guiding network for hyperspectral super-resolution","2025-11-01","published","10.1016/j.jag.2025.104856","https://doi.org/10.1016/j.jag.2025.104856","no","遥感视觉与影像分析","super-resolution | hyperspectral","遥感与地球观测数据","hyperspectral","","","Must match at least one method_family keyword in Crossref title or abstract"
"2025-11","遥感与地球观测","International Journal of Applied Earth Observation and Geoinformation","JAG","1569-8432","LoLA-SpecViT: Local attention SwiGLU vision transformer with LoRA for hyperspectral imaging","2025-11-01","published","10.1016/j.jag.2025.104924","https://doi.org/10.1016/j.jag.2025.104924","no","深度学习与神经网络 | 遥感视觉与影像分析","transformer | hyperspectral","遥感与地球观测数据","hyperspectral","","","Must match at least one method_family keyword in Crossref title or abstract"
"2025-11","遥感与地球观测","International Journal of Applied Earth Observation and Geoinformation","JAG","1569-8432","Mapping internal farm roadways to identify runoff accumulation areas using an integrated GIS, aerial imagery and deep learning approach in grassland farms","2025-11-01","published","10.1016/j.jag.2025.104896","https://doi.org/10.1016/j.jag.2025.104896","no","深度学习与神经网络","deep learning","遥感与地球观测数据","aerial imagery","","","Must match at least one method_family keyword in Crossref title or abstract"
"2025-11","遥感与地球观测","International Journal of Applied Earth Observation and Geoinformation","JAG","1569-8432","Mapping invasive Opuntia stricta in Kenya’s Drylands using explainable machine learning with time-series remote sensing and geographic context","2025-11-01","published","10.1016/j.jag.2025.104867","https://doi.org/10.1016/j.jag.2025.104867","no","机器学习","machine learning","遥感与地球观测数据","remote sensing","","","Must match at least one method_family keyword in Crossref title or abstract"
"2025-11","遥感与地球观测","International Journal of Applied Earth Observation and Geoinformation","JAG","1569-8432","Mitigating data Constraints in crop mapping: A self-supervised framework integrating adaptive clustering, graph convolution and global spatiotemporal attention","2025-11-01","published","10.1016/j.jag.2025.104951","https://doi.org/10.1016/j.jag.2025.104951","no","机器学习 | 图模型与网络方法 | 时序与时空建模","clustering | graph | spatiotemporal","","","","","Must match at least one method_family keyword in Crossref title or abstract"
"2025-11","遥感与地球观测","International Journal of Applied Earth Observation and Geoinformation","JAG","1569-8432","Modeling grassland parameters with hyperspectral satellite data: Comparison of sensors, acquisition times and spectral transformations","2025-11-01","published","10.1016/j.jag.2025.104857","https://doi.org/10.1016/j.jag.2025.104857","no","遥感视觉与影像分析","hyperspectral","遥感与地球观测数据","hyperspectral","","","Must match at least one method_family keyword in Crossref title or abstract"
"2025-11","遥感与地球观测","International Journal of Applied Earth Observation and Geoinformation","JAG","1569-8432","Multi-modal DEM super-resolution using relative depth: A new benchmark and beyond","2025-11-01","published","10.1016/j.jag.2025.104865","https://doi.org/10.1016/j.jag.2025.104865","no","遥感视觉与影像分析","super-resolution","基础地理与城市数据库","DEM","","","Must match at least one method_family keyword in Crossref title or abstract"
"2025-11","遥感与地球观测","International Journal of Applied Earth Observation and Geoinformation","JAG","1569-8432","Multi-model estimation of wetland vegetation biomass combining UAV LiDAR, hyperspectral, and ZY-1 02E spaceborne 2.5m-fused multispectral data: A case study of Qilihai Wetland, China","2025-11-01","published","10.1016/j.jag.2025.104944","https://doi.org/10.1016/j.jag.2025.104944","no","遥感视觉与影像分析","LiDAR | hyperspectral","遥感与地球观测数据","UAV | LiDAR | hyperspectral | multispectral","","","Must match at least one method_family keyword in Crossref title or abstract"
"2025-11","遥感与地球观测","International Journal of Applied Earth Observation and Geoinformation","JAG","1569-8432","PointSSM: State space model for large-scale LiDAR point cloud semantic segmentation","2025-11-01","published","10.1016/j.jag.2025.104830","https://doi.org/10.1016/j.jag.2025.104830","no","遥感视觉与影像分析","semantic segmentation | point cloud | LiDAR","遥感与地球观测数据","LiDAR","","","Must match at least one method_family keyword in Crossref title or abstract"
"2025-11","遥感与地球观测","International Journal of Applied Earth Observation and Geoinformation","JAG","1569-8432","Predicting fire susceptibility: Integrating environmental factors with knowledge graph and neural network","2025-11-01","published","10.1016/j.jag.2025.104898","https://doi.org/10.1016/j.jag.2025.104898","no","深度学习与神经网络 | 图模型与网络方法","neural network | graph | knowledge graph","","","","","Must match at least one method_family keyword in Crossref title or abstract"
"2025-11","遥感与地球观测","International Journal of Applied Earth Observation and Geoinformation","JAG","1569-8432","Predicting regional-scale groundwater levels at high spatial resolution using spatial Random Forest models","2025-11-01","published","10.1016/j.jag.2025.104918","https://doi.org/10.1016/j.jag.2025.104918","no","机器学习","random forest","","","","","Must match at least one method_family keyword in Crossref title or abstract"
"2025-11","遥感与地球观测","International Journal of Applied Earth Observation and Geoinformation","JAG","1569-8432","Prior information guided cost optimization for terrain generation from high-resolution orbiter imagery of lunar south pole","2025-11-01","published","10.1016/j.jag.2025.104955","https://doi.org/10.1016/j.jag.2025.104955","no","仿真、优化与强化学习","optimization","","","","","Must match at least one method_family keyword in Crossref title or abstract"
"2025-11","遥感与地球观测","International Journal of Applied Earth Observation and Geoinformation","JAG","1569-8432","PyramidMamba: Rethinking pyramid feature fusion with selective space state model for semantic segmentation of remote sensing imagery","2025-11-01","published","10.1016/j.jag.2025.104884","https://doi.org/10.1016/j.jag.2025.104884","no","遥感视觉与影像分析","semantic segmentation","遥感与地球观测数据","remote sensing","","","Must match at least one method_family keyword in Crossref title or abstract"
"2025-11","遥感与地球观测","International Journal of Applied Earth Observation and Geoinformation","JAG","1569-8432","Shipborne bathymetry constrained denoising diffusion probabilistic model for seafloor DEM super-resolution","2025-11-01","published","10.1016/j.jag.2025.104953","https://doi.org/10.1016/j.jag.2025.104953","no","遥感视觉与影像分析","super-resolution","基础地理与城市数据库","DEM","","","Must match at least one method_family keyword in Crossref title or abstract"
"2025-11","遥感与地球观测","International Journal of Applied Earth Observation and Geoinformation","JAG","1569-8432","SLIMIC: A novel urban SAR tomography method based on single look iterative MUSIC and sequential GLRT with cancellation","2025-11-01","published","10.1016/j.jag.2025.104937","https://doi.org/10.1016/j.jag.2025.104937","no","遥感视觉与影像分析","SAR","遥感与地球观测数据","SAR","","","Must match at least one method_family keyword in Crossref title or abstract"
"2025-11","遥感与地球观测","International Journal of Applied Earth Observation and Geoinformation","JAG","1569-8432","Tobacco yield estimation via multi-source data fusion and recurrent neural networks","2025-11-01","published","10.1016/j.jag.2025.104925","https://doi.org/10.1016/j.jag.2025.104925","no","深度学习与神经网络","neural network | recurrent neural network","","","","","Must match at least one method_family keyword in Crossref title or abstract"
"2025-11","遥感与地球观测","International Journal of Applied Earth Observation and Geoinformation","JAG","1569-8432","Multi-modal cross Swin transformer network for multi-label classification landslide detection with optical and SAR images of Luding","2025-11-15","created-proxy","10.1016/j.jag.2025.104954","https://doi.org/10.1016/j.jag.2025.104954","no","机器学习 | 深度学习与神经网络 | 遥感视觉与影像分析","classification | transformer | SAR","遥感与地球观测数据","SAR","环境监测与灾害风险","landslide","Must match at least one method_family keyword in Crossref title or abstract"
"2025-11","遥感与地球观测","International Journal of Applied Earth Observation and Geoinformation","JAG","1569-8432","Spatiotemporal analysis of wildfire severity in California, United States via satellite imagery and in-situ data, 2000–2023","2025-11-15","created-proxy","10.1016/j.jag.2025.104891","https://doi.org/10.1016/j.jag.2025.104891","no","时序与时空建模","spatiotemporal | temporal analysis","遥感与地球观测数据","satellite imagery","环境监测与灾害风险","wildfire","Must match at least one method_family keyword in Crossref title or abstract"
"2025-11","遥感与地球观测","International Journal of Applied Earth Observation and Geoinformation","JAG","1569-8432","Trends and drivers of Arctic lake color change from Landsat time series","2025-11-15","created-proxy","10.1016/j.jag.2025.104952","https://doi.org/10.1016/j.jag.2025.104952","no","时序与时空建模","time series","遥感与地球观测数据","Landsat","","","Must match at least one method_family keyword in Crossref title or abstract"
"2025-11","遥感与地球观测","International Journal of Applied Earth Observation and Geoinformation","JAG","1569-8432","HRCM: Human–Robot LiDAR-inertial collaborative mapping with robust triangulated planes","2025-11-19","created-proxy","10.1016/j.jag.2025.104959","https://doi.org/10.1016/j.jag.2025.104959","no","遥感视觉与影像分析","LiDAR","遥感与地球观测数据","LiDAR","","","Must match at least one method_family keyword in Crossref title or abstract"
"2025-11","遥感与地球观测","International Journal of Applied Earth Observation and Geoinformation","JAG","1569-8432","A transformer-based landform mapping method combining topographic knowledge and digital elevation data","2025-11-20","created-proxy","10.1016/j.jag.2025.104974","https://doi.org/10.1016/j.jag.2025.104974","no","深度学习与神经网络","transformer","","","","","Must match at least one method_family keyword in Crossref title or abstract"
"2025-11","遥感与地球观测","International Journal of Applied Earth Observation and Geoinformation","JAG","1569-8432","An improved ROBust OpTimization-based (iROBOT) fusion model for reliable spatiotemporal seamless remote sensing data reconstruction","2025-11-20","created-proxy","10.1016/j.jag.2025.104964","https://doi.org/10.1016/j.jag.2025.104964","no","时序与时空建模 | 仿真、优化与强化学习","spatiotemporal | optimization","遥感与地球观测数据","remote sensing","","","Must match at least one method_family keyword in Crossref title or abstract"
"2025-11","遥感与地球观测","International Journal of Applied Earth Observation and Geoinformation","JAG","1569-8432","Land surface change detection after major volcanic eruptions in Indonesia using Machine learning and Spatial-Temporal transferability","2025-11-20","created-proxy","10.1016/j.jag.2025.104965","https://doi.org/10.1016/j.jag.2025.104965","no","机器学习 | 时序与时空建模","machine learning | change detection","","","","","Must match at least one method_family keyword in Crossref title or abstract"
"2025-11","遥感与地球观测","International Journal of Applied Earth Observation and Geoinformation","JAG","1569-8432","Spatiotemporal crime prediction and fairness-constrained spatial optimization with deep reinforcement learning for patrol region design","2025-11-20","created-proxy","10.1016/j.jag.2025.104973","https://doi.org/10.1016/j.jag.2025.104973","no","时序与时空建模 | 仿真、优化与强化学习","spatiotemporal | optimization | reinforcement learning","","","","","Must match at least one method_family keyword in Crossref title or abstract"
"2025-11","遥感与地球观测","International Journal of Applied Earth Observation and Geoinformation","JAG","1569-8432","IntDT: A comprehensive roadside dual-lidar dataset and benchmarks for urban intersection digital twins","2025-11-21","created-proxy","10.1016/j.jag.2025.104980","https://doi.org/10.1016/j.jag.2025.104980","no","遥感视觉与影像分析","LiDAR","遥感与地球观测数据","LiDAR","","","Must match at least one method_family keyword in Crossref title or abstract"
"2025-11","遥感与地球观测","International Journal of Applied Earth Observation and Geoinformation","JAG","1569-8432","Transfer learning for improved crop yield predictions in a cross-scale pathway: a case study for Brazilian national soybean","2025-11-21","created-proxy","10.1016/j.jag.2025.104981","https://doi.org/10.1016/j.jag.2025.104981","no","GeoAI 与基础模型","transfer learning","","","","","Must match at least one method_family keyword in Crossref title or abstract"
"2025-11","遥感与地球观测","International Journal of Applied Earth Observation and Geoinformation","JAG","1569-8432","Monitoring soil substrate influence in vineyards using Sentinel-2 time series and land surface phenology","2025-11-30","created-proxy","10.1016/j.jag.2025.104977","https://doi.org/10.1016/j.jag.2025.104977","no","时序与时空建模","time series","遥感与地球观测数据","Sentinel","","","Must match at least one method_family keyword in Crossref title or abstract"
"2025-11","数字地球与地理信息","International Journal of Digital Earth","IJDE","1753-8955","Comparison of UAV-LiDAR-driven biomass estimation approaches in planted forests with different management","2025-11-03","published-online","10.1080/17538947.2025.2576910","https://doi.org/10.1080/17538947.2025.2576910","no","遥感视觉与影像分析","LiDAR","遥感与地球观测数据","UAV | LiDAR","","","Must match at least one method_family keyword in Crossref title or abstract"
"2025-11","数字地球与地理信息","International Journal of Digital Earth","IJDE","1753-8955","LHAKG: a knowledge graph construction framework for landslide hazard assessment by using XLNet-BiLSTM-CRF from geoscience literature","2025-11-04","published-online","10.1080/17538947.2025.2577292","https://doi.org/10.1080/17538947.2025.2577292","no","图模型与网络方法","graph | knowledge graph","","","环境监测与灾害风险","landslide | hazard","Must match at least one method_family keyword in Crossref title or abstract"
"2025-11","数字地球与地理信息","International Journal of Digital Earth","IJDE","1753-8955","GeoColab: an LLM-based multi-agent collaborative framework for geospatial code generation","2025-11-06","published-online","10.1080/17538947.2025.2569405","https://doi.org/10.1080/17538947.2025.2569405","no","GeoAI 与基础模型","LLM","","","","","Must match at least one method_family keyword in Crossref title or abstract"
"2025-11","数字地球与地理信息","International Journal of Digital Earth","IJDE","1753-8955","A multimodal deep learning framework of large-scale urban functional zone mapping in the Guangdong-Hong Kong-Macao greater bay area","2025-11-11","published-online","10.1080/17538947.2025.2579795","https://doi.org/10.1080/17538947.2025.2579795","no","深度学习与神经网络","deep learning","","","","","Must match at least one method_family keyword in Crossref title or abstract"
"2025-11","数字地球与地理信息","International Journal of Digital Earth","IJDE","1753-8955","A POI-constrained multi-source online geocoding optimization method","2025-11-11","published-online","10.1080/17538947.2025.2578735","https://doi.org/10.1080/17538947.2025.2578735","no","仿真、优化与强化学习","optimization","街景、社交感知与众包数据","POI","","","Must match at least one method_family keyword in Crossref title or abstract"
"2025-11","数字地球与地理信息","International Journal of Digital Earth","IJDE","1753-8955","ShapefileGPT: a multi-agent large language model framework for automated shapefile processing","2025-11-14","published-online","10.1080/17538947.2025.2577884","https://doi.org/10.1080/17538947.2025.2577884","no","GeoAI 与基础模型","large language model","","","","","Must match at least one method_family keyword in Crossref title or abstract"
"2025-11","数字地球与地理信息","International Journal of Digital Earth","IJDE","1753-8955","Machine learning unveils temperature and mobility as critical predictors of urban crime in New York City (2008–2022): insights for sustainable urban systems","2025-11-24","published-online","10.1080/17538947.2025.2584508","https://doi.org/10.1080/17538947.2025.2584508","no","机器学习","machine learning","","","城市、区域与空间结构","city","Must match at least one method_family keyword in Crossref title or abstract"
"2025-11","数字地球与地理信息","International Journal of Digital Earth","IJDE","1753-8955","Nonlinear driving mechanism of PM 2.5 and spatial governance considering time series information entropy","2025-11-24","published-online","10.1080/17538947.2025.2578431","https://doi.org/10.1080/17538947.2025.2578431","no","时序与时空建模","time series","","","","","Must match at least one method_family keyword in Crossref title or abstract"
"2025-11","数字地球与地理信息","International Journal of Digital Earth","IJDE","1753-8955","TransRoadNet: a Transformer framework for multi-modal road network pattern recognition","2025-11-24","published-online","10.1080/17538947.2025.2579804","https://doi.org/10.1080/17538947.2025.2579804","no","深度学习与神经网络 | 图模型与网络方法","transformer | road network","基础地理与城市数据库","road network","","","Must match at least one method_family keyword in Crossref title or abstract"
"2025-11","数字地球与地理信息","International Journal of Digital Earth","IJDE","1753-8955","Global ocean gridded dataset and hypoxic zone expansion: reconstructed dissolved oxygen (1960–2021) based on machine learning technique","2025-11-25","published-online","10.1080/17538947.2025.2586914","https://doi.org/10.1080/17538947.2025.2586914","no","机器学习","machine learning","","","","","Must match at least one method_family keyword in Crossref title or abstract"
"2025-11","数字地球与地理信息","International Journal of Digital Earth","IJDE","1753-8955","High-Efficiency Geographically Weighted Regression based on CUDA: an enhanced algorithm with adaptive kernel for investigating spatial non-stationarity in large-scale observations","2025-11-26","published-online","10.1080/17538947.2025.2587494","https://doi.org/10.1080/17538947.2025.2587494","no","空间统计与空间计量","geographically weighted regression","","","","","Must match at least one method_family keyword in Crossref title or abstract"
"2025-11","数字地球与地理信息","International Journal of Digital Earth","IJDE","1753-8955","Integration of road context information into knowledge graph for intelligent analysis of road accidents","2025-11-26","published-online","10.1080/17538947.2025.2586832","https://doi.org/10.1080/17538947.2025.2586832","no","图模型与网络方法","graph | knowledge graph","","","","","Must match at least one method_family keyword in Crossref title or abstract"
"2025-11","数字地球与地理信息","International Journal of Digital Earth","IJDE","1753-8955","Climate change-adapted spatiotemporal prediction and monthly dynamic risk assessment of rainfall-induced landslides using 3ED-ConvLSTM","2025-11-30","published-online","10.1080/17538947.2025.2592378","https://doi.org/10.1080/17538947.2025.2592378","no","时序与时空建模","spatiotemporal","","","环境监测与灾害风险","climate","Must match at least one method_family keyword in Crossref title or abstract"
"2025-11","地理信息科学","International Journal of Geographical Information Science","IJGIS","1365-8816","ST-KrigingNet: deep spatiotemporal kriging neural network for multivariate and nonstationary spatiotemporal interpolation","2025-11-03","published-online","10.1080/13658816.2025.2577860","https://doi.org/10.1080/13658816.2025.2577860","no","深度学习与神经网络 | 空间统计与空间计量 | 时序与时空建模","neural network | kriging | spatiotemporal","","","","","Must match at least one method_family keyword in Crossref title or abstract"
"2025-11","地理信息科学","International Journal of Geographical Information Science","IJGIS","1365-8816","PathVGAE: a path-based variational graph autoencoder for learning to rank roads","2025-11-04","published-online","10.1080/13658816.2025.2580410","https://doi.org/10.1080/13658816.2025.2580410","no","深度学习与神经网络 | 图模型与网络方法","autoencoder | graph","","","","","Must match at least one method_family keyword in Crossref title or abstract"
"2025-11","地理信息科学","International Journal of Geographical Information Science","IJGIS","1365-8816","TBSI: a Transformer-based spatial learned index for efficient construction and query","2025-11-10","published-online","10.1080/13658816.2025.2581211","https://doi.org/10.1080/13658816.2025.2581211","no","深度学习与神经网络","transformer","","","","","Must match at least one method_family keyword in Crossref title or abstract"
"2025-11","地理信息科学","International Journal of Geographical Information Science","IJGIS","1365-8816","Uncertainty in visibility: a scoping review of the probable and fuzzy viewshed for observer location optimization","2025-11-10","published-online","10.1080/13658816.2025.2581833","https://doi.org/10.1080/13658816.2025.2581833","no","仿真、优化与强化学习","optimization","","","","","Must match at least one method_family keyword in Crossref title or abstract"
"2025-11","地理信息科学","International Journal of Geographical Information Science","IJGIS","1365-8816","An entropy and dimensional similarity-based geographically Weighted regression (EDSGWR) method","2025-11-19","published-online","10.1080/13658816.2025.2587155","https://doi.org/10.1080/13658816.2025.2587155","no","空间统计与空间计量","geographically weighted regression | GWR","","","","","Must match at least one method_family keyword in Crossref title or abstract"
"2025-11","地理信息科学","International Journal of Geographical Information Science","IJGIS","1365-8816","A spatial–temporal graph convolutional network enhanced by geospatial knowledge to forecast origin–destination flows","2025-11-26","published-online","10.1080/13658816.2025.2591250","https://doi.org/10.1080/13658816.2025.2591250","no","图模型与网络方法","graph | graph convolutional network","","","","","Must match at least one method_family keyword in Crossref title or abstract"
"2025-11","地理信息科学","International Journal of Geographical Information Science","IJGIS","1365-8816","Geographically weighted regression with convolutional neural networks to integrate attribute similarity and spatial proximity","2025-11-26","published-online","10.1080/13658816.2025.2591153","https://doi.org/10.1080/13658816.2025.2591153","no","深度学习与神经网络 | 空间统计与空间计量","neural network | convolutional neural network | geographically weighted regression","","","","","Must match at least one method_family keyword in Crossref title or abstract"
"2025-11","地理信息科学","ISPRS International Journal of Geo-Information","IJGI","2220-9964","InSAR Reveals Coseismic Deformation and Coulomb Stress Changes of the 2025 Tingri Earthquake: Implications for Regional Hazard Assessment","2025-11-01","published-online","10.3390/ijgi14110430","https://doi.org/10.3390/ijgi14110430","yes","遥感视觉与影像分析","SAR","遥感与地球观测数据","SAR | Sentinel","环境监测与灾害风险","hazard","Must match at least one method_family keyword in Crossref title or abstract"
"2025-11","地理信息科学","ISPRS International Journal of Geo-Information","IJGI","2220-9964","Geo-MRC: Dynamic Boundary Inference in Machine Reading Comprehension for Nested Geographic Named Entity Recognition","2025-11-02","published-online","10.3390/ijgi14110431","https://doi.org/10.3390/ijgi14110431","yes","深度学习与神经网络","neural network | GRU","","","","","Must match at least one method_family keyword in Crossref title or abstract"
"2025-11","地理信息科学","ISPRS International Journal of Geo-Information","IJGI","2220-9964","A Geometric Attribute Collaborative Method in Multi-Scale Polygonal Entity Matching Scenario: Integrating Sentence-BERT and Three-Branch Attention Network","2025-11-03","published-online","10.3390/ijgi14110435","https://doi.org/10.3390/ijgi14110435","yes","深度学习与神经网络","attention mechanism","","","城市、区域与空间结构","city","Must match at least one method_family keyword in Crossref title or abstract"
"2025-11","地理信息科学","ISPRS International Journal of Geo-Information","IJGI","2220-9964","Accelerating Computation for Estimating Land Surface Temperature: An Efficient Global–Local Regression (EGLR) Framework","2025-11-03","created-proxy","10.3390/ijgi14110427","https://doi.org/10.3390/ijgi14110427","yes","机器学习","machine learning | XGBoost","","","环境监测与灾害风险","heat","Must match at least one method_family keyword in Crossref title or abstract"
"2025-11","地理信息科学","ISPRS International Journal of Geo-Information","IJGI","2220-9964","An Automated Workflow for Generating 3D Solids from Indoor Point Clouds in a Cadastral Context","2025-11-03","created-proxy","10.3390/ijgi14110429","https://doi.org/10.3390/ijgi14110429","yes","仿真、优化与强化学习 | 遥感视觉与影像分析","optimization | point cloud","基础地理与城市数据库","cadastral","","","Must match at least one method_family keyword in Crossref title or abstract"
"2025-11","地理信息科学","ISPRS International Journal of Geo-Information","IJGI","2220-9964","Automated 3D Reconstruction of Interior Structures from Unstructured Point Clouds","2025-11-03","created-proxy","10.3390/ijgi14110428","https://doi.org/10.3390/ijgi14110428","yes","深度学习与神经网络 | 遥感视觉与影像分析","deep learning | point cloud","","","","","Must match at least one method_family keyword in Crossref title or abstract"
"2025-11","地理信息科学","ISPRS International Journal of Geo-Information","IJGI","2220-9964","FireRisk-Multi: A Dynamic Multimodal Fusion Framework for High-Precision Wildfire Risk Assessment","2025-11-03","created-proxy","10.3390/ijgi14110426","https://doi.org/10.3390/ijgi14110426","yes","机器学习","machine learning | support vector machine | SVM","遥感与地球观测数据","aerial imagery","环境监测与灾害风险","wildfire","Must match at least one method_family keyword in Crossref title or abstract"
"2025-11","地理信息科学","ISPRS International Journal of Geo-Information","IJGI","2220-9964","Multimodal Spatiotemporal Deep Fusion for Highway Traffic Accident Prediction in Toronto: A Case Study and Roadmap","2025-11-03","published-online","10.3390/ijgi14110434","https://doi.org/10.3390/ijgi14110434","yes","空间统计与空间计量 | 时序与时空建模","hotspot analysis | spatiotemporal","","","","","Must match at least one method_family keyword in Crossref title or abstract"
"2025-11","地理信息科学","ISPRS International Journal of Geo-Information","IJGI","2220-9964","DCal-Rec: A Spatio-Temporal Distribution Calibration Framework for Next-POI Recommendation","2025-11-04","published-online","10.3390/ijgi14110437","https://doi.org/10.3390/ijgi14110437","yes","GeoAI 与基础模型 | 时序与时空建模","contrastive learning | spatio-temporal","街景、社交感知与众包数据","POI","","","Must match at least one method_family keyword in Crossref title or abstract"
"2025-11","地理信息科学","ISPRS International Journal of Geo-Information","IJGI","2220-9964","How Does Built Environment Influence Housing Prices in Large-Scale Areas? An Interpretable Machine Learning Method by Considering Multi-Dimensional Accessibility","2025-11-04","published-online","10.3390/ijgi14110436","https://doi.org/10.3390/ijgi14110436","yes","机器学习 | 时序与时空建模 | 仿真、优化与强化学习","machine learning | random forest | spatiotemporal | optimization","街景、社交感知与众包数据","street view","","","Must match at least one method_family keyword in Crossref title or abstract"
"2025-11","地理信息科学","ISPRS International Journal of Geo-Information","IJGI","2220-9964","Context-Aware Anomaly Detection of Pedestrian Trajectories in Urban Back Streets Using a Variational Autoencoder","2025-11-05","published-online","10.3390/ijgi14110438","https://doi.org/10.3390/ijgi14110438","yes","机器学习 | 深度学习与神经网络","clustering | deep learning | autoencoder","轨迹与移动性数据","trajectory","城市、区域与空间结构","urban analytics","Must match at least one method_family keyword in Crossref title or abstract"
"2025-11","地理信息科学","ISPRS International Journal of Geo-Information","IJGI","2220-9964","Spatio-Temporal Variability and Environmental Associations of Emergency Department Demand: A Longitudinal Analysis in Zaragoza, Spain (2011–2024)","2025-11-07","published-online","10.3390/ijgi14110439","https://doi.org/10.3390/ijgi14110439","yes","机器学习 | 时序与时空建模","machine learning | XGBoost | spatio-temporal","","","时间尺度与动态过程","longitudinal","Must match at least one method_family keyword in Crossref title or abstract"
"2025-11","地理信息科学","ISPRS International Journal of Geo-Information","IJGI","2220-9964","Hurricane Precipitation Intensity as a Function of Geometric Shape: The Evolution of Dvorak Geometries","2025-11-08","published-online","10.3390/ijgi14110443","https://doi.org/10.3390/ijgi14110443","yes","机器学习 | 时序与时空建模","classification | clustering | forecasting","传感器与物联网数据","sensor","","","Must match at least one method_family keyword in Crossref title or abstract"
"2025-11","地理信息科学","ISPRS International Journal of Geo-Information","IJGI","2220-9964","Spatiotemporal Analysis of Skier Versus Snowboarder Injury Patterns: A GIS-Based Comparative Study at a Large West Coast Resort","2025-11-08","published-online","10.3390/ijgi14110442","https://doi.org/10.3390/ijgi14110442","yes","机器学习 | 时序与时空建模","clustering | spatiotemporal | temporal analysis","轨迹与移动性数据","GPS","","","Must match at least one method_family keyword in Crossref title or abstract"
"2025-11","地理信息科学","ISPRS International Journal of Geo-Information","IJGI","2220-9964","Choreme-Based Spatial Analysis and Tourism Assessment in the Oltenia de sub Munte Geopark, Romania","2025-11-09","published-online","10.3390/ijgi14110444","https://doi.org/10.3390/ijgi14110444","yes","空间交互与移动性模型","gravity model","","","城市、区域与空间结构","city","Must match at least one method_family keyword in Crossref title or abstract"
"2025-11","地理信息科学","ISPRS International Journal of Geo-Information","IJGI","2220-9964","Long-Term LULC Monitoring in El Jadida, Morocco (1985–2020): A Machine Learning-Based Comparative Analysis","2025-11-10","published-online","10.3390/ijgi14110445","https://doi.org/10.3390/ijgi14110445","yes","机器学习 | 深度学习与神经网络 | 时序与时空建模","machine learning | classification | random forest | support vector machine | SVM | neural network | spatio-temporal | temporal analysis | change detection","遥感与地球观测数据 | 基础地理与城市数据库","remote sensing | multispectral | Landsat | land use | land cover","","","Must match at least one method_family keyword in Crossref title or abstract"
"2025-11","地理信息科学","ISPRS International Journal of Geo-Information","IJGI","2220-9964","A Similarity Metric Method for Contour Line Groups Considering Terrain Features","2025-11-11","published-online","10.3390/ijgi14110446","https://doi.org/10.3390/ijgi14110446","yes","机器学习","classification","","","","","Must match at least one method_family keyword in Crossref title or abstract"
"2025-11","地理信息科学","ISPRS International Journal of Geo-Information","IJGI","2220-9964","A Spatial Planning Model for Obnoxious Facilities with Spatially Informed Constraints","2025-11-15","published-online","10.3390/ijgi14110449","https://doi.org/10.3390/ijgi14110449","yes","仿真、优化与强化学习","optimization","","","","","Must match at least one method_family keyword in Crossref title or abstract"
"2025-11","地理信息科学","ISPRS International Journal of Geo-Information","IJGI","2220-9964","Benford’s Law and Transport Infrastructure: The Analysis of the Main Road Network’s Higher-Level Segments in the EU","2025-11-15","published-online","10.3390/ijgi14110450","https://doi.org/10.3390/ijgi14110450","yes","图模型与网络方法","road network","基础地理与城市数据库","road network","","","Must match at least one method_family keyword in Crossref title or abstract"
"2025-11","地理信息科学","ISPRS International Journal of Geo-Information","IJGI","2220-9964","Urban Grid Population Inflow Prediction via POI-Enhanced Conditional Diffusion with Dual-Dimensional Attention","2025-11-15","published-online","10.3390/ijgi14110448","https://doi.org/10.3390/ijgi14110448","yes","深度学习与神经网络 | 空间交互与移动性模型","transformer | flow prediction","街景、社交感知与众包数据","POI","空间尺度、依赖与异质性 | 城市、区域与空间结构","spatial heterogeneity | smart city | city","Must match at least one method_family keyword in Crossref title or abstract"
"2025-11","地理信息科学","ISPRS International Journal of Geo-Information","IJGI","2220-9964","DDDMNet: A DSM Difference Normalization Module Network for Urban Building Change Detection","2025-11-16","published-online","10.3390/ijgi14110451","https://doi.org/10.3390/ijgi14110451","yes","深度学习与神经网络 | 时序与时空建模","deep learning | change detection","","","城市、区域与空间结构","smart city | city","Must match at least one method_family keyword in Crossref title or abstract"
"2025-11","地理信息科学","ISPRS International Journal of Geo-Information","IJGI","2220-9964","Analysis of Semi-Global Factors Influencing the Prediction of Crash Severity","2025-11-19","published-online","10.3390/ijgi14110454","https://doi.org/10.3390/ijgi14110454","yes","机器学习","machine learning","","","城市、区域与空间结构","city","Must match at least one method_family keyword in Crossref title or abstract"
"2025-11","地理信息科学","ISPRS International Journal of Geo-Information","IJGI","2220-9964","Machine Learning Insights into Supply–Demand Mismatch, Interactions and Driving Mechanisms of Ecosystem Services Across Scales: A Case Study of Xingtai, China","2025-11-19","published-online","10.3390/ijgi14110452","https://doi.org/10.3390/ijgi14110452","yes","机器学习 | 空间统计与空间计量 | 时序与时空建模","machine learning | XGBoost | geographically weighted regression | GWR | spatiotemporal","","","城市、区域与空间结构","city","Must match at least one method_family keyword in Crossref title or abstract"
"2025-11","地理信息科学","ISPRS International Journal of Geo-Information","IJGI","2220-9964","Mapping the Spatiotemporal Urban Footprint of Residents and Tourists: A Data-Driven Approach Based on User-Generated Reviews","2025-11-22","published-online","10.3390/ijgi14120456","https://doi.org/10.3390/ijgi14120456","yes","时序与时空建模","spatiotemporal","","","","","Must match at least one method_family keyword in Crossref title or abstract"
"2025-11","地理信息科学","ISPRS International Journal of Geo-Information","IJGI","2220-9964","A Traffic Flow Forecasting Method Based on Transfer-Aware Spatio-Temporal Graph Attention Network","2025-11-23","published-online","10.3390/ijgi14120459","https://doi.org/10.3390/ijgi14120459","yes","深度学习与神经网络 | 图模型与网络方法 | 时序与时空建模","deep learning | LSTM | transformer | graph | graph attention network | GAT | road network | spatio-temporal | forecasting","基础地理与城市数据库","road network","空间尺度、依赖与异质性 | 时间尺度与动态过程","adjacency | distance decay | temporal dynamics","Must match at least one method_family keyword in Crossref title or abstract"
"2025-11","地理信息科学","ISPRS International Journal of Geo-Information","IJGI","2220-9964","Efficient k-NN Trajectory Queries on Mobility Databases","2025-11-23","published-online","10.3390/ijgi14120458","https://doi.org/10.3390/ijgi14120458","yes","时序与时空建模","spatio-temporal","轨迹与移动性数据","trajectory | GPS | mobility data","","","Must match at least one method_family keyword in Crossref title or abstract"
"2025-11","地理信息科学","ISPRS International Journal of Geo-Information","IJGI","2220-9964","A Multi-Agent Deep Reinforcement Learning Method with Diversified Policies for Continuous Location of Express Delivery Stations Under Heterogeneous Scenarios","2025-11-24","published-online","10.3390/ijgi14120461","https://doi.org/10.3390/ijgi14120461","yes","仿真、优化与强化学习","optimization | heuristic | reinforcement learning","","","空间尺度、依赖与异质性","spatial heterogeneity","Must match at least one method_family keyword in Crossref title or abstract"
"2025-11","地理信息科学","ISPRS International Journal of Geo-Information","IJGI","2220-9964","Environmental Sensitivity Index Assessment Based on Factors in Oil Spill Impact in Coastal Zone Using Spatial Data and Analytical Hierarchy Process Approach: A Case Study in Myanmar","2025-11-24","published-online","10.3390/ijgi14120460","https://doi.org/10.3390/ijgi14120460","yes","仿真、优化与强化学习","simulation","","","","","Must match at least one method_family keyword in Crossref title or abstract"
"2025-11","地理信息科学","ISPRS International Journal of Geo-Information","IJGI","2220-9964","Automatic Reconstruction of 3D Building Models from ALS Point Clouds Based on Façade Geometry","2025-11-25","published-online","10.3390/ijgi14120462","https://doi.org/10.3390/ijgi14120462","yes","遥感视觉与影像分析","point cloud | LiDAR","遥感与地球观测数据","LiDAR","","","Must match at least one method_family keyword in Crossref title or abstract"
"2025-11","地理信息科学","ISPRS International Journal of Geo-Information","IJGI","2220-9964","Investigating the Imbalanced Patterns and Determinants of Kindergarten Distribution Across China","2025-11-25","published-online","10.3390/ijgi14120463","https://doi.org/10.3390/ijgi14120463","yes","空间统计与空间计量","spatial regression","","","空间尺度、依赖与异质性","spatial heterogeneity","Must match at least one method_family keyword in Crossref title or abstract"
"2025-11","地理信息科学","ISPRS International Journal of Geo-Information","IJGI","2220-9964","Geometry-Aware CRDTs for Efficient Collaborative Geospatial Editing","2025-11-28","published-online","10.3390/ijgi14120468","https://doi.org/10.3390/ijgi14120468","yes","机器学习 | 时序与时空建模 | 仿真、优化与强化学习","classification | spatio-temporal | optimization","","","","","Must match at least one method_family keyword in Crossref title or abstract"
"2025-11","地理信息科学","ISPRS International Journal of Geo-Information","IJGI","2220-9964","TAGNet: A Tidal Flat-Attentive Graph Network Designed for Airborne Bathymetric LiDAR Point Cloud Classification","2025-11-28","published-online","10.3390/ijgi14120466","https://doi.org/10.3390/ijgi14120466","yes","机器学习 | 深度学习与神经网络 | 图模型与网络方法 | 遥感视觉与影像分析","classification | deep learning | neural network | convolutional neural network | transformer | attention mechanism | graph | point cloud | LiDAR","遥感与地球观测数据","LiDAR","城市、区域与空间结构","neighborhood","Must match at least one method_family keyword in Crossref title or abstract"
"2025-11","地理信息科学","ISPRS International Journal of Geo-Information","IJGI","2220-9964","Exploring the Relationship Between the Built Environment and Spatiotemporal Heterogeneity of Urban Traffic Congestion During Tourism Peaks: A Case Study of Harbin, China","2025-11-29","published-online","10.3390/ijgi14120470","https://doi.org/10.3390/ijgi14120470","yes","机器学习 | 空间统计与空间计量 | 时序与时空建模","clustering | geographically weighted regression | GWR | MGWR | spatiotemporal","","","空间尺度、依赖与异质性 | 城市、区域与空间结构","scale effect | spatial heterogeneity | city","Must match at least one method_family keyword in Crossref title or abstract"
"2025-11","地理信息科学","ISPRS International Journal of Geo-Information","IJGI","2220-9964","Street View Image-Based Emotional Perception Modeling of Old Residential Communities: An Explainable Framework Integrating Random Forest and SHAP","2025-11-29","published-online","10.3390/ijgi14120471","https://doi.org/10.3390/ijgi14120471","yes","机器学习","machine learning | random forest","街景、社交感知与众包数据","street view | POI","","","Must match at least one method_family keyword in Crossref title or abstract"
"2025-11","摄影测量与遥感","ISPRS Journal of Photogrammetry and Remote Sensing","P&RS","0924-2716","A novel deep learning model for landslide mapping using cross-resolution change technique","2025-11-01","published","10.1016/j.isprsjprs.2025.08.004","https://doi.org/10.1016/j.isprsjprs.2025.08.004","no","深度学习与神经网络","deep learning","","","环境监测与灾害风险","landslide","Must match at least one method_family keyword in Crossref title or abstract"
"2025-11","摄影测量与遥感","ISPRS Journal of Photogrammetry and Remote Sensing","P&RS","0924-2716","A speckle noise filtering method based on quantum–classical feature fusion neural networks with Monte Carlo Tree Search","2025-11-01","created-proxy","10.1016/j.isprsjprs.2025.10.038","https://doi.org/10.1016/j.isprsjprs.2025.10.038","no","深度学习与神经网络","neural network","","","","","Must match at least one method_family keyword in Crossref title or abstract"
"2025-11","摄影测量与遥感","ISPRS Journal of Photogrammetry and Remote Sensing","P&RS","0924-2716","Causal learning-driven semantic segmentation for robust coral health status identification","2025-11-01","published","10.1016/j.isprsjprs.2025.08.009","https://doi.org/10.1016/j.isprsjprs.2025.08.009","no","遥感视觉与影像分析","semantic segmentation","","","","","Must match at least one method_family keyword in Crossref title or abstract"
"2025-11","摄影测量与遥感","ISPRS Journal of Photogrammetry and Remote Sensing","P&RS","0924-2716","CGSL: Commonality graph structure learning for unsupervised multimodal change detection","2025-11-01","published","10.1016/j.isprsjprs.2025.08.010","https://doi.org/10.1016/j.isprsjprs.2025.08.010","no","图模型与网络方法 | 时序与时空建模","graph | change detection","","","","","Must match at least one method_family keyword in Crossref title or abstract"
"2025-11","摄影测量与遥感","ISPRS Journal of Photogrammetry and Remote Sensing","P&RS","0924-2716","Cross-modal 2D-3D feature matching: simultaneous local feature description and detection across images and point clouds","2025-11-01","published","10.1016/j.isprsjprs.2025.08.016","https://doi.org/10.1016/j.isprsjprs.2025.08.016","no","遥感视觉与影像分析","point cloud","","","","","Must match at least one method_family keyword in Crossref title or abstract"
"2025-11","摄影测量与遥感","ISPRS Journal of Photogrammetry and Remote Sensing","P&RS","0924-2716","Edge-constrained temporal superpixel segmentation and graph-structured energy optimization for PolSAR change detection","2025-11-01","published","10.1016/j.isprsjprs.2025.08.006","https://doi.org/10.1016/j.isprsjprs.2025.08.006","no","图模型与网络方法 | 时序与时空建模 | 仿真、优化与强化学习","graph | change detection | optimization","","","","","Must match at least one method_family keyword in Crossref title or abstract"
"2025-11","摄影测量与遥感","ISPRS Journal of Photogrammetry and Remote Sensing","P&RS","0924-2716","Enhanced agricultural land use/land cover classification in the Nile Delta using Sentinel-1 and Sentinel-2 data and machine learning","2025-11-01","published","10.1016/j.isprsjprs.2025.08.019","https://doi.org/10.1016/j.isprsjprs.2025.08.019","no","机器学习","machine learning | classification","遥感与地球观测数据 | 基础地理与城市数据库","Sentinel | land use | land cover","","","Must match at least one method_family keyword in Crossref title or abstract"
"2025-11","摄影测量与遥感","ISPRS Journal of Photogrammetry and Remote Sensing","P&RS","0924-2716","Generalization of point-to-point matching for rigorous optimization in kinematic laser scanning","2025-11-01","published","10.1016/j.isprsjprs.2025.08.011","https://doi.org/10.1016/j.isprsjprs.2025.08.011","no","仿真、优化与强化学习","optimization","","","","","Must match at least one method_family keyword in Crossref title or abstract"
"2025-11","摄影测量与遥感","ISPRS Journal of Photogrammetry and Remote Sensing","P&RS","0924-2716","Integration of ground-based markerless photogrammetry for the geocoding of a ground-based SAR observation","2025-11-01","published","10.1016/j.isprsjprs.2025.08.007","https://doi.org/10.1016/j.isprsjprs.2025.08.007","no","遥感视觉与影像分析","photogrammetry | SAR","遥感与地球观测数据","SAR","","","Must match at least one method_family keyword in Crossref title or abstract"
"2025-11","摄影测量与遥感","ISPRS Journal of Photogrammetry and Remote Sensing","P&RS","0924-2716","Mapping subtle-featured oyster rafts with high-resolution imagery and deep learning techniques","2025-11-01","created-proxy","10.1016/j.isprsjprs.2025.10.029","https://doi.org/10.1016/j.isprsjprs.2025.10.029","no","深度学习与神经网络","deep learning","","","","","Must match at least one method_family keyword in Crossref title or abstract"
"2025-11","摄影测量与遥感","ISPRS Journal of Photogrammetry and Remote Sensing","P&RS","0924-2716","MOSAIC-Tracker: Mutual-enhanced Occlusion-aware Spatiotemporal Adaptive Identity Consistency network for aerial multi-object tracking","2025-11-01","published","10.1016/j.isprsjprs.2025.08.013","https://doi.org/10.1016/j.isprsjprs.2025.08.013","no","时序与时空建模","spatiotemporal","","","","","Must match at least one method_family keyword in Crossref title or abstract"
"2025-11","摄影测量与遥感","ISPRS Journal of Photogrammetry and Remote Sensing","P&RS","0924-2716","PAMSNet: A point annotation-driven multi-source network for remote sensing semantic segmentation","2025-11-01","published","10.1016/j.isprsjprs.2025.07.035","https://doi.org/10.1016/j.isprsjprs.2025.07.035","no","遥感视觉与影像分析","semantic segmentation","遥感与地球观测数据","remote sensing","","","Must match at least one method_family keyword in Crossref title or abstract"
"2025-11","摄影测量与遥感","ISPRS Journal of Photogrammetry and Remote Sensing","P&RS","0924-2716","Reconstructing systematically missing NDVI time series in cropland: A GAN-based approach using optical and SAR data","2025-11-01","published","10.1016/j.isprsjprs.2025.08.025","https://doi.org/10.1016/j.isprsjprs.2025.08.025","no","时序与时空建模 | 遥感视觉与影像分析","time series | SAR","遥感与地球观测数据","SAR","","","Must match at least one method_family keyword in Crossref title or abstract"
"2025-11","摄影测量与遥感","ISPRS Journal of Photogrammetry and Remote Sensing","P&RS","0924-2716","Test-time adaptation for geospatial point cloud semantic segmentation with distinct domain shifts","2025-11-01","published","10.1016/j.isprsjprs.2025.08.022","https://doi.org/10.1016/j.isprsjprs.2025.08.022","no","遥感视觉与影像分析","semantic segmentation | point cloud","","","","","Must match at least one method_family keyword in Crossref title or abstract"
"2025-11","摄影测量与遥感","ISPRS Journal of Photogrammetry and Remote Sensing","P&RS","0924-2716","Unveiling diurnal aerosol layer height variability from space using deep learning","2025-11-01","published","10.1016/j.isprsjprs.2025.08.021","https://doi.org/10.1016/j.isprsjprs.2025.08.021","no","深度学习与神经网络","deep learning","","","","","Must match at least one method_family keyword in Crossref title or abstract"
"2025-11","摄影测量与遥感","ISPRS Journal of Photogrammetry and Remote Sensing","P&RS","0924-2716","Benchmarking tree instance segmentation of terrestrial laser scanning point clouds","2025-11-03","created-proxy","10.1016/j.isprsjprs.2025.10.033","https://doi.org/10.1016/j.isprsjprs.2025.10.033","no","遥感视觉与影像分析","instance segmentation | point cloud","","","","","Must match at least one method_family keyword in Crossref title or abstract"
"2025-11","摄影测量与遥感","ISPRS Journal of Photogrammetry and Remote Sensing","P&RS","0924-2716","Denoising VIIRS and Sentinel-2 MSI ocean color imagery for improved floating algae monitoring using noise-simulation-aided deep learning","2025-11-03","created-proxy","10.1016/j.isprsjprs.2025.10.019","https://doi.org/10.1016/j.isprsjprs.2025.10.019","no","深度学习与神经网络 | 仿真、优化与强化学习","deep learning | simulation","遥感与地球观测数据","Sentinel","","","Must match at least one method_family keyword in Crossref title or abstract"
"2025-11","摄影测量与遥感","ISPRS Journal of Photogrammetry and Remote Sensing","P&RS","0924-2716","ARSGaussian: 3D Gaussian Splatting with LiDAR for aerial remote sensing novel view synthesis","2025-11-04","created-proxy","10.1016/j.isprsjprs.2025.10.022","https://doi.org/10.1016/j.isprsjprs.2025.10.022","no","遥感视觉与影像分析","LiDAR","遥感与地球观测数据","remote sensing | LiDAR","","","Must match at least one method_family keyword in Crossref title or abstract"
"2025-11","摄影测量与遥感","ISPRS Journal of Photogrammetry and Remote Sensing","P&RS","0924-2716","Information transmission: Inferring change area from change moment in time series remote sensing images","2025-11-04","created-proxy","10.1016/j.isprsjprs.2025.10.032","https://doi.org/10.1016/j.isprsjprs.2025.10.032","no","时序与时空建模","time series","遥感与地球观测数据","remote sensing","","","Must match at least one method_family keyword in Crossref title or abstract"
"2025-11","摄影测量与遥感","ISPRS Journal of Photogrammetry and Remote Sensing","P&RS","0924-2716","A novel method for remote sensing phycocyanin leveraging optical classification and an integrated machine learning algorithm","2025-11-05","created-proxy","10.1016/j.isprsjprs.2025.10.028","https://doi.org/10.1016/j.isprsjprs.2025.10.028","no","机器学习","machine learning | classification","遥感与地球观测数据","remote sensing","","","Must match at least one method_family keyword in Crossref title or abstract"
"2025-11","摄影测量与遥感","ISPRS Journal of Photogrammetry and Remote Sensing","P&RS","0924-2716","Switcher-HNet: A switchable hierarchical network for tree species classification from forest stand to individual tree tasks","2025-11-05","created-proxy","10.1016/j.isprsjprs.2025.10.040","https://doi.org/10.1016/j.isprsjprs.2025.10.040","no","机器学习","classification","","","","","Must match at least one method_family keyword in Crossref title or abstract"
"2025-11","摄影测量与遥感","ISPRS Journal of Photogrammetry and Remote Sensing","P&RS","0924-2716","A least-squares spatio-temporal adjustment algorithm (LSSTAA) for radiometric normalization of PlanetScope time series","2025-11-07","created-proxy","10.1016/j.isprsjprs.2025.10.030","https://doi.org/10.1016/j.isprsjprs.2025.10.030","no","时序与时空建模","spatio-temporal | time series","","","","","Must match at least one method_family keyword in Crossref title or abstract"
"2025-11","摄影测量与遥感","ISPRS Journal of Photogrammetry and Remote Sensing","P&RS","0924-2716","Seabed-Net: A multi-task network for joint bathymetry estimation and seabed classification from remote sensing imagery in shallow waters","2025-11-07","created-proxy","10.1016/j.isprsjprs.2025.11.007","https://doi.org/10.1016/j.isprsjprs.2025.11.007","no","机器学习","classification","遥感与地球观测数据","remote sensing","","","Must match at least one method_family keyword in Crossref title or abstract"
"2025-11","摄影测量与遥感","ISPRS Journal of Photogrammetry and Remote Sensing","P&RS","0924-2716","UnravelNet: A backbone for enhanced multi-scale and low-quality feature extraction in remote sensing object detection","2025-11-08","created-proxy","10.1016/j.isprsjprs.2025.11.002","https://doi.org/10.1016/j.isprsjprs.2025.11.002","no","遥感视觉与影像分析","object detection","遥感与地球观测数据","remote sensing","","","Must match at least one method_family keyword in Crossref title or abstract"
"2025-11","摄影测量与遥感","ISPRS Journal of Photogrammetry and Remote Sensing","P&RS","0924-2716","Single-channel SAR GMTI based on pixel-level difference feature extraction network","2025-11-12","created-proxy","10.1016/j.isprsjprs.2025.10.037","https://doi.org/10.1016/j.isprsjprs.2025.10.037","no","遥感视觉与影像分析","SAR","遥感与地球观测数据","SAR","","","Must match at least one method_family keyword in Crossref title or abstract"
"2025-11","摄影测量与遥感","ISPRS Journal of Photogrammetry and Remote Sensing","P&RS","0924-2716","Bias-aware learning for unbiased scene graph generation in remote sensing imagery","2025-11-13","created-proxy","10.1016/j.isprsjprs.2025.11.009","https://doi.org/10.1016/j.isprsjprs.2025.11.009","no","图模型与网络方法","graph","遥感与地球观测数据","remote sensing","","","Must match at least one method_family keyword in Crossref title or abstract"
"2025-11","摄影测量与遥感","ISPRS Journal of Photogrammetry and Remote Sensing","P&RS","0924-2716","High-precision flood change detection with lightweight SAR transformer network and context-aware attention for enriched-diverse and complex flooding scenarios","2025-11-14","created-proxy","10.1016/j.isprsjprs.2025.11.011","https://doi.org/10.1016/j.isprsjprs.2025.11.011","no","深度学习与神经网络 | 时序与时空建模 | 遥感视觉与影像分析","transformer | change detection | SAR","遥感与地球观测数据","SAR","环境监测与灾害风险","flood","Must match at least one method_family keyword in Crossref title or abstract"
"2025-11","摄影测量与遥感","ISPRS Journal of Photogrammetry and Remote Sensing","P&RS","0924-2716","Toward noise-resilient retrieval of land surface temperature and emissivity using airborne thermal infrared hyperspectral imagery","2025-11-15","created-proxy","10.1016/j.isprsjprs.2025.10.039","https://doi.org/10.1016/j.isprsjprs.2025.10.039","no","遥感视觉与影像分析","hyperspectral","遥感与地球观测数据","hyperspectral","","","Must match at least one method_family keyword in Crossref title or abstract"
"2025-11","摄影测量与遥感","ISPRS Journal of Photogrammetry and Remote Sensing","P&RS","0924-2716","Compact-pol to quad-pol SAR reconstruction via a joint mathematical-physical-constrained multimodal correlation-preserving latent diffusion framework","2025-11-16","created-proxy","10.1016/j.isprsjprs.2025.11.005","https://doi.org/10.1016/j.isprsjprs.2025.11.005","no","遥感视觉与影像分析","SAR","遥感与地球观测数据","SAR","","","Must match at least one method_family keyword in Crossref title or abstract"
"2025-11","摄影测量与遥感","ISPRS Journal of Photogrammetry and Remote Sensing","P&RS","0924-2716","Enhancing snow depth estimation in forested regions of the northern hemisphere: A physically-constrained machine learning approach with spatiotemporal dynamics","2025-11-16","created-proxy","10.1016/j.isprsjprs.2025.11.006","https://doi.org/10.1016/j.isprsjprs.2025.11.006","no","机器学习 | 时序与时空建模","machine learning | spatiotemporal","","","时间尺度与动态过程","temporal dynamics","Must match at least one method_family keyword in Crossref title or abstract"
"2025-11","摄影测量与遥感","ISPRS Journal of Photogrammetry and Remote Sensing","P&RS","0924-2716","Bundle adjustment-based co-registration with high geolocation accuracy for UAV photogrammetry","2025-11-20","created-proxy","10.1016/j.isprsjprs.2025.11.014","https://doi.org/10.1016/j.isprsjprs.2025.11.014","no","遥感视觉与影像分析","photogrammetry","遥感与地球观测数据","UAV","","","Must match at least one method_family keyword in Crossref title or abstract"
"2025-11","摄影测量与遥感","ISPRS Journal of Photogrammetry and Remote Sensing","P&RS","0924-2716","PGVS: A probabilistic graph-theoretic framework for view-graph selection in structure-from-motion","2025-11-20","created-proxy","10.1016/j.isprsjprs.2025.11.004","https://doi.org/10.1016/j.isprsjprs.2025.11.004","no","图模型与网络方法","graph","","","","","Must match at least one method_family keyword in Crossref title or abstract"
"2025-11","摄影测量与遥感","ISPRS Journal of Photogrammetry and Remote Sensing","P&RS","0924-2716","Weakly supervised semantic segmentation of SAR images via multi-level pseudo-label fusion","2025-11-24","created-proxy","10.1016/j.isprsjprs.2025.11.020","https://doi.org/10.1016/j.isprsjprs.2025.11.020","no","遥感视觉与影像分析","semantic segmentation | SAR","遥感与地球观测数据","SAR","","","Must match at least one method_family keyword in Crossref title or abstract"
"2025-11","摄影测量与遥感","ISPRS Journal of Photogrammetry and Remote Sensing","P&RS","0924-2716","ITS-Net: A platform and sensor agnostic 3D deep learning model for individual tree segmentation using aerial LiDAR data","2025-11-26","created-proxy","10.1016/j.isprsjprs.2025.11.019","https://doi.org/10.1016/j.isprsjprs.2025.11.019","no","深度学习与神经网络 | 遥感视觉与影像分析","deep learning | LiDAR","遥感与地球观测数据 | 传感器与物联网数据","LiDAR | sensor","","","Must match at least one method_family keyword in Crossref title or abstract"
"2025-11","摄影测量与遥感","ISPRS Journal of Photogrammetry and Remote Sensing","P&RS","0924-2716","Beyond static imaging: A dynamic decision paradigm for robust array-SAR in diverse sensing scenarios","2025-11-27","created-proxy","10.1016/j.isprsjprs.2025.11.023","https://doi.org/10.1016/j.isprsjprs.2025.11.023","no","遥感视觉与影像分析","SAR","遥感与地球观测数据","SAR","","","Must match at least one method_family keyword in Crossref title or abstract"
"2025-11","摄影测量与遥感","ISPRS Journal of Photogrammetry and Remote Sensing","P&RS","0924-2716","TasselNetV4: A vision foundation model for cross-scene, cross-scale, and cross-species plant counting","2025-11-27","created-proxy","10.1016/j.isprsjprs.2025.11.017","https://doi.org/10.1016/j.isprsjprs.2025.11.017","no","GeoAI 与基础模型","foundation model","","","","","Must match at least one method_family keyword in Crossref title or abstract"
"2025-11","摄影测量与遥感","ISPRS Journal of Photogrammetry and Remote Sensing","P&RS","0924-2716","A survey of publicly available multi-temporal point cloud datasets","2025-11-29","created-proxy","10.1016/j.isprsjprs.2025.11.003","https://doi.org/10.1016/j.isprsjprs.2025.11.003","no","遥感视觉与影像分析","point cloud","","","","","Must match at least one method_family keyword in Crossref title or abstract"
"2025-11","摄影测量与遥感","ISPRS Journal of Photogrammetry and Remote Sensing","P&RS","0924-2716","Reducing semantic ambiguity in open-vocabulary remote sensing image segmentation via knowledge graph-enhanced class representations","2025-11-30","created-proxy","10.1016/j.isprsjprs.2025.11.029","https://doi.org/10.1016/j.isprsjprs.2025.11.029","no","图模型与网络方法 | 遥感视觉与影像分析","graph | knowledge graph | image segmentation","遥感与地球观测数据","remote sensing","","","Must match at least one method_family keyword in Crossref title or abstract"
"2025-11","地理系统与空间建模","Journal of Geographical Systems","JGS","1435-5949","The efficiency of spatial economic incentives in pollination-dependent agricultural systems","2025-11-05","published-online","10.1007/s10109-025-00479-y","https://doi.org/10.1007/s10109-025-00479-y","yes","仿真、优化与强化学习","agent-based model","","","","","Must match at least one method_family keyword in Crossref title or abstract"
"2025-11","可视化与空间分析","Journal of Geovisualization and Spatial Analysis","JGSA","2509-8829","Terrain-aware 3D Raster Displacement of Buildings and Roads Using Force Field Simulation","2025-11-21","published-online","10.1007/s41651-025-00242-3","https://doi.org/10.1007/s41651-025-00242-3","no","仿真、优化与强化学习","simulation","","","","","Must match at least one method_family keyword in Crossref title or abstract"
"2025-11","可视化与空间分析","Journal of Geovisualization and Spatial Analysis","JGSA","2509-8829","An Urban Community Discovery Method from a Line Graph Perspective Based on Trajectory Data","2025-11-24","published-online","10.1007/s41651-025-00241-4","https://doi.org/10.1007/s41651-025-00241-4","no","图模型与网络方法","graph","轨迹与移动性数据","trajectory","","","Must match at least one method_family keyword in Crossref title or abstract"
"2025-11","空间科学","Journal of Spatial Science","JSS","1836-5655","A spatial autocorrelation approach in examining the impacts of spatial-temporal dynamics of seasonal land surface temperature and land cover changes on the urban climate of the metropolitan city of Bulawayo","2025-11-05","published-online","10.1080/14498596.2025.2570646","https://doi.org/10.1080/14498596.2025.2570646","no","空间统计与空间计量","spatial autocorrelation","基础地理与城市数据库","land cover","时间尺度与动态过程 | 城市、区域与空间结构 | 环境监测与灾害风险","temporal dynamics | city | climate","Must match at least one method_family keyword in Crossref title or abstract"
"2025-11","摄影测量与遥感","PFG - Journal of Photogrammetry, Remote Sensing and Geoinformation Science","PFG","2512-2789","Advancing Spatiotemporal Orthophoto Registration in UAV-based Crop Breeding Experiments Leveraging Field Geometric Features","2025-11-03","published-online","10.1007/s41064-025-00365-8","https://doi.org/10.1007/s41064-025-00365-8","no","时序与时空建模","spatiotemporal","遥感与地球观测数据","UAV","","","Must match at least one method_family keyword in Crossref title or abstract"
"2025-11","摄影测量与遥感","PFG - Journal of Photogrammetry, Remote Sensing and Geoinformation Science","PFG","2512-2789","Hyperspectral Imaging for the Quantification of Soil Organic Carbon—a Proximal Sensing Experiment Reflecting the Importance of Using Pure Soil Data in Vis-NIR-SWIR Soil Spectroscopy","2025-11-12","published-online","10.1007/s41064-025-00366-7","https://doi.org/10.1007/s41064-025-00366-7","yes","遥感视觉与影像分析","hyperspectral","遥感与地球观测数据","remote sensing | hyperspectral","","","Must match at least one method_family keyword in Crossref title or abstract"
"2025-11","摄影测量与遥感","Photogrammetric Engineering & Remote Sensing","PE&RS","0099-1112","A Lightweight YOLO-Based Algorithm for Digital Target Recognition Integrating Positional Enhancement and Morphological Processing","2025-11-01","created-proxy","10.14358/pers.25-00094r4","https://doi.org/10.14358/pers.25-00094r4","yes","深度学习与神经网络","deep learning","","","","","Must match at least one method_family keyword in Crossref title or abstract"
"2025-11","摄影测量与遥感","Photogrammetric Engineering & Remote Sensing","PE&RS","0099-1112","An Efficient Irregular Texture Nesting Method via Hybrid NFP-SADE with Adaptive Container Resizing","2025-11-01","published","10.14358/pers.25-00038r3","https://doi.org/10.14358/pers.25-00038r3","yes","仿真、优化与强化学习 | 遥感视觉与影像分析","optimization | genetic algorithm | photogrammetry","","","","","Must match at least one method_family keyword in Crossref title or abstract"
"2025-11","摄影测量与遥感","Photogrammetric Engineering & Remote Sensing","PE&RS","0099-1112","Landsat-Derived Rainfed and Irrigated-Area Product for Conterminous United States for the Year 2020 (LRIP30 CONUS 2020) Using Supervised and Unsupervised Machine Learning on the Cloud","2025-11-01","published","10.14358/pers.25-00081r3","https://doi.org/10.14358/pers.25-00081r3","yes","机器学习","machine learning | clustering | random forest","遥感与地球观测数据","Landsat","","","Must match at least one method_family keyword in Crossref title or abstract"
"2025-11","摄影测量与遥感","Photogrammetric Engineering & Remote Sensing","PE&RS","0099-1112","Novel Spatiotemporal ConvLSTM-Based Cellular Automata Model for Simulating Urban Expansion","2025-11-01","published","10.14358/pers.25-00030r3","https://doi.org/10.14358/pers.25-00030r3","yes","机器学习 | 深度学习与神经网络 | 时序与时空建模 | 仿真、优化与强化学习","machine learning | neural network | long short-term memory | attention mechanism | spatiotemporal | time series | cellular automata | simulation","","","时间尺度与动态过程 | 城市、区域与空间结构","temporal dynamics | neighborhood","Must match at least one method_family keyword in Crossref title or abstract"
"2025-11","摄影测量与遥感","Photogrammetric Engineering & Remote Sensing","PE&RS","0099-1112","Thermal Point Cloud Generation and Evaluation from Uncalibrated Unmanned Aerial Vehicle–Visible and Infrared Camera Images Using Position and Orientation System Prior","2025-11-01","published","10.14358/pers.25-00020r3","https://doi.org/10.14358/pers.25-00020r3","yes","遥感视觉与影像分析","point cloud","遥感与地球观测数据","UAV","","","Must match at least one method_family keyword in Crossref title or abstract"
"2025-11","摄影测量与遥感","Photogrammetric Engineering & Remote Sensing","PE&RS","0099-1112","Comparison of Intertidal Terrain Extraction Methods Based on ICESat‐2 and Tidal Data","2025-11-05","created-proxy","10.14358/pers.25-00108r2","https://doi.org/10.14358/pers.25-00108r2","yes","机器学习 | 深度学习与神经网络","random forest | LSTM | long short-term memory","遥感与地球观测数据","UAV | Sentinel","","","Must match at least one method_family keyword in Crossref title or abstract"
"2025-11","摄影测量与遥感","Photogrammetric Engineering & Remote Sensing","PE&RS","0099-1112","Optimized 3D Building Mapping and Reconstruction via Cross-View Collaboration in Densely Built-Up Areas","2025-11-05","created-proxy","10.14358/pers.25-00100r3","https://doi.org/10.14358/pers.25-00100r3","yes","遥感视觉与影像分析","photogrammetry | point cloud | LiDAR","遥感与地球观测数据","LiDAR","城市、区域与空间结构","smart city | city","Must match at least one method_family keyword in Crossref title or abstract"
"2025-11","摄影测量与遥感","Photogrammetric Engineering & Remote Sensing","PE&RS","0099-1112","ETF-MNet:A Multi-Scale Fusion Network for Enhancing Target Features for Remote Sensing Images","2025-11-08","created-proxy","10.14358/pers.25-00082r3","https://doi.org/10.14358/pers.25-00082r3","yes","遥感视觉与影像分析","object detection","遥感与地球观测数据","remote sensing","","","Must match at least one method_family keyword in Crossref title or abstract"
"2025-11","摄影测量与遥感","Photogrammetric Engineering & Remote Sensing","PE&RS","0099-1112","An Efficient Multi-Scale Transformer Network with Fusion-Attention for Point Cloud-Semantic Segmentation in Urban Environments","2025-11-12","created-proxy","10.14358/pers.25-00016r3","https://doi.org/10.14358/pers.25-00016r3","yes","深度学习与神经网络 | 遥感视觉与影像分析","transformer | attention mechanism | semantic segmentation | point cloud | LiDAR","遥感与地球观测数据","LiDAR","城市、区域与空间结构","city","Must match at least one method_family keyword in Crossref title or abstract"
"2025-11","地理信息科学","Transactions in GIS","TGIS","1467-9671","Simulation‐Tested Spatial Association Mining of Co‐Location Patterns From Multiple Point‐Feature Classes","2025-11-10","published-online","10.1111/tgis.70145","https://doi.org/10.1111/tgis.70145","yes","仿真、优化与强化学习","simulation","","","城市、区域与空间结构","city","Must match at least one method_family keyword in Crossref title or abstract"
"2025-11","地理信息科学","Transactions in GIS","TGIS","1467-9671","Constructing a Resource Network for Data–Model Associative Retrieval and Recommendation in Geographic Modeling","2025-11-12","published-online","10.1111/tgis.70148","https://doi.org/10.1111/tgis.70148","yes","时序与时空建模 | 仿真、优化与强化学习","forecasting | simulation","基础地理与城市数据库","land use","城市、区域与空间结构 | 环境监测与灾害风险","land use change | flood","Must match at least one method_family keyword in Crossref title or abstract"
"2025-11","地理信息科学","Transactions in GIS","TGIS","1467-9671","MNDBI : A Novel Spectral Index Integrated With AI for Enhanced Urban Feature Extraction, Growth Analysis, and Future Prediction","2025-11-12","published-online","10.1111/tgis.70147","https://doi.org/10.1111/tgis.70147","yes","机器学习","machine learning | classification | SVM","遥感与地球观测数据 | 基础地理与城市数据库","remote sensing | multispectral | Landsat | land cover","","","Must match at least one method_family keyword in Crossref title or abstract"
"2025-11","地理信息科学","Transactions in GIS","TGIS","1467-9671","DTFD : A Transformer Approach for High‐Resolution Satellite Image Forest Change Detection","2025-11-14","published-online","10.1111/tgis.70150","https://doi.org/10.1111/tgis.70150","yes","机器学习 | 深度学习与神经网络 | 时序与时空建模","classification | deep learning | transformer | attention mechanism | change detection","遥感与地球观测数据","satellite imagery","环境监测与灾害风险","climate","Must match at least one method_family keyword in Crossref title or abstract"
"2025-11","地理信息科学","Transactions in GIS","TGIS","1467-9671","A Rapid Survey Method for Calibrating Outdoor Surveillance Cameras Using a Vehicle‐Mounted Dual‐Camera Stereo Measurement System","2025-11-18","published-online","10.1111/tgis.70156","https://doi.org/10.1111/tgis.70156","yes","深度学习与神经网络 | 仿真、优化与强化学习","deep learning | optimization","","","城市、区域与空间结构","city","Must match at least one method_family keyword in Crossref title or abstract"
"2025-11","地理信息科学","Transactions in GIS","TGIS","1467-9671","Metro Station Area Functional Classification Based on Graph Convolutional Networks and Integrated Metro Passenger Flow Data","2025-11-18","published-online","10.1111/tgis.70151","https://doi.org/10.1111/tgis.70151","yes","机器学习 | 深度学习与神经网络 | 图模型与网络方法 | 空间交互与移动性模型","classification | neural network | CNN | convolutional neural network | graph | graph convolutional network | GCN | spatial interaction","轨迹与移动性数据","mobility data | human mobility","","","Must match at least one method_family keyword in Crossref title or abstract"
"2025-11","地理信息科学","Transactions in GIS","TGIS","1467-9671","A Context‐Enhanced Graph Neural Network Operator for Edge‐to‐Edge Learning in Human Mobility Networks","2025-11-19","published-online","10.1111/tgis.70154","https://doi.org/10.1111/tgis.70154","yes","深度学习与神经网络 | 图模型与网络方法 | 空间交互与移动性模型","neural network | graph | graph neural network | GNN | spatial interaction","轨迹与移动性数据","human mobility","空间尺度、依赖与异质性","spatial heterogeneity","Must match at least one method_family keyword in Crossref title or abstract"
"2025-11","地理信息科学","Transactions in GIS","TGIS","1467-9671","A Deep Reinforcement Learning Approach to Resolve Spatial Overlay Conflict Between Vector Buildings","2025-11-24","published-online","10.1111/tgis.70155","https://doi.org/10.1111/tgis.70155","yes","仿真、优化与强化学习","optimization | reinforcement learning","","","","","Must match at least one method_family keyword in Crossref title or abstract"
"2025-11","地理信息科学","Transactions in GIS","TGIS","1467-9671","Transportation Mode Detection Using Feature Selection and Hyperparameter Optimization","2025-11-25","published-online","10.1111/tgis.70159","https://doi.org/10.1111/tgis.70159","yes","机器学习 | 深度学习与神经网络 | 仿真、优化与强化学习","machine learning | clustering | feature selection | LSTM | optimization | reinforcement learning","","","","","Must match at least one method_family keyword in Crossref title or abstract"
