"month","journal_category","journal","journal_short_name","issn","title","publication_date","date_basis","doi","doi_url","abstract_available","method_family_topics","method_family_keywords","data_source_topics","data_source_keywords","spatiotemporal_context_topics","spatiotemporal_context_keywords","screening_rule"
"2025-02","空间算法","ACM Transactions on Spatial Algorithms and Systems","TSAS","2374-0361","Bicriteria Shapes: Hierarchical Grouping and Aggregation of Polygons with an Efficient Graph-Cut Approach","2025-02-13","published-online","10.1145/3705001","https://doi.org/10.1145/3705001","yes","机器学习 | 图模型与网络方法 | 仿真、优化与强化学习","clustering | graph | optimization","基础地理与城市数据库","building footprint","","","Must match at least one method_family keyword in Crossref title or abstract"
"2025-02","空间算法","ACM Transactions on Spatial Algorithms and Systems","TSAS","2374-0361","End-to-end Trajectory Generation - Contrasting Deep Generative Models and Language Models","2025-02-13","created-proxy","10.1145/3716892","https://doi.org/10.1145/3716892","yes","深度学习与神经网络 | 时序与时空建模 | 仿真、优化与强化学习","neural network | spatiotemporal | optimization","轨迹与移动性数据","trajectory","城市、区域与空间结构","urban analytics","Must match at least one method_family keyword in Crossref title or abstract"
"2025-02","空间算法","ACM Transactions on Spatial Algorithms and Systems","TSAS","2374-0361","Towards Effective, Robust and Utility-preserving Watermarking of GPS Trajectories","2025-02-14","published-online","10.1145/3701558","https://doi.org/10.1145/3701558","yes","时序与时空建模","spatio-temporal | forecasting","轨迹与移动性数据","trajectory | GPS","","","Must match at least one method_family keyword in Crossref title or abstract"
"2025-02","空间算法","ACM Transactions on Spatial Algorithms and Systems","TSAS","2374-0361","Distributed MobilityDB: A Scalable Moving Object Database Management System","2025-02-24","created-proxy","10.1145/3719202","https://doi.org/10.1145/3719202","yes","时序与时空建模","spatiotemporal","轨迹与移动性数据","trajectory","环境监测与灾害风险","environmental monitoring","Must match at least one method_family keyword in Crossref title or abstract"
"2025-02","空间算法","ACM Transactions on Spatial Algorithms and Systems","TSAS","2374-0361","QPredict: Using low quality volunteered geospatial data to evaluate high quality authority data","2025-02-25","published-online","10.1145/3715910","https://doi.org/10.1145/3715910","yes","机器学习","machine learning","街景、社交感知与众包数据 | 基础地理与城市数据库","volunteered geographic information | OpenStreetMap","","","Must match at least one method_family keyword in Crossref title or abstract"
"2025-02","地理学与 GIScience","Annals of GIS","AGIS","1947-5691","A framework for performance analysis of OpenStreetMap data in navigation applications: the case of a well-developed road network in Australia","2025-02-19","published-online","10.1080/19475683.2025.2468184","https://doi.org/10.1080/19475683.2025.2468184","no","图模型与网络方法","road network","基础地理与城市数据库","OpenStreetMap | road network","","","Must match at least one method_family keyword in Crossref title or abstract"
"2025-02","地理学与 GIScience","Applied Geography","APG","0143-6228","Interpretable spatial machine learning for understanding spatial heterogeneity in factors affecting street theft crime","2025-02-01","published","10.1016/j.apgeog.2024.103503","https://doi.org/10.1016/j.apgeog.2024.103503","no","机器学习","machine learning","","","空间尺度、依赖与异质性","spatial heterogeneity","Must match at least one method_family keyword in Crossref title or abstract"
"2025-02","地理学与 GIScience","Applied Geography","APG","0143-6228","Reverse estimation of urban mobility patterns during pandemics using agent-based modeling","2025-02-01","published","10.1016/j.apgeog.2024.103492","https://doi.org/10.1016/j.apgeog.2024.103492","no","仿真、优化与强化学习","agent-based model","","","","","Must match at least one method_family keyword in Crossref title or abstract"
"2025-02","地理学与 GIScience","Applied Geography","APG","0143-6228","Understanding the spatiotemporal response of dockless bike-sharing travel behavior to the small outbreaks of COVID-19","2025-02-01","published","10.1016/j.apgeog.2024.103488","https://doi.org/10.1016/j.apgeog.2024.103488","no","时序与时空建模","spatiotemporal","","","","","Must match at least one method_family keyword in Crossref title or abstract"
"2025-02","地理学与 GIScience","Applied Geography","APG","0143-6228","Assessing spatiotemporal dynamics of sustainable development goals on the Qinghai-Tibet plateau","2025-02-17","created-proxy","10.1016/j.apgeog.2025.103557","https://doi.org/10.1016/j.apgeog.2025.103557","no","时序与时空建模","spatiotemporal","","","时间尺度与动态过程","temporal dynamics","Must match at least one method_family keyword in Crossref title or abstract"
"2025-02","计算地理与城市系统","Computers & Geosciences","C&G","0098-3004","A combined deep learning and morphology approach for DFS identification and parameter extraction","2025-02-01","published","10.1016/j.cageo.2025.105856","https://doi.org/10.1016/j.cageo.2025.105856","no","深度学习与神经网络","deep learning","","","","","Must match at least one method_family keyword in Crossref title or abstract"
"2025-02","计算地理与城市系统","Computers & Geosciences","C&G","0098-3004","A first arrival picking method of microseismic signals based on semi-supervised learning using FreeMatch and MS-Picking","2025-02-01","published","10.1016/j.cageo.2024.105844","https://doi.org/10.1016/j.cageo.2024.105844","no","机器学习","supervised learning","","","","","Must match at least one method_family keyword in Crossref title or abstract"
"2025-02","计算地理与城市系统","Computers & Geosciences","C&G","0098-3004","A reversible-jump Markov chain Monte Carlo algorithm to estimate paleo surface CO2 fluxes linking temperature to atmospheric CO2 concentration time series","2025-02-01","published","10.1016/j.cageo.2024.105838","https://doi.org/10.1016/j.cageo.2024.105838","no","时序与时空建模","time series","","","","","Must match at least one method_family keyword in Crossref title or abstract"
"2025-02","计算地理与城市系统","Computers & Geosciences","C&G","0098-3004","Addressing class imbalance in micro-CT image segmentation: A modified U-Net model with pixel-level class weighting","2025-02-01","published","10.1016/j.cageo.2025.105853","https://doi.org/10.1016/j.cageo.2025.105853","no","深度学习与神经网络 | 遥感视觉与影像分析","U-Net | image segmentation","","","","","Must match at least one method_family keyword in Crossref title or abstract"
"2025-02","计算地理与城市系统","Computers & Geosciences","C&G","0098-3004","An identification for channel mislabel of strong motion records based on Siamese neural network","2025-02-01","published","10.1016/j.cageo.2024.105780","https://doi.org/10.1016/j.cageo.2024.105780","no","深度学习与神经网络","neural network","","","","","Must match at least one method_family keyword in Crossref title or abstract"
"2025-02","计算地理与城市系统","Computers & Geosciences","C&G","0098-3004","An integrated neighborhood and scale information network for open-pit mine change detection in high-resolution remote sensing images","2025-02-01","published","10.1016/j.cageo.2025.105880","https://doi.org/10.1016/j.cageo.2025.105880","no","时序与时空建模","change detection","遥感与地球观测数据","remote sensing","城市、区域与空间结构","neighborhood","Must match at least one method_family keyword in Crossref title or abstract"
"2025-02","计算地理与城市系统","Computers & Geosciences","C&G","0098-3004","Anisotropic resistivity estimation and uncertainty quantification from borehole triaxial electromagnetic induction measurements: Gradient-based inversion and physics-informed neural network","2025-02-01","published","10.1016/j.cageo.2024.105786","https://doi.org/10.1016/j.cageo.2024.105786","no","深度学习与神经网络","neural network","","","","","Must match at least one method_family keyword in Crossref title or abstract"
"2025-02","计算地理与城市系统","Computers & Geosciences","C&G","0098-3004","Automatic detection of ditches and natural streams from digital elevation models using deep learning","2025-02-01","published","10.1016/j.cageo.2025.105875","https://doi.org/10.1016/j.cageo.2025.105875","no","深度学习与神经网络","deep learning","基础地理与城市数据库","digital elevation model","","","Must match at least one method_family keyword in Crossref title or abstract"
"2025-02","计算地理与城市系统","Computers & Geosciences","C&G","0098-3004","Automatic recognition of debris rock lithology based on unsupervised semantic segmentation","2025-02-01","published","10.1016/j.cageo.2024.105790","https://doi.org/10.1016/j.cageo.2024.105790","no","遥感视觉与影像分析","semantic segmentation","","","","","Must match at least one method_family keyword in Crossref title or abstract"
"2025-02","计算地理与城市系统","Computers & Geosciences","C&G","0098-3004","Automatic seismic event detection in low signal-to-noise ratio seismic signal based on a deep residual shrinkage network","2025-02-01","published","10.1016/j.cageo.2025.105868","https://doi.org/10.1016/j.cageo.2025.105868","no","时序与时空建模","event detection","","","","","Must match at least one method_family keyword in Crossref title or abstract"
"2025-02","计算地理与城市系统","Computers & Geosciences","C&G","0098-3004","Automatic variogram calculation and modeling","2025-02-01","published","10.1016/j.cageo.2024.105774","https://doi.org/10.1016/j.cageo.2024.105774","no","空间统计与空间计量","variogram","","","","","Must match at least one method_family keyword in Crossref title or abstract"
"2025-02","计算地理与城市系统","Computers & Geosciences","C&G","0098-3004","Capturing exposed bedrock in the upland regions of Great Britain: A geomorphometric focused random forest approach","2025-02-01","published","10.1016/j.cageo.2024.105814","https://doi.org/10.1016/j.cageo.2024.105814","no","机器学习","random forest","","","","","Must match at least one method_family keyword in Crossref title or abstract"
"2025-02","计算地理与城市系统","Computers & Geosciences","C&G","0098-3004","Discrimination of earthquakes, explosions, and collapses based on the deep learning: Applications to DiTing 2.0 dataset","2025-02-01","published","10.1016/j.cageo.2024.105830","https://doi.org/10.1016/j.cageo.2024.105830","no","深度学习与神经网络","deep learning","","","","","Must match at least one method_family keyword in Crossref title or abstract"
"2025-02","计算地理与城市系统","Computers & Geosciences","C&G","0098-3004","Effective gravity inversion of basement relief with unfixed density contrast using deep learning","2025-02-01","published","10.1016/j.cageo.2024.105832","https://doi.org/10.1016/j.cageo.2024.105832","no","深度学习与神经网络","deep learning","","","","","Must match at least one method_family keyword in Crossref title or abstract"
"2025-02","计算地理与城市系统","Computers & Geosciences","C&G","0098-3004","Efficient proxy for time-lapse seismic forward modeling using a U-net encoder–decoder approach","2025-02-01","published","10.1016/j.cageo.2024.105788","https://doi.org/10.1016/j.cageo.2024.105788","no","深度学习与神经网络","U-Net","","","","","Must match at least one method_family keyword in Crossref title or abstract"
"2025-02","计算地理与城市系统","Computers & Geosciences","C&G","0098-3004","ETASbootstrap 0.2.0: A flexible R package for computing bootstrap confidence intervals for parameters in the space–time epidemic-type aftershock sequence model, with four case studies","2025-02-01","published","10.1016/j.cageo.2024.105817","https://doi.org/10.1016/j.cageo.2024.105817","no","时序与时空建模","sequence model","","","","","Must match at least one method_family keyword in Crossref title or abstract"
"2025-02","计算地理与城市系统","Computers & Geosciences","C&G","0098-3004","Evaluating key parameters impacting the performance of Seis Seg Diff model for seismic facies classification","2025-02-01","published","10.1016/j.cageo.2024.105829","https://doi.org/10.1016/j.cageo.2024.105829","no","机器学习","classification","","","","","Must match at least one method_family keyword in Crossref title or abstract"
"2025-02","计算地理与城市系统","Computers & Geosciences","C&G","0098-3004","Functional multiple-point simulation","2025-02-01","published","10.1016/j.cageo.2024.105767","https://doi.org/10.1016/j.cageo.2024.105767","no","仿真、优化与强化学习","simulation","","","","","Must match at least one method_family keyword in Crossref title or abstract"
"2025-02","计算地理与城市系统","Computers & Geosciences","C&G","0098-3004","Improving generalization through self-supervised learning using generative pre-training transformer for natural gas segmentation","2025-02-01","published","10.1016/j.cageo.2024.105809","https://doi.org/10.1016/j.cageo.2024.105809","no","GeoAI 与基础模型 | 机器学习 | 深度学习与神经网络","self-supervised learning | supervised learning | transformer","","","","","Must match at least one method_family keyword in Crossref title or abstract"
"2025-02","计算地理与城市系统","Computers & Geosciences","C&G","0098-3004","Imputation in well log data: A benchmark for machine learning methods","2025-02-01","published","10.1016/j.cageo.2024.105789","https://doi.org/10.1016/j.cageo.2024.105789","no","机器学习","machine learning","","","","","Must match at least one method_family keyword in Crossref title or abstract"
"2025-02","计算地理与城市系统","Computers & Geosciences","C&G","0098-3004","Interpreting Deepkriging for spatial interpolation in geostatistics","2025-02-01","published","10.1016/j.cageo.2024.105833","https://doi.org/10.1016/j.cageo.2024.105833","no","空间统计与空间计量","geostatistics","","","","","Must match at least one method_family keyword in Crossref title or abstract"
"2025-02","计算地理与城市系统","Computers & Geosciences","C&G","0098-3004","Introducing USED: Urban Seismic Event Detection","2025-02-01","published","10.1016/j.cageo.2024.105815","https://doi.org/10.1016/j.cageo.2024.105815","no","时序与时空建模","event detection","","","","","Must match at least one method_family keyword in Crossref title or abstract"
"2025-02","计算地理与城市系统","Computers & Geosciences","C&G","0098-3004","Linking geo-models for geomorphological classification using knowledge graphs","2025-02-01","published","10.1016/j.cageo.2025.105873","https://doi.org/10.1016/j.cageo.2025.105873","no","机器学习 | 图模型与网络方法","classification | knowledge graph","","","","","Must match at least one method_family keyword in Crossref title or abstract"
"2025-02","计算地理与城市系统","Computers & Geosciences","C&G","0098-3004","LSTM-based proxy model combined with wellbore-reservoir coupling simulations for predicting multi-dimensional state parameters in depleted gas reservoirs","2025-02-01","published","10.1016/j.cageo.2024.105824","https://doi.org/10.1016/j.cageo.2024.105824","no","深度学习与神经网络","LSTM","","","","","Must match at least one method_family keyword in Crossref title or abstract"
"2025-02","计算地理与城市系统","Computers & Geosciences","C&G","0098-3004","Multivariate simulation using a locally varying coregionalization model","2025-02-01","published","10.1016/j.cageo.2024.105781","https://doi.org/10.1016/j.cageo.2024.105781","no","仿真、优化与强化学习","simulation","","","","","Must match at least one method_family keyword in Crossref title or abstract"
"2025-02","计算地理与城市系统","Computers & Geosciences","C&G","0098-3004","Non-linear non-parametric geostatistical rock-physics inversion of elastic attributes for petrophysical properties using direct multivariate simulation","2025-02-01","published","10.1016/j.cageo.2025.105862","https://doi.org/10.1016/j.cageo.2025.105862","no","仿真、优化与强化学习","simulation","","","","","Must match at least one method_family keyword in Crossref title or abstract"
"2025-02","计算地理与城市系统","Computers & Geosciences","C&G","0098-3004","Numerical dispersion mitigation neural network with velocity model correction","2025-02-01","published","10.1016/j.cageo.2024.105806","https://doi.org/10.1016/j.cageo.2024.105806","no","深度学习与神经网络","neural network","","","","","Must match at least one method_family keyword in Crossref title or abstract"
"2025-02","计算地理与城市系统","Computers & Geosciences","C&G","0098-3004","Object segmentation of near surface magnetic field data based on deep convolutional neural networks","2025-02-01","published","10.1016/j.cageo.2024.105847","https://doi.org/10.1016/j.cageo.2024.105847","no","深度学习与神经网络","neural network | convolutional neural network","","","","","Must match at least one method_family keyword in Crossref title or abstract"
"2025-02","计算地理与城市系统","Computers & Geosciences","C&G","0098-3004","Optimized AI-MPM: Application of PSO for tuning the hyperparameters of SVM and RF algorithms","2025-02-01","published","10.1016/j.cageo.2024.105785","https://doi.org/10.1016/j.cageo.2024.105785","no","机器学习","SVM","","","","","Must match at least one method_family keyword in Crossref title or abstract"
"2025-02","计算地理与城市系统","Computers & Geosciences","C&G","0098-3004","Optimizing managed artificial recharge backwash using a multi-objective particle swarm optimization coupled with a clogging simulation model","2025-02-01","published","10.1016/j.cageo.2025.105869","https://doi.org/10.1016/j.cageo.2025.105869","no","仿真、优化与强化学习","simulation | optimization","","","","","Must match at least one method_family keyword in Crossref title or abstract"
"2025-02","计算地理与城市系统","Computers & Geosciences","C&G","0098-3004","Prediction of ultrabasic rocks by support vector machine based on airborne magnetic and radioactivity data","2025-02-01","published","10.1016/j.cageo.2024.105842","https://doi.org/10.1016/j.cageo.2024.105842","no","机器学习","support vector machine","","","","","Must match at least one method_family keyword in Crossref title or abstract"
"2025-02","计算地理与城市系统","Computers & Geosciences","C&G","0098-3004","Quantitative lithology prediction from seismic data using deep learning","2025-02-01","published","10.1016/j.cageo.2024.105821","https://doi.org/10.1016/j.cageo.2024.105821","no","深度学习与神经网络","deep learning","","","","","Must match at least one method_family keyword in Crossref title or abstract"
"2025-02","计算地理与城市系统","Computers & Geosciences","C&G","0098-3004","ReUNet: Efficient deep learning for precise ore segmentation in mineral processing","2025-02-01","published","10.1016/j.cageo.2024.105773","https://doi.org/10.1016/j.cageo.2024.105773","no","深度学习与神经网络","deep learning","","","","","Must match at least one method_family keyword in Crossref title or abstract"
"2025-02","计算地理与城市系统","Computers & Geosciences","C&G","0098-3004","Roadster: Improved algorithms for subtrajectory clustering and map construction","2025-02-01","published","10.1016/j.cageo.2024.105845","https://doi.org/10.1016/j.cageo.2024.105845","no","机器学习","clustering","","","","","Must match at least one method_family keyword in Crossref title or abstract"
"2025-02","计算地理与城市系统","Computers & Geosciences","C&G","0098-3004","SaltFormer: A hybrid CNN-Transformer network for automatic salt dome detection","2025-02-01","published","10.1016/j.cageo.2024.105772","https://doi.org/10.1016/j.cageo.2024.105772","no","深度学习与神经网络","CNN | transformer","","","","","Must match at least one method_family keyword in Crossref title or abstract"
"2025-02","计算地理与城市系统","Computers & Geosciences","C&G","0098-3004","SeisSegDiff: A label-efficient few-shot texture segmentation diffusion model for seismic facies classification","2025-02-01","published","10.1016/j.cageo.2024.105823","https://doi.org/10.1016/j.cageo.2024.105823","no","机器学习","classification","","","","","Must match at least one method_family keyword in Crossref title or abstract"
"2025-02","计算地理与城市系统","Computers & Geosciences","C&G","0098-3004","Shear wave velocity prediction based on bayesian-optimized multi-head attention mechanism and CNN-BiLSTM","2025-02-01","published","10.1016/j.cageo.2024.105787","https://doi.org/10.1016/j.cageo.2024.105787","no","深度学习与神经网络","CNN | attention mechanism","","","","","Must match at least one method_family keyword in Crossref title or abstract"
"2025-02","计算地理与城市系统","Computers & Geosciences","C&G","0098-3004","Siamese topographic generation model: A deep learning model for generating Antarctic subglacial topography with fine details","2025-02-01","published","10.1016/j.cageo.2025.105857","https://doi.org/10.1016/j.cageo.2025.105857","no","深度学习与神经网络","deep learning","","","","","Must match at least one method_family keyword in Crossref title or abstract"
"2025-02","计算地理与城市系统","Computers & Geosciences","C&G","0098-3004","Tar yield prediction of tar-rich coal based on geophysical logging data: Comparison between semi-supervised and supervised learning","2025-02-01","published","10.1016/j.cageo.2024.105848","https://doi.org/10.1016/j.cageo.2024.105848","no","机器学习","supervised learning","","","","","Must match at least one method_family keyword in Crossref title or abstract"
"2025-02","计算地理与城市系统","Computers & Geosciences","C&G","0098-3004","Time reversal imaging and transfer learning for spatial and temporal seismic source location","2025-02-01","published","10.1016/j.cageo.2024.105843","https://doi.org/10.1016/j.cageo.2024.105843","no","GeoAI 与基础模型","transfer learning","","","","","Must match at least one method_family keyword in Crossref title or abstract"
"2025-02","计算地理与城市系统","Computers & Geosciences","C&G","0098-3004","Analysis of earthquake detection using deep learning: Evaluating reliability and uncertainty in prediction methods","2025-02-02","created-proxy","10.1016/j.cageo.2025.105877","https://doi.org/10.1016/j.cageo.2025.105877","no","深度学习与神经网络","deep learning","","","","","Must match at least one method_family keyword in Crossref title or abstract"
"2025-02","计算地理与城市系统","Computers & Geosciences","C&G","0098-3004","A deep learning-based parametric inversion for forecasting water-filled bodies position using electromagnetic method","2025-02-06","created-proxy","10.1016/j.cageo.2025.105881","https://doi.org/10.1016/j.cageo.2025.105881","no","深度学习与神经网络 | 时序与时空建模","deep learning | forecasting","","","","","Must match at least one method_family keyword in Crossref title or abstract"
"2025-02","计算地理与城市系统","Computers & Geosciences","C&G","0098-3004","Deep learning contribution to the automatic picking of surface-wave dispersion for the characterization of railway earthworks","2025-02-08","created-proxy","10.1016/j.cageo.2025.105883","https://doi.org/10.1016/j.cageo.2025.105883","no","深度学习与神经网络","deep learning","","","","","Must match at least one method_family keyword in Crossref title or abstract"
"2025-02","计算地理与城市系统","Computers & Geosciences","C&G","0098-3004","Efficient computation on large regular grids of higher-order spatial statistics via fast Fourier transform","2025-02-08","created-proxy","10.1016/j.cageo.2025.105878","https://doi.org/10.1016/j.cageo.2025.105878","no","空间统计与空间计量","spatial statistics","","","","","Must match at least one method_family keyword in Crossref title or abstract"
"2025-02","计算地理与城市系统","Computers & Geosciences","C&G","0098-3004","Hybrid Newton method for the acceleration of well event handling in the simulation of CO2 storage using supervised learning","2025-02-11","created-proxy","10.1016/j.cageo.2025.105872","https://doi.org/10.1016/j.cageo.2025.105872","no","机器学习 | 仿真、优化与强化学习","supervised learning | simulation","","","","","Must match at least one method_family keyword in Crossref title or abstract"
"2025-02","计算地理与城市系统","Computers & Geosciences","C&G","0098-3004","Geological-knowledge-guided graph self-supervised pretraining framework for identifying mineralization-related geochemical anomalies","2025-02-28","created-proxy","10.1016/j.cageo.2025.105913","https://doi.org/10.1016/j.cageo.2025.105913","no","图模型与网络方法","graph","","","","","Must match at least one method_family keyword in Crossref title or abstract"
"2025-02","计算地理与城市系统","Computers, Environment and Urban Systems","CEUS","0198-9715","From 3D pedestrian networks to wheelable networks: An automatic wheelability assessment method for high-density urban areas using contrastive deep learning of smartphone point clouds","2025-02-05","created-proxy","10.1016/j.compenvurbsys.2025.102255","https://doi.org/10.1016/j.compenvurbsys.2025.102255","no","深度学习与神经网络 | 遥感视觉与影像分析","deep learning | point cloud","","","","","Must match at least one method_family keyword in Crossref title or abstract"
"2025-02","计算地理与城市系统","Computers, Environment and Urban Systems","CEUS","0198-9715","Predicting Desire Paths: Agent-Based Simulation for Neighbourhood Route Planning","2025-02-05","created-proxy","10.1016/j.compenvurbsys.2025.102251","https://doi.org/10.1016/j.compenvurbsys.2025.102251","no","仿真、优化与强化学习","simulation","","","","","Must match at least one method_family keyword in Crossref title or abstract"
"2025-02","计算地理与城市系统","Computers, Environment and Urban Systems","CEUS","0198-9715","Simulating household energy behavior diffusion using spatial microsimulation and econometric models","2025-02-08","created-proxy","10.1016/j.compenvurbsys.2025.102256","https://doi.org/10.1016/j.compenvurbsys.2025.102256","no","仿真、优化与强化学习","microsimulation","","","","","Must match at least one method_family keyword in Crossref title or abstract"
"2025-02","计算地理与城市系统","Computers, Environment and Urban Systems","CEUS","0198-9715","Plot-scale population estimation modeling based on residential plot form clustering and locational attractiveness analysis","2025-02-18","created-proxy","10.1016/j.compenvurbsys.2025.102257","https://doi.org/10.1016/j.compenvurbsys.2025.102257","no","机器学习","clustering","","","","","Must match at least one method_family keyword in Crossref title or abstract"
"2025-02","计算地理与城市系统","Computers, Environment and Urban Systems","CEUS","0198-9715","Interpreting core forms of urban morphology linked to urban functions with explainable graph neural network","2025-02-24","created-proxy","10.1016/j.compenvurbsys.2025.102267","https://doi.org/10.1016/j.compenvurbsys.2025.102267","no","深度学习与神经网络 | 图模型与网络方法","neural network | graph | graph neural network","","","","","Must match at least one method_family keyword in Crossref title or abstract"
"2025-02","计算地理与城市系统","Computers, Environment and Urban Systems","CEUS","0198-9715","A planning support framework to enable smart mobility: Integrating multi-objective spatial optimization and GIS to enhance commuting efficiency","2025-02-27","created-proxy","10.1016/j.compenvurbsys.2025.102269","https://doi.org/10.1016/j.compenvurbsys.2025.102269","no","仿真、优化与强化学习","optimization","","","","","Must match at least one method_family keyword in Crossref title or abstract"
"2025-02","计算地理与城市系统","Computers, Environment and Urban Systems","CEUS","0198-9715","From theory to deep learning: Understanding the impact of geographic context factors on traffic violations","2025-02-27","created-proxy","10.1016/j.compenvurbsys.2025.102268","https://doi.org/10.1016/j.compenvurbsys.2025.102268","no","深度学习与神经网络","deep learning","","","","","Must match at least one method_family keyword in Crossref title or abstract"
"2025-02","城市分析与空间科学","Environment and Planning B: Urban Analytics and City Science","EPB","2399-8091","Urban revitalization pathways toward zero carbon emissions through systems architecting of urban digital twins","2025-02-04","published-online","10.1177/23998083251318142","https://doi.org/10.1177/23998083251318142","yes","仿真、优化与强化学习","simulation | optimization","","","环境监测与灾害风险","climate","Must match at least one method_family keyword in Crossref title or abstract"
"2025-02","城市分析与空间科学","Environment and Planning B: Urban Analytics and City Science","EPB","2399-8091","A multi-scale network-based topological analysis of urban road networks in highly populated cities","2025-02-05","published-online","10.1177/23998083251318067","https://doi.org/10.1177/23998083251318067","yes","图模型与网络方法","road network","基础地理与城市数据库","road network","城市、区域与空间结构","city","Must match at least one method_family keyword in Crossref title or abstract"
"2025-02","城市分析与空间科学","Environment and Planning B: Urban Analytics and City Science","EPB","2399-8091","Do urban digital twins need agents?","2025-02-07","published-online","10.1177/23998083251317666","https://doi.org/10.1177/23998083251317666","yes","仿真、优化与强化学习","agent-based model | ABM","","","城市、区域与空间结构","city","Must match at least one method_family keyword in Crossref title or abstract"
"2025-02","城市分析与空间科学","Environment and Planning B: Urban Analytics and City Science","EPB","2399-8091","Digital twins versus simulation models and planning concepts: Increasing the resemblance between a digital twin and the modeled territory to facilitate the construction and evaluation of urban scenarios","2025-02-09","published-online","10.1177/23998083251318474","https://doi.org/10.1177/23998083251318474","yes","仿真、优化与强化学习","simulation","","","城市、区域与空间结构 | 环境监测与灾害风险","city | climate","Must match at least one method_family keyword in Crossref title or abstract"
"2025-02","城市分析与空间科学","Environment and Planning B: Urban Analytics and City Science","EPB","2399-8091","Decoding urban policies: NLP-driven concise explanations","2025-02-17","published-online","10.1177/23998083251321981","https://doi.org/10.1177/23998083251321981","yes","GeoAI 与基础模型","large language model","","","城市、区域与空间结构","smart city | city","Must match at least one method_family keyword in Crossref title or abstract"
"2025-02","城市分析与空间科学","Environment and Planning B: Urban Analytics and City Science","EPB","2399-8091","Understanding pedestrian dynamics using machine learning with real-time urban sensors","2025-02-17","published-online","10.1177/23998083251319058","https://doi.org/10.1177/23998083251319058","yes","机器学习","machine learning","","","城市、区域与空间结构","city","Must match at least one method_family keyword in Crossref title or abstract"
"2025-02","城市分析与空间科学","Environment and Planning B: Urban Analytics and City Science","EPB","2399-8091","Enhancing digital twin technology with community-led, science-driven participatory modeling: A case in green infrastructure planning","2025-02-19","published-online","10.1177/23998083251323671","https://doi.org/10.1177/23998083251323671","yes","仿真、优化与强化学习","simulation","","","城市、区域与空间结构 | 环境监测与灾害风险","neighborhood | climate","Must match at least one method_family keyword in Crossref title or abstract"
"2025-02","地理信息科学","Geo-spatial Information Science","GSIS","1993-5153","An in situ hyperspectral dataset for typical aquatic vegetation","2025-02-04","published-online","10.1080/10095020.2024.2440653","https://doi.org/10.1080/10095020.2024.2440653","no","遥感视觉与影像分析","hyperspectral","遥感与地球观测数据","hyperspectral","","","Must match at least one method_family keyword in Crossref title or abstract"
"2025-02","地理信息科学","Geo-spatial Information Science","GSIS","1993-5153","Deep learning detects entire multiple-size lunar craters driven by elevation data and topographic knowledge","2025-02-04","published-online","10.1080/10095020.2025.2452932","https://doi.org/10.1080/10095020.2025.2452932","no","深度学习与神经网络","deep learning","","","","","Must match at least one method_family keyword in Crossref title or abstract"
"2025-02","地理信息科学","Geo-spatial Information Science","GSIS","1993-5153","Monitoring Moso bamboo ( Phyllostachys pubescens ) forests damage caused by Pantana phyllostachysae Chao considering phenological differences between on-year and off-year using UAV hyperspectral images","2025-02-04","published-online","10.1080/10095020.2025.2454521","https://doi.org/10.1080/10095020.2025.2454521","no","遥感视觉与影像分析","hyperspectral","遥感与地球观测数据","UAV | hyperspectral","","","Must match at least one method_family keyword in Crossref title or abstract"
"2025-02","空间统计与地理分析","Geographical Analysis","GEAN","1538-4632","Comparisons Between Robbery and Break‐And‐Enter: Area‐Specific Trends, Socioeconomic Risk Factors, and Hotspots Analysis Using a Bayesian Spatial and Spatiotemporal Approach","2025-02-10","published-online","10.1111/gean.12421","https://doi.org/10.1111/gean.12421","yes","时序与时空建模 | 空间交互与移动性模型","spatiotemporal | spatial interaction","","","城市、区域与空间结构","city | neighborhood","Must match at least one method_family keyword in Crossref title or abstract"
"2025-02","空间统计与地理分析","Geographical Analysis","GEAN","1538-4632","A Novel Approach to Assess the Distance Between the Settlement Patterns of Two Populations","2025-02-20","published-online","10.1111/gean.70002","https://doi.org/10.1111/gean.70002","yes","空间交互与移动性模型","spatial interaction","","","","","Must match at least one method_family keyword in Crossref title or abstract"
"2025-02","地理信息科学","Geoinformatica","GEIN","1573-7624","Mining targeted spatio-temporal sequential patterns","2025-02-10","published-online","10.1007/s10707-025-00535-1","https://doi.org/10.1007/s10707-025-00535-1","no","时序与时空建模","spatio-temporal","","","","","Must match at least one method_family keyword in Crossref title or abstract"
"2025-02","地理信息科学","Geoinformatica","GEIN","1573-7624","Lightweight two dimensional multi-scale large kernel attention network for super-resolution of digital rock","2025-02-13","published-online","10.1007/s10707-025-00536-0","https://doi.org/10.1007/s10707-025-00536-0","no","遥感视觉与影像分析","super-resolution","","","","","Must match at least one method_family keyword in Crossref title or abstract"
"2025-02","GeoAI 与遥感","GIScience & Remote Sensing","G&RS","1548-1603","On the use of adversarial validation for quantifying dissimilarity in geospatial machine learning prediction","2025-02-04","published-online","10.1080/15481603.2025.2460513","https://doi.org/10.1080/15481603.2025.2460513","no","机器学习","machine learning","","","","","Must match at least one method_family keyword in Crossref title or abstract"
"2025-02","GeoAI 与遥感","GIScience & Remote Sensing","G&RS","1548-1603","Advanced time-series InSAR analysis to estimate surface deformation and utilization of hybrid deep learning for susceptibility mapping in the Jakarta metropolitan region","2025-02-12","published-online","10.1080/15481603.2025.2465349","https://doi.org/10.1080/15481603.2025.2465349","no","深度学习与神经网络","deep learning","","","","","Must match at least one method_family keyword in Crossref title or abstract"
"2025-02","GeoAI 与遥感","GIScience & Remote Sensing","G&RS","1548-1603","Bathymetry-guided multi-source remote sensing image domain adaptive coral reef benthic habitat classification","2025-02-27","published-online","10.1080/15481603.2025.2471193","https://doi.org/10.1080/15481603.2025.2471193","no","机器学习","classification","遥感与地球观测数据","remote sensing","","","Must match at least one method_family keyword in Crossref title or abstract"
"2025-02","遥感与地球观测","International Journal of Applied Earth Observation and Geoinformation","JAG","1569-8432","3D-UMamba: 3D U-Net with state space model for semantic segmentation of multi-source LiDAR point clouds","2025-02-01","published","10.1016/j.jag.2025.104401","https://doi.org/10.1016/j.jag.2025.104401","no","深度学习与神经网络 | 遥感视觉与影像分析","U-Net | semantic segmentation | point cloud | LiDAR","遥感与地球观测数据","LiDAR","","","Must match at least one method_family keyword in Crossref title or abstract"
"2025-02","遥感与地球观测","International Journal of Applied Earth Observation and Geoinformation","JAG","1569-8432","A cascaded autoencoder unmixing network for Hyperspectral anomaly detection","2025-02-01","published","10.1016/j.jag.2025.104405","https://doi.org/10.1016/j.jag.2025.104405","no","深度学习与神经网络 | 遥感视觉与影像分析","autoencoder | hyperspectral","遥感与地球观测数据","hyperspectral","","","Must match at least one method_family keyword in Crossref title or abstract"
"2025-02","遥感与地球观测","International Journal of Applied Earth Observation and Geoinformation","JAG","1569-8432","A deep learning approach for SMAP soil moisture downscaling informed by thermal inertia theory","2025-02-01","published","10.1016/j.jag.2025.104370","https://doi.org/10.1016/j.jag.2025.104370","no","深度学习与神经网络","deep learning","","","","","Must match at least one method_family keyword in Crossref title or abstract"
"2025-02","遥感与地球观测","International Journal of Applied Earth Observation and Geoinformation","JAG","1569-8432","A graph-based multimodal data fusion framework for identifying urban functional zone","2025-02-01","published","10.1016/j.jag.2024.104353","https://doi.org/10.1016/j.jag.2024.104353","no","图模型与网络方法","graph","","","","","Must match at least one method_family keyword in Crossref title or abstract"
"2025-02","遥感与地球观测","International Journal of Applied Earth Observation and Geoinformation","JAG","1569-8432","A spatiotemporal framework to assess the bio-geomorphic interplay of saltmarsh vegetation and tidal emergence (Western Scheldt estuary)","2025-02-01","published","10.1016/j.jag.2024.104337","https://doi.org/10.1016/j.jag.2024.104337","no","时序与时空建模","spatiotemporal","","","","","Must match at least one method_family keyword in Crossref title or abstract"
"2025-02","遥感与地球观测","International Journal of Applied Earth Observation and Geoinformation","JAG","1569-8432","A tree crown edge-aware clipping algorithm for airborne LiDAR point clouds","2025-02-01","published","10.1016/j.jag.2025.104381","https://doi.org/10.1016/j.jag.2025.104381","no","遥感视觉与影像分析","point cloud | LiDAR","遥感与地球观测数据","LiDAR","","","Must match at least one method_family keyword in Crossref title or abstract"
"2025-02","遥感与地球观测","International Journal of Applied Earth Observation and Geoinformation","JAG","1569-8432","Airborne multi-seasonal LiDAR and hyperspectral data integration for individual tree-level classification in urban green spaces at city scale","2025-02-01","published","10.1016/j.jag.2024.104319","https://doi.org/10.1016/j.jag.2024.104319","no","机器学习 | 遥感视觉与影像分析","classification | LiDAR | hyperspectral","遥感与地球观测数据","LiDAR | hyperspectral","城市、区域与空间结构","city","Must match at least one method_family keyword in Crossref title or abstract"
"2025-02","遥感与地球观测","International Journal of Applied Earth Observation and Geoinformation","JAG","1569-8432","An enhanced network for extracting tunnel lining defects using transformer encoder and aggregate decoder","2025-02-01","published","10.1016/j.jag.2024.104259","https://doi.org/10.1016/j.jag.2024.104259","no","深度学习与神经网络","transformer","","","","","Must match at least one method_family keyword in Crossref title or abstract"
"2025-02","遥感与地球观测","International Journal of Applied Earth Observation and Geoinformation","JAG","1569-8432","BSG-WSL: BackScatter-guided weakly supervised learning for water mapping in SAR images","2025-02-01","published","10.1016/j.jag.2025.104385","https://doi.org/10.1016/j.jag.2025.104385","no","机器学习 | 遥感视觉与影像分析","supervised learning | SAR","遥感与地球观测数据","SAR","","","Must match at least one method_family keyword in Crossref title or abstract"
"2025-02","遥感与地球观测","International Journal of Applied Earth Observation and Geoinformation","JAG","1569-8432","Change detection in heterogeneous images based on multiple pseudo-homogeneous image pairs","2025-02-01","published","10.1016/j.jag.2024.104321","https://doi.org/10.1016/j.jag.2024.104321","no","时序与时空建模","change detection","","","","","Must match at least one method_family keyword in Crossref title or abstract"
"2025-02","遥感与地球观测","International Journal of Applied Earth Observation and Geoinformation","JAG","1569-8432","Change detection of slow-moving landslide with multi-source SBAS-InSAR and Light-U2Net","2025-02-01","published","10.1016/j.jag.2025.104387","https://doi.org/10.1016/j.jag.2025.104387","no","时序与时空建模","change detection","","","环境监测与灾害风险","landslide","Must match at least one method_family keyword in Crossref title or abstract"
"2025-02","遥感与地球观测","International Journal of Applied Earth Observation and Geoinformation","JAG","1569-8432","Characterizing phenological differences of invasive shrubs in a forest matrix using high resolution VENµS time series","2025-02-01","published","10.1016/j.jag.2024.104333","https://doi.org/10.1016/j.jag.2024.104333","no","时序与时空建模","time series","","","","","Must match at least one method_family keyword in Crossref title or abstract"
"2025-02","遥感与地球观测","International Journal of Applied Earth Observation and Geoinformation","JAG","1569-8432","Combined gated graph convolution neural networks with multi-modal geospatial data for forest type classification","2025-02-01","published","10.1016/j.jag.2025.104372","https://doi.org/10.1016/j.jag.2025.104372","no","机器学习 | 深度学习与神经网络 | 图模型与网络方法","classification | neural network | graph","","","","","Must match at least one method_family keyword in Crossref title or abstract"
"2025-02","遥感与地球观测","International Journal of Applied Earth Observation and Geoinformation","JAG","1569-8432","Configuration of public transportation stations in Hong Kong based on population density prediction by machine learning","2025-02-01","published","10.1016/j.jag.2024.104339","https://doi.org/10.1016/j.jag.2024.104339","no","机器学习","machine learning","","","","","Must match at least one method_family keyword in Crossref title or abstract"
"2025-02","遥感与地球观测","International Journal of Applied Earth Observation and Geoinformation","JAG","1569-8432","CSTN: A cross-region crop mapping method integrating self-training and contrastive domain adaptation","2025-02-01","published","10.1016/j.jag.2025.104379","https://doi.org/10.1016/j.jag.2025.104379","no","GeoAI 与基础模型","domain adaptation","","","","","Must match at least one method_family keyword in Crossref title or abstract"
"2025-02","遥感与地球观测","International Journal of Applied Earth Observation and Geoinformation","JAG","1569-8432","CUG-STCN: A seabed topography classification framework based on knowledge graph-guided vision mamba network","2025-02-01","published","10.1016/j.jag.2025.104383","https://doi.org/10.1016/j.jag.2025.104383","no","机器学习 | 深度学习与神经网络 | 图模型与网络方法","classification | TCN | graph | knowledge graph","","","","","Must match at least one method_family keyword in Crossref title or abstract"
"2025-02","遥感与地球观测","International Journal of Applied Earth Observation and Geoinformation","JAG","1569-8432","Deep learning change detection techniques for optical remote sensing imagery: Status, perspectives and challenges","2025-02-01","published","10.1016/j.jag.2024.104282","https://doi.org/10.1016/j.jag.2024.104282","no","深度学习与神经网络 | 时序与时空建模","deep learning | change detection","遥感与地球观测数据","remote sensing","","","Must match at least one method_family keyword in Crossref title or abstract"
"2025-02","遥感与地球观测","International Journal of Applied Earth Observation and Geoinformation","JAG","1569-8432","Deep learning reveals hotspots of global oceanic oxygen changes from 2003 to 2020","2025-02-01","published","10.1016/j.jag.2025.104363","https://doi.org/10.1016/j.jag.2025.104363","no","深度学习与神经网络","deep learning","","","","","Must match at least one method_family keyword in Crossref title or abstract"
"2025-02","遥感与地球观测","International Journal of Applied Earth Observation and Geoinformation","JAG","1569-8432","Detecting glacial lake water quality indicators from RGB surveillance images via deep learning","2025-02-01","published","10.1016/j.jag.2025.104392","https://doi.org/10.1016/j.jag.2025.104392","no","深度学习与神经网络","deep learning","","","","","Must match at least one method_family keyword in Crossref title or abstract"
"2025-02","遥感与地球观测","International Journal of Applied Earth Observation and Geoinformation","JAG","1569-8432","Detecting tropical freshly-opened swidden fields using a combined algorithm of continuous change detection and support vector machine","2025-02-01","published","10.1016/j.jag.2025.104403","https://doi.org/10.1016/j.jag.2025.104403","no","机器学习 | 时序与时空建模","support vector machine | change detection","","","","","Must match at least one method_family keyword in Crossref title or abstract"
"2025-02","遥感与地球观测","International Journal of Applied Earth Observation and Geoinformation","JAG","1569-8432","Dual Fine-Grained network with frequency Transformer for change detection on remote sensing images","2025-02-01","published","10.1016/j.jag.2025.104393","https://doi.org/10.1016/j.jag.2025.104393","no","深度学习与神经网络 | 时序与时空建模","transformer | change detection","遥感与地球观测数据","remote sensing","","","Must match at least one method_family keyword in Crossref title or abstract"
"2025-02","遥感与地球观测","International Journal of Applied Earth Observation and Geoinformation","JAG","1569-8432","Dual U–Vision–Transformer for reconstructing the three-dimensional eddy-resolving oceanic physical parameters from satellite observations","2025-02-01","published","10.1016/j.jag.2025.104382","https://doi.org/10.1016/j.jag.2025.104382","no","深度学习与神经网络","transformer","","","","","Must match at least one method_family keyword in Crossref title or abstract"
"2025-02","遥感与地球观测","International Journal of Applied Earth Observation and Geoinformation","JAG","1569-8432","Eliminating geometric distortion with dual-orbit Sentinel-1 SAR fusion for accurate glacial lake extraction in Southeast Tibet Plateau","2025-02-01","published","10.1016/j.jag.2024.104329","https://doi.org/10.1016/j.jag.2024.104329","no","遥感视觉与影像分析","SAR","遥感与地球观测数据","SAR | Sentinel","","","Must match at least one method_family keyword in Crossref title or abstract"
"2025-02","遥感与地球观测","International Journal of Applied Earth Observation and Geoinformation","JAG","1569-8432","Estimating structure of understory bamboo for giant panda habitat by developing an advanced vertical vegetation classification approach using UAS-LiDAR data","2025-02-01","published","10.1016/j.jag.2024.104304","https://doi.org/10.1016/j.jag.2024.104304","no","机器学习 | 遥感视觉与影像分析","classification | LiDAR","遥感与地球观测数据","LiDAR","","","Must match at least one method_family keyword in Crossref title or abstract"
"2025-02","遥感与地球观测","International Journal of Applied Earth Observation and Geoinformation","JAG","1569-8432","Geospatial large language model trained with a simulated environment for generating tool-use chains autonomously","2025-02-01","published","10.1016/j.jag.2024.104312","https://doi.org/10.1016/j.jag.2024.104312","no","GeoAI 与基础模型","large language model","","","","","Must match at least one method_family keyword in Crossref title or abstract"
"2025-02","遥感与地球观测","International Journal of Applied Earth Observation and Geoinformation","JAG","1569-8432","Glacial lake mapping using remote sensing Geo-Foundation Model","2025-02-01","published","10.1016/j.jag.2025.104371","https://doi.org/10.1016/j.jag.2025.104371","no","GeoAI 与基础模型","foundation model","遥感与地球观测数据","remote sensing","","","Must match at least one method_family keyword in Crossref title or abstract"
"2025-02","遥感与地球观测","International Journal of Applied Earth Observation and Geoinformation","JAG","1569-8432","HUTDNet: A joint unmixing and target detection network for underwater hyperspectral imagery","2025-02-01","published","10.1016/j.jag.2025.104374","https://doi.org/10.1016/j.jag.2025.104374","no","遥感视觉与影像分析","hyperspectral","遥感与地球观测数据","hyperspectral","","","Must match at least one method_family keyword in Crossref title or abstract"
"2025-02","遥感与地球观测","International Journal of Applied Earth Observation and Geoinformation","JAG","1569-8432","Identification of standing dead trees in Robinia pseudoacacia plantations across China’s Loess Plateau using multiple deep learning models","2025-02-01","published","10.1016/j.jag.2025.104388","https://doi.org/10.1016/j.jag.2025.104388","no","深度学习与神经网络","deep learning","","","","","Must match at least one method_family keyword in Crossref title or abstract"
"2025-02","遥感与地球观测","International Journal of Applied Earth Observation and Geoinformation","JAG","1569-8432","Image-point cloud embedding network for simultaneous image-based farmland instance extraction and point cloud-based semantic segmentation","2025-02-01","published","10.1016/j.jag.2025.104361","https://doi.org/10.1016/j.jag.2025.104361","no","遥感视觉与影像分析","semantic segmentation | point cloud","","","","","Must match at least one method_family keyword in Crossref title or abstract"
"2025-02","遥感与地球观测","International Journal of Applied Earth Observation and Geoinformation","JAG","1569-8432","Images and deep learning in human and urban infrastructure interactions pertinent to sustainable urban studies: Review and perspective","2025-02-01","published","10.1016/j.jag.2024.104352","https://doi.org/10.1016/j.jag.2024.104352","no","深度学习与神经网络","deep learning","","","","","Must match at least one method_family keyword in Crossref title or abstract"
"2025-02","遥感与地球观测","International Journal of Applied Earth Observation and Geoinformation","JAG","1569-8432","Improving semi-supervised remote sensing scene classification via Multilevel Feature Fusion and pseudo-labeling","2025-02-01","published","10.1016/j.jag.2024.104335","https://doi.org/10.1016/j.jag.2024.104335","no","机器学习","classification","遥感与地球观测数据","remote sensing","","","Must match at least one method_family keyword in Crossref title or abstract"
"2025-02","遥感与地球观测","International Journal of Applied Earth Observation and Geoinformation","JAG","1569-8432","Incorporating environmental data to refine the classification and understanding of the mechanisms behind encroachment of a woody species in the Southern Great Plains (USA)","2025-02-01","published","10.1016/j.jag.2025.104362","https://doi.org/10.1016/j.jag.2025.104362","no","机器学习","classification","","","","","Must match at least one method_family keyword in Crossref title or abstract"
"2025-02","遥感与地球观测","International Journal of Applied Earth Observation and Geoinformation","JAG","1569-8432","Mapping global annual urban land cover fractions (2001–2020) derived with multi-objective deep learning","2025-02-01","published","10.1016/j.jag.2025.104404","https://doi.org/10.1016/j.jag.2025.104404","no","深度学习与神经网络","deep learning","基础地理与城市数据库","land cover","","","Must match at least one method_family keyword in Crossref title or abstract"
"2025-02","遥感与地球观测","International Journal of Applied Earth Observation and Geoinformation","JAG","1569-8432","Mapping hierarchical wetland characteristics by optical-SAR integration with collaborative spatial-spectral-temporal learning","2025-02-01","published","10.1016/j.jag.2025.104395","https://doi.org/10.1016/j.jag.2025.104395","no","遥感视觉与影像分析","SAR","遥感与地球观测数据","SAR","","","Must match at least one method_family keyword in Crossref title or abstract"
"2025-02","遥感与地球观测","International Journal of Applied Earth Observation and Geoinformation","JAG","1569-8432","Mapping Spatio-Temporal dynamics of irrigated agriculture in Nepal using MODIS NDVI and statistical data with Google Earth Engine: A step towards improved irrigation planning","2025-02-01","published","10.1016/j.jag.2024.104345","https://doi.org/10.1016/j.jag.2024.104345","no","时序与时空建模","spatio-temporal","遥感与地球观测数据","MODIS","时间尺度与动态过程","temporal dynamics","Must match at least one method_family keyword in Crossref title or abstract"
"2025-02","遥感与地球观测","International Journal of Applied Earth Observation and Geoinformation","JAG","1569-8432","Modeling the impact of pandemic on the urban thermal environment over megacities in China: Spatiotemporal analysis from the perspective of heat anomaly variations","2025-02-01","published","10.1016/j.jag.2025.104396","https://doi.org/10.1016/j.jag.2025.104396","no","时序与时空建模","spatiotemporal | temporal analysis","","","环境监测与灾害风险","heat","Must match at least one method_family keyword in Crossref title or abstract"
"2025-02","遥感与地球观测","International Journal of Applied Earth Observation and Geoinformation","JAG","1569-8432","Multi-scale frequency-guided two-stream network for hyperspectral anomaly detection","2025-02-01","published","10.1016/j.jag.2025.104355","https://doi.org/10.1016/j.jag.2025.104355","no","遥感视觉与影像分析","hyperspectral","遥感与地球观测数据","hyperspectral","","","Must match at least one method_family keyword in Crossref title or abstract"
"2025-02","遥感与地球观测","International Journal of Applied Earth Observation and Geoinformation","JAG","1569-8432","PCET: Patch Confidence-Enhanced Transformer with efficient spectral–spatial features for hyperspectral image classification","2025-02-01","published","10.1016/j.jag.2024.104308","https://doi.org/10.1016/j.jag.2024.104308","no","机器学习 | 深度学习与神经网络 | 遥感视觉与影像分析","classification | transformer | image classification | hyperspectral","遥感与地球观测数据","hyperspectral","","","Must match at least one method_family keyword in Crossref title or abstract"
"2025-02","遥感与地球观测","International Journal of Applied Earth Observation and Geoinformation","JAG","1569-8432","Predicting turbidity dynamics in small reservoirs in central Kenya using remote sensing and machine learning","2025-02-01","published","10.1016/j.jag.2025.104390","https://doi.org/10.1016/j.jag.2025.104390","no","机器学习","machine learning","遥感与地球观测数据","remote sensing","","","Must match at least one method_family keyword in Crossref title or abstract"
"2025-02","遥感与地球观测","International Journal of Applied Earth Observation and Geoinformation","JAG","1569-8432","Pseudo-class distribution guided multi-view unsupervised domain adaptation for hyperspectral image classification","2025-02-01","published","10.1016/j.jag.2025.104356","https://doi.org/10.1016/j.jag.2025.104356","no","GeoAI 与基础模型 | 机器学习 | 遥感视觉与影像分析","domain adaptation | classification | image classification | hyperspectral","遥感与地球观测数据","hyperspectral","","","Must match at least one method_family keyword in Crossref title or abstract"
"2025-02","遥感与地球观测","International Journal of Applied Earth Observation and Geoinformation","JAG","1569-8432","RTCNet: A novel real-time triple branch network for pavement crack semantic segmentation","2025-02-01","published","10.1016/j.jag.2024.104347","https://doi.org/10.1016/j.jag.2024.104347","no","遥感视觉与影像分析","semantic segmentation","","","","","Must match at least one method_family keyword in Crossref title or abstract"
"2025-02","遥感与地球观测","International Journal of Applied Earth Observation and Geoinformation","JAG","1569-8432","SD-Mamba: A lightweight synthetic-decompression network for cross-modal flood change detection","2025-02-01","published","10.1016/j.jag.2025.104409","https://doi.org/10.1016/j.jag.2025.104409","no","时序与时空建模","change detection","","","环境监测与灾害风险","flood","Must match at least one method_family keyword in Crossref title or abstract"
"2025-02","遥感与地球观测","International Journal of Applied Earth Observation and Geoinformation","JAG","1569-8432","Small but mighty: Enhancing 3D point clouds semantic segmentation with U-Next framework","2025-02-01","published","10.1016/j.jag.2024.104309","https://doi.org/10.1016/j.jag.2024.104309","no","遥感视觉与影像分析","semantic segmentation | point cloud","","","","","Must match at least one method_family keyword in Crossref title or abstract"
"2025-02","遥感与地球观测","International Journal of Applied Earth Observation and Geoinformation","JAG","1569-8432","SpatioTemporal Random Forest and SpatioTemporal Stacking Tree: A novel spatially explicit ensemble learning approach to modeling non-linearity in spatiotemporal non-stationarity","2025-02-01","published","10.1016/j.jag.2024.104315","https://doi.org/10.1016/j.jag.2024.104315","no","机器学习 | 时序与时空建模","random forest | ensemble learning | spatiotemporal","","","","","Must match at least one method_family keyword in Crossref title or abstract"
"2025-02","遥感与地球观测","International Journal of Applied Earth Observation and Geoinformation","JAG","1569-8432","Spatiotemporal trends in Anopheles funestus breeding habitats","2025-02-01","published","10.1016/j.jag.2024.104351","https://doi.org/10.1016/j.jag.2024.104351","no","时序与时空建模","spatiotemporal","","","","","Must match at least one method_family keyword in Crossref title or abstract"
"2025-02","遥感与地球观测","International Journal of Applied Earth Observation and Geoinformation","JAG","1569-8432","Spatiotemporal-grained quantitative assessment of construction-induced deformation along the MTR in Hong Kong using MT-InSAR and iterative STL-based subsidence ratio analysis","2025-02-01","published","10.1016/j.jag.2024.104342","https://doi.org/10.1016/j.jag.2024.104342","no","时序与时空建模","spatiotemporal","","","","","Must match at least one method_family keyword in Crossref title or abstract"
"2025-02","遥感与地球观测","International Journal of Applied Earth Observation and Geoinformation","JAG","1569-8432","SSMM: Semi-supervised manifold method with spatial-spectral self-training and regularized metric constraints for hyperspectral image dimensionality reduction","2025-02-01","published","10.1016/j.jag.2025.104373","https://doi.org/10.1016/j.jag.2025.104373","no","遥感视觉与影像分析","hyperspectral","遥感与地球观测数据","hyperspectral","","","Must match at least one method_family keyword in Crossref title or abstract"
"2025-02","遥感与地球观测","International Journal of Applied Earth Observation and Geoinformation","JAG","1569-8432","The impact of spatiotemporal variability of environmental conditions on wheat yield forecasting using remote sensing data and machine learning","2025-02-01","published","10.1016/j.jag.2025.104367","https://doi.org/10.1016/j.jag.2025.104367","no","机器学习 | 时序与时空建模","machine learning | spatiotemporal | forecasting","遥感与地球观测数据","remote sensing","","","Must match at least one method_family keyword in Crossref title or abstract"
"2025-02","遥感与地球观测","International Journal of Applied Earth Observation and Geoinformation","JAG","1569-8432","Towards the next generation of Geospatial Artificial Intelligence","2025-02-01","published","10.1016/j.jag.2025.104368","https://doi.org/10.1016/j.jag.2025.104368","no","GeoAI 与基础模型","geospatial artificial intelligence","","","","","Must match at least one method_family keyword in Crossref title or abstract"
"2025-02","遥感与地球观测","International Journal of Applied Earth Observation and Geoinformation","JAG","1569-8432","TSNET: A solid waste instance segmentation model in China based on a Two-Step detection strategy and satellite remote sensing images","2025-02-01","published","10.1016/j.jag.2025.104366","https://doi.org/10.1016/j.jag.2025.104366","no","遥感视觉与影像分析","instance segmentation","遥感与地球观测数据","remote sensing","","","Must match at least one method_family keyword in Crossref title or abstract"
"2025-02","遥感与地球观测","International Journal of Applied Earth Observation and Geoinformation","JAG","1569-8432","Unsupervised deep depth completion with heterogeneous LiDAR and RGB-D camera depth information","2025-02-01","published","10.1016/j.jag.2024.104327","https://doi.org/10.1016/j.jag.2024.104327","no","遥感视觉与影像分析","LiDAR","遥感与地球观测数据","LiDAR","","","Must match at least one method_family keyword in Crossref title or abstract"
"2025-02","遥感与地球观测","International Journal of Applied Earth Observation and Geoinformation","JAG","1569-8432","A difference enhancement and class-aware rebalancing semi-supervised network for cropland semantic change detection","2025-02-15","created-proxy","10.1016/j.jag.2025.104415","https://doi.org/10.1016/j.jag.2025.104415","no","时序与时空建模","change detection","","","","","Must match at least one method_family keyword in Crossref title or abstract"
"2025-02","遥感与地球观测","International Journal of Applied Earth Observation and Geoinformation","JAG","1569-8432","Expanding high-resolution sea surface salinity estimation from coastal seas to open oceans through the synergistic use of multi-source data with machine learning","2025-02-15","created-proxy","10.1016/j.jag.2025.104427","https://doi.org/10.1016/j.jag.2025.104427","no","机器学习","machine learning","","","","","Must match at least one method_family keyword in Crossref title or abstract"
"2025-02","遥感与地球观测","International Journal of Applied Earth Observation and Geoinformation","JAG","1569-8432","Transformer-based InspecNet for improved UAV surveillance of electrical infrastructure","2025-02-15","created-proxy","10.1016/j.jag.2025.104424","https://doi.org/10.1016/j.jag.2025.104424","no","深度学习与神经网络","transformer","遥感与地球观测数据","UAV","","","Must match at least one method_family keyword in Crossref title or abstract"
"2025-02","遥感与地球观测","International Journal of Applied Earth Observation and Geoinformation","JAG","1569-8432","A novel approach to retrieving the surface soil freeze/thaw state in the Qinghai-Tibetan Plateau using the seasonality of CYGNSS time series","2025-02-17","created-proxy","10.1016/j.jag.2025.104428","https://doi.org/10.1016/j.jag.2025.104428","no","时序与时空建模","time series","","","时间尺度与动态过程","seasonality","Must match at least one method_family keyword in Crossref title or abstract"
"2025-02","遥感与地球观测","International Journal of Applied Earth Observation and Geoinformation","JAG","1569-8432","Mapping of insect pest infestation for precision agriculture: A UAV-based multispectral imaging and deep learning techniques","2025-02-17","created-proxy","10.1016/j.jag.2025.104413","https://doi.org/10.1016/j.jag.2025.104413","no","深度学习与神经网络","deep learning","遥感与地球观测数据","UAV | multispectral","","","Must match at least one method_family keyword in Crossref title or abstract"
"2025-02","遥感与地球观测","International Journal of Applied Earth Observation and Geoinformation","JAG","1569-8432","Plantation forests driven spatiotemporal vegetation trends and its interplay with climate variables in the Northwestern Highlands of Ethiopia","2025-02-17","created-proxy","10.1016/j.jag.2025.104411","https://doi.org/10.1016/j.jag.2025.104411","no","时序与时空建模","spatiotemporal","","","环境监测与灾害风险","climate","Must match at least one method_family keyword in Crossref title or abstract"
"2025-02","遥感与地球观测","International Journal of Applied Earth Observation and Geoinformation","JAG","1569-8432","Extraction of gully erosion using multi-level random forest model based on object-based image analysis","2025-02-18","created-proxy","10.1016/j.jag.2025.104434","https://doi.org/10.1016/j.jag.2025.104434","no","机器学习","random forest","","","","","Must match at least one method_family keyword in Crossref title or abstract"
"2025-02","遥感与地球观测","International Journal of Applied Earth Observation and Geoinformation","JAG","1569-8432","PolSAR image classification using complex-valued multiscale attention vision transformer (CV-MsAtViT)","2025-02-18","created-proxy","10.1016/j.jag.2025.104412","https://doi.org/10.1016/j.jag.2025.104412","no","机器学习 | 深度学习与神经网络 | 遥感视觉与影像分析","classification | transformer | image classification","","","","","Must match at least one method_family keyword in Crossref title or abstract"
"2025-02","遥感与地球观测","International Journal of Applied Earth Observation and Geoinformation","JAG","1569-8432","Estimating two-decadal variations of global oceanic particulate organic carbon using satellite observations and machine learning approaches","2025-02-20","created-proxy","10.1016/j.jag.2025.104438","https://doi.org/10.1016/j.jag.2025.104438","no","机器学习","machine learning","","","","","Must match at least one method_family keyword in Crossref title or abstract"
"2025-02","遥感与地球观测","International Journal of Applied Earth Observation and Geoinformation","JAG","1569-8432","LLM-enhanced disaster geolocalization using implicit geoinformation from multimodal data: A case study of Hurricane Harvey","2025-02-21","created-proxy","10.1016/j.jag.2025.104423","https://doi.org/10.1016/j.jag.2025.104423","no","GeoAI 与基础模型","LLM","","","环境监测与灾害风险","disaster","Must match at least one method_family keyword in Crossref title or abstract"
"2025-02","遥感与地球观测","International Journal of Applied Earth Observation and Geoinformation","JAG","1569-8432","An integrated graph-spatial method for high-performance geospatial-temporal semantic query","2025-02-22","created-proxy","10.1016/j.jag.2025.104437","https://doi.org/10.1016/j.jag.2025.104437","no","图模型与网络方法","graph","","","","","Must match at least one method_family keyword in Crossref title or abstract"
"2025-02","遥感与地球观测","International Journal of Applied Earth Observation and Geoinformation","JAG","1569-8432","Detecting mass wasting of Retrogressive Thaw Slumps in spaceborne elevation models using deep learning","2025-02-22","created-proxy","10.1016/j.jag.2025.104419","https://doi.org/10.1016/j.jag.2025.104419","no","深度学习与神经网络","deep learning","","","","","Must match at least one method_family keyword in Crossref title or abstract"
"2025-02","遥感与地球观测","International Journal of Applied Earth Observation and Geoinformation","JAG","1569-8432","Spatiotemporal masked pre-training for advancing crop mapping on satellite image time series with limited labels","2025-02-22","created-proxy","10.1016/j.jag.2025.104426","https://doi.org/10.1016/j.jag.2025.104426","no","时序与时空建模","spatiotemporal | time series","","","","","Must match at least one method_family keyword in Crossref title or abstract"
"2025-02","遥感与地球观测","International Journal of Applied Earth Observation and Geoinformation","JAG","1569-8432","Fine-grained building function recognition with street-view images and GIS map data via geometry-aware semi-supervised learning","2025-02-24","created-proxy","10.1016/j.jag.2025.104386","https://doi.org/10.1016/j.jag.2025.104386","no","机器学习","supervised learning","","","","","Must match at least one method_family keyword in Crossref title or abstract"
"2025-02","遥感与地球观测","International Journal of Applied Earth Observation and Geoinformation","JAG","1569-8432","A SAM-adapted weakly-supervised semantic segmentation method constrained by uncertainty and transformation consistency","2025-02-25","created-proxy","10.1016/j.jag.2025.104440","https://doi.org/10.1016/j.jag.2025.104440","no","遥感视觉与影像分析","semantic segmentation","","","","","Must match at least one method_family keyword in Crossref title or abstract"
"2025-02","遥感与地球观测","International Journal of Applied Earth Observation and Geoinformation","JAG","1569-8432","Unlocking the hidden secrets of the 2023 Al Haouz earthquake: Coseismic model reveals intraplate reverse faulting in Morocco derived from SAR and seismic data","2025-02-26","created-proxy","10.1016/j.jag.2025.104420","https://doi.org/10.1016/j.jag.2025.104420","no","遥感视觉与影像分析","SAR","遥感与地球观测数据","SAR","","","Must match at least one method_family keyword in Crossref title or abstract"
"2025-02","遥感与地球观测","International Journal of Applied Earth Observation and Geoinformation","JAG","1569-8432","Structure-aware deep learning network for building height estimation","2025-02-27","created-proxy","10.1016/j.jag.2025.104443","https://doi.org/10.1016/j.jag.2025.104443","no","深度学习与神经网络","deep learning","","","","","Must match at least one method_family keyword in Crossref title or abstract"
"2025-02","遥感与地球观测","International Journal of Applied Earth Observation and Geoinformation","JAG","1569-8432","Assessment of forest fire vulnerability prediction in Indonesia: Seasonal variability analysis using machine learning techniques","2025-02-28","created-proxy","10.1016/j.jag.2025.104435","https://doi.org/10.1016/j.jag.2025.104435","no","机器学习","machine learning","","","","","Must match at least one method_family keyword in Crossref title or abstract"
"2025-02","遥感与地球观测","International Journal of Applied Earth Observation and Geoinformation","JAG","1569-8432","PhaseVSRnet: Deep complex network for phase-based satellite video super-resolution","2025-02-28","created-proxy","10.1016/j.jag.2025.104418","https://doi.org/10.1016/j.jag.2025.104418","no","图模型与网络方法 | 遥感视觉与影像分析","complex network | super-resolution","","","","","Must match at least one method_family keyword in Crossref title or abstract"
"2025-02","数字地球与地理信息","International Journal of Digital Earth","IJDE","1753-8955","Crowding distance and IGD-driven grey wolf reinforcement learning approach for multi-objective agile earth observation satellite scheduling","2025-02-02","published-online","10.1080/17538947.2025.2458024","https://doi.org/10.1080/17538947.2025.2458024","no","仿真、优化与强化学习","reinforcement learning","","","","","Must match at least one method_family keyword in Crossref title or abstract"
"2025-02","数字地球与地理信息","International Journal of Digital Earth","IJDE","1753-8955","City-level total and sub-category energy intensity estimation using machine learning","2025-02-07","published-online","10.1080/17538947.2025.2463947","https://doi.org/10.1080/17538947.2025.2463947","no","机器学习","machine learning","","","城市、区域与空间结构","city","Must match at least one method_family keyword in Crossref title or abstract"
"2025-02","数字地球与地理信息","International Journal of Digital Earth","IJDE","1753-8955","Points2Model: a neural-guided 3D building wireframe reconstruction from airborne LiDAR point clouds","2025-02-11","published-online","10.1080/17538947.2025.2458682","https://doi.org/10.1080/17538947.2025.2458682","no","遥感视觉与影像分析","point cloud | LiDAR","遥感与地球观测数据","LiDAR","","","Must match at least one method_family keyword in Crossref title or abstract"
"2025-02","数字地球与地理信息","International Journal of Digital Earth","IJDE","1753-8955","Exploring trans-regional harvesting operation patterns based on multi-scale spatiotemporal partition using GNSS trajectory data","2025-02-17","published-online","10.1080/17538947.2025.2466027","https://doi.org/10.1080/17538947.2025.2466027","no","时序与时空建模","spatiotemporal","轨迹与移动性数据","trajectory","","","Must match at least one method_family keyword in Crossref title or abstract"
"2025-02","数字地球与地理信息","International Journal of Digital Earth","IJDE","1753-8955","Investigating the landslide susceptibility assessment methods for multi-scale slope units based on SDGSAT-1 and Graph Neural Networks","2025-02-19","published-online","10.1080/17538947.2025.2468913","https://doi.org/10.1080/17538947.2025.2468913","no","深度学习与神经网络 | 图模型与网络方法","neural network | graph | graph neural network","","","环境监测与灾害风险","landslide","Must match at least one method_family keyword in Crossref title or abstract"
"2025-02","数字地球与地理信息","International Journal of Digital Earth","IJDE","1753-8955","Lithological classification using SDGSAT-1 TIS data and three-dimensional spectral feature space model","2025-02-19","published-online","10.1080/17538947.2025.2467983","https://doi.org/10.1080/17538947.2025.2467983","no","机器学习","classification","","","","","Must match at least one method_family keyword in Crossref title or abstract"
"2025-02","数字地球与地理信息","International Journal of Digital Earth","IJDE","1753-8955","Enhancing flexibility and efficiency for urban waterlogging response scenarios simulation: an open-ended approach involving user participation","2025-02-23","published-online","10.1080/17538947.2025.2468420","https://doi.org/10.1080/17538947.2025.2468420","no","仿真、优化与强化学习","simulation","","","","","Must match at least one method_family keyword in Crossref title or abstract"
"2025-02","地理信息科学","International Journal of Geographical Information Science","IJGIS","1365-8816","A skeleton extraction method for large-scale spatial interaction networks considering spatial distribution characteristics","2025-02-03","published-online","10.1080/13658816.2025.2460055","https://doi.org/10.1080/13658816.2025.2460055","no","空间交互与移动性模型","spatial interaction","","","","","Must match at least one method_family keyword in Crossref title or abstract"
"2025-02","地理信息科学","International Journal of Geographical Information Science","IJGIS","1365-8816","Spatiotemporal proximity analysis of heterogeneous and heterochronous time-geographical entities","2025-02-17","published-online","10.1080/13658816.2025.2465752","https://doi.org/10.1080/13658816.2025.2465752","no","时序与时空建模","spatiotemporal","","","","","Must match at least one method_family keyword in Crossref title or abstract"
"2025-02","地理信息科学","International Journal of Geographical Information Science","IJGIS","1365-8816","A demographic optimization proximity model for air pollution exposure assessment","2025-02-24","published-online","10.1080/13658816.2025.2467242","https://doi.org/10.1080/13658816.2025.2467242","no","仿真、优化与强化学习","optimization","","","环境监测与灾害风险","exposure","Must match at least one method_family keyword in Crossref title or abstract"
"2025-02","地理信息科学","International Journal of Geographical Information Science","IJGIS","1365-8816","A POI selection method based on GCN considering annotation conflicts during map scale transformation","2025-02-27","published-online","10.1080/13658816.2025.2466113","https://doi.org/10.1080/13658816.2025.2466113","no","图模型与网络方法","GCN","街景、社交感知与众包数据","POI","","","Must match at least one method_family keyword in Crossref title or abstract"
"2025-02","地理信息科学","ISPRS International Journal of Geo-Information","IJGI","2220-9964","A Novel Context-Aware Douglas–Peucker (CADP) Trajectory Compression Method","2025-02-01","published-online","10.3390/ijgi14020058","https://doi.org/10.3390/ijgi14020058","yes","深度学习与神经网络","LSTM","轨迹与移动性数据","trajectory","","","Must match at least one method_family keyword in Crossref title or abstract"
"2025-02","地理信息科学","ISPRS International Journal of Geo-Information","IJGI","2220-9964","Advancing AI-Driven Geospatial Analysis and Data Generation: Methods, Applications and Future Directions","2025-02-01","published-online","10.3390/ijgi14020056","https://doi.org/10.3390/ijgi14020056","yes","GeoAI 与基础模型","GeoAI | geospatial artificial intelligence","","","","","Must match at least one method_family keyword in Crossref title or abstract"
"2025-02","地理信息科学","ISPRS International Journal of Geo-Information","IJGI","2220-9964","The Machine Learning-Based Mapping of Urban Pluvial Flood Susceptibility in Seoul Integrating Flood Conditioning Factors and Drainage-Related Data","2025-02-01","published-online","10.3390/ijgi14020057","https://doi.org/10.3390/ijgi14020057","yes","机器学习","machine learning | random forest | support vector machine | SVM","","","环境监测与灾害风险","flood","Must match at least one method_family keyword in Crossref title or abstract"
"2025-02","地理信息科学","ISPRS International Journal of Geo-Information","IJGI","2220-9964","Enhancing Spatial Awareness and Collaboration: A Guide to VR-Ready Survey Data Transformation","2025-02-02","published-online","10.3390/ijgi14020059","https://doi.org/10.3390/ijgi14020059","yes","遥感视觉与影像分析","photogrammetry","遥感与地球观测数据","UAV","","","Must match at least one method_family keyword in Crossref title or abstract"
"2025-02","地理信息科学","ISPRS International Journal of Geo-Information","IJGI","2220-9964","Beyond the Road: A Regional Perspective on Traffic Congestion in Metro Atlanta","2025-02-03","published-online","10.3390/ijgi14020061","https://doi.org/10.3390/ijgi14020061","yes","深度学习与神经网络 | 仿真、优化与强化学习","LSTM | long short-term memory | optimization","","","城市、区域与空间结构","city","Must match at least one method_family keyword in Crossref title or abstract"
"2025-02","地理信息科学","ISPRS International Journal of Geo-Information","IJGI","2220-9964","Identifying Spatial Distribution of Urban Vitality Using Self-Organizing Feature Map Neural Network","2025-02-03","published-online","10.3390/ijgi14020062","https://doi.org/10.3390/ijgi14020062","yes","深度学习与神经网络","neural network","","","","","Must match at least one method_family keyword in Crossref title or abstract"
"2025-02","地理信息科学","ISPRS International Journal of Geo-Information","IJGI","2220-9964","Evaluation of Pedestrian-Perceived Comfort on Urban Streets Using Multi-Source Data: A Case Study in Nanjing, China","2025-02-05","published-online","10.3390/ijgi14020063","https://doi.org/10.3390/ijgi14020063","yes","深度学习与神经网络","deep learning","","","","","Must match at least one method_family keyword in Crossref title or abstract"
"2025-02","地理信息科学","ISPRS International Journal of Geo-Information","IJGI","2220-9964","Spatial Autocorrelation Analysis of CO and NO2 Related to Forest Fire Dynamics","2025-02-06","published-online","10.3390/ijgi14020065","https://doi.org/10.3390/ijgi14020065","yes","空间统计与空间计量","spatial autocorrelation","遥感与地球观测数据","Sentinel","","","Must match at least one method_family keyword in Crossref title or abstract"
"2025-02","地理信息科学","ISPRS International Journal of Geo-Information","IJGI","2220-9964","VE-GCN: A Geography-Aware Approach for Polyline Simplification in Cartographic Generalization","2025-02-06","published-online","10.3390/ijgi14020064","https://doi.org/10.3390/ijgi14020064","yes","图模型与网络方法","graph | graph convolutional network | GCN","","","","","Must match at least one method_family keyword in Crossref title or abstract"
"2025-02","地理信息科学","ISPRS International Journal of Geo-Information","IJGI","2220-9964","Exploring the Equality and Determinants of Basic Educational Public Services from a Spatial Variation Perspective Using POI Data","2025-02-07","published-online","10.3390/ijgi14020066","https://doi.org/10.3390/ijgi14020066","yes","机器学习 | 空间统计与空间计量","clustering | spatial autocorrelation | geographically weighted regression | spatial clustering","街景、社交感知与众包数据","POI","","","Must match at least one method_family keyword in Crossref title or abstract"
"2025-02","地理信息科学","ISPRS International Journal of Geo-Information","IJGI","2220-9964","A Dynamic and Timely Point-of-Interest Recommendation Based on Spatio-Temporal Influences, Timeliness Feature and Social Relationships","2025-02-08","published-online","10.3390/ijgi14020068","https://doi.org/10.3390/ijgi14020068","yes","机器学习 | 时序与时空建模","clustering | spatio-temporal","街景、社交感知与众包数据","check-in | POI","时间尺度与动态过程","temporal dynamics","Must match at least one method_family keyword in Crossref title or abstract"
"2025-02","地理信息科学","ISPRS International Journal of Geo-Information","IJGI","2220-9964","A Data Model and Method Framework for Cyberspace Map Visualization","2025-02-09","published-online","10.3390/ijgi14020070","https://doi.org/10.3390/ijgi14020070","yes","图模型与网络方法","graph | complex network","","","","","Must match at least one method_family keyword in Crossref title or abstract"
"2025-02","地理信息科学","ISPRS International Journal of Geo-Information","IJGI","2220-9964","STPam: Software for Intelligently Analyzing and Mining Spatiotemporal Processes Based on Multi-Source Big Data","2025-02-09","published-online","10.3390/ijgi14020069","https://doi.org/10.3390/ijgi14020069","yes","深度学习与神经网络 | 时序与时空建模 | 仿真、优化与强化学习","deep learning | spatiotemporal | simulation","","","环境监测与灾害风险","disaster","Must match at least one method_family keyword in Crossref title or abstract"
"2025-02","地理信息科学","ISPRS International Journal of Geo-Information","IJGI","2220-9964","A System for Analysis and Simulating Hydraulic and Hydrogeological Risks Through WebGIS 3D Digital Platforms","2025-02-10","published-online","10.3390/ijgi14020073","https://doi.org/10.3390/ijgi14020073","yes","时序与时空建模 | 仿真、优化与强化学习","forecasting | simulation","","","","","Must match at least one method_family keyword in Crossref title or abstract"
"2025-02","地理信息科学","ISPRS International Journal of Geo-Information","IJGI","2220-9964","An Efficient Route Planning Algorithm for Special Vehicles with Large-Scale Road Network Data","2025-02-10","published-online","10.3390/ijgi14020071","https://doi.org/10.3390/ijgi14020071","yes","图模型与网络方法","road network","基础地理与城市数据库","road network","","","Must match at least one method_family keyword in Crossref title or abstract"
"2025-02","地理信息科学","ISPRS International Journal of Geo-Information","IJGI","2220-9964","Research on the Evaluation and Spatial Distribution Optimization of the Field Intensity Effect of Rural Basic Education Infrastructure in Wuhan’s New Urban District: A Case Study of Liji Township","2025-02-10","published-online","10.3390/ijgi14020074","https://doi.org/10.3390/ijgi14020074","yes","仿真、优化与强化学习","optimization","","","","","Must match at least one method_family keyword in Crossref title or abstract"
"2025-02","地理信息科学","ISPRS International Journal of Geo-Information","IJGI","2220-9964","Segmentation of Transaction Prices Submarkets in Vienna, Austria Using Multidimensional Spatiotemporal Change–DBSCAN (MDSTC-DBSCAN)","2025-02-10","published-online","10.3390/ijgi14020072","https://doi.org/10.3390/ijgi14020072","yes","机器学习 | 时序与时空建模","clustering | spatiotemporal","","","","","Must match at least one method_family keyword in Crossref title or abstract"
"2025-02","地理信息科学","ISPRS International Journal of Geo-Information","IJGI","2220-9964","Fine-Tuning LLM-Assisted Chinese Disaster Geospatial Intelligence Extraction and Case Studies","2025-02-11","published-online","10.3390/ijgi14020079","https://doi.org/10.3390/ijgi14020079","yes","GeoAI 与基础模型 | 机器学习 | 时序与时空建模","large language model | LLM | machine learning | spatiotemporal","街景、社交感知与众包数据","social media","环境监测与灾害风险","disaster | flood | hazard","Must match at least one method_family keyword in Crossref title or abstract"
"2025-02","地理信息科学","ISPRS International Journal of Geo-Information","IJGI","2220-9964","Revealing Spatial Patterns and Environmental Influences on Jogging Volume and Speed: Insights from Crowd-Sourced GPS Trajectory Data and Random Forest","2025-02-13","published-online","10.3390/ijgi14020080","https://doi.org/10.3390/ijgi14020080","yes","机器学习","random forest","轨迹与移动性数据","trajectory | GPS","城市、区域与空间结构","city","Must match at least one method_family keyword in Crossref title or abstract"
"2025-02","地理信息科学","ISPRS International Journal of Geo-Information","IJGI","2220-9964","Spatial Network Analysis of CO2 Emissions in Major Cities in China: Regional Structures and Influencing Factors","2025-02-13","published-online","10.3390/ijgi14020082","https://doi.org/10.3390/ijgi14020082","yes","图模型与网络方法","network analysis","","","城市、区域与空间结构","city","Must match at least one method_family keyword in Crossref title or abstract"
"2025-02","地理信息科学","ISPRS International Journal of Geo-Information","IJGI","2220-9964","A Multi-Scale Hybrid Scene Geometric Similarity Measurement Method Using Heterogeneous Graph Neural Network","2025-02-14","published-online","10.3390/ijgi14020084","https://doi.org/10.3390/ijgi14020084","yes","深度学习与神经网络 | 图模型与网络方法","neural network | graph | graph neural network | GNN","","","空间尺度、依赖与异质性","adjacency","Must match at least one method_family keyword in Crossref title or abstract"
"2025-02","地理信息科学","ISPRS International Journal of Geo-Information","IJGI","2220-9964","Estimating the Material Footprint at the National Level from 1993 to 2022 Based on Multi-Feature CNN-BiLSTM","2025-02-15","published-online","10.3390/ijgi14020086","https://doi.org/10.3390/ijgi14020086","yes","深度学习与神经网络 | 时序与时空建模","CNN | spatiotemporal | time series","轨迹与移动性数据","trajectory","","","Must match at least one method_family keyword in Crossref title or abstract"
"2025-02","地理信息科学","ISPRS International Journal of Geo-Information","IJGI","2220-9964","How Hydrological Extremes Affect the Chlorophyll-a Concentration in Inland Water in Jiujiang City, China: Evidence from Satellite Remote Sensing","2025-02-15","published-online","10.3390/ijgi14020085","https://doi.org/10.3390/ijgi14020085","yes","时序与时空建模","spatiotemporal","遥感与地球观测数据","remote sensing | Sentinel","城市、区域与空间结构","city","Must match at least one method_family keyword in Crossref title or abstract"
"2025-02","地理信息科学","ISPRS International Journal of Geo-Information","IJGI","2220-9964","Automatic Annotation of Map Point Features Based on Deep Learning ResNet Models","2025-02-17","published-online","10.3390/ijgi14020088","https://doi.org/10.3390/ijgi14020088","yes","机器学习 | 深度学习与神经网络","machine learning | deep learning | neural network | ResNet","","","","","Must match at least one method_family keyword in Crossref title or abstract"
"2025-02","地理信息科学","ISPRS International Journal of Geo-Information","IJGI","2220-9964","Understanding Urban Park-Based Social Interaction in Shanghai During the COVID-19 Pandemic: Insights from Large-Scale Social Media Analysis","2025-02-17","published-online","10.3390/ijgi14020087","https://doi.org/10.3390/ijgi14020087","yes","机器学习","machine learning","街景、社交感知与众包数据","social media","","","Must match at least one method_family keyword in Crossref title or abstract"
"2025-02","地理信息科学","ISPRS International Journal of Geo-Information","IJGI","2220-9964","Toward Quantifying Interpolation Uncertainty in Set-Line Spacing Hydrographic Surveys","2025-02-18","published-online","10.3390/ijgi14020090","https://doi.org/10.3390/ijgi14020090","yes","机器学习 | 深度学习与神经网络","machine learning | random forest | neural network | artificial neural network","","","","","Must match at least one method_family keyword in Crossref title or abstract"
"2025-02","地理信息科学","ISPRS International Journal of Geo-Information","IJGI","2220-9964","Geoinformatics and Machine Learning for Shoreline Change Monitoring: A 35-Year Analysis of Coastal Erosion in the Upper Gulf of Thailand","2025-02-19","published-online","10.3390/ijgi14020094","https://doi.org/10.3390/ijgi14020094","yes","机器学习","machine learning | classification | random forest | support vector machine","","","","","Must match at least one method_family keyword in Crossref title or abstract"
"2025-02","地理信息科学","ISPRS International Journal of Geo-Information","IJGI","2220-9964","Impact of Shared Bicycle Spatial Patterns During Public Health Emergencies: A Case Study in the Core Area of Beijing","2025-02-19","published-online","10.3390/ijgi14020092","https://doi.org/10.3390/ijgi14020092","yes","图模型与网络方法","graph | network analysis | complex network | road network","基础地理与城市数据库","road network","","","Must match at least one method_family keyword in Crossref title or abstract"
"2025-02","地理信息科学","ISPRS International Journal of Geo-Information","IJGI","2220-9964","Optimizing the Equality of Healthcare Services in Wuhan, China, Using a New Multimodal Two-Step Floating Catchment Area Model in Conjunction with the Hierarchical Maximal Accessibility Equality Model","2025-02-19","published-online","10.3390/ijgi14020093","https://doi.org/10.3390/ijgi14020093","yes","仿真、优化与强化学习 | 空间交互与移动性模型","optimization | accessibility model","","","","","Must match at least one method_family keyword in Crossref title or abstract"
"2025-02","地理信息科学","ISPRS International Journal of Geo-Information","IJGI","2220-9964","Geographic Named Entity Matching and Evaluation Recommendation Using Multi-Objective Tasks: A Study Integrating a Large Language Model (LLM) and Retrieval-Augmented Generation (RAG)","2025-02-20","published-online","10.3390/ijgi14030095","https://doi.org/10.3390/ijgi14030095","yes","GeoAI 与基础模型","large language model | LLM","","","","","Must match at least one method_family keyword in Crossref title or abstract"
"2025-02","地理信息科学","ISPRS International Journal of Geo-Information","IJGI","2220-9964","Analysis of the Spatio-Temporal Evolution Characteristics and Influencing Factors of Habitat Quality in Hubei Province over the Past Three Decades","2025-02-22","published-online","10.3390/ijgi14030098","https://doi.org/10.3390/ijgi14030098","yes","空间统计与空间计量 | 时序与时空建模","spatial autocorrelation | spatio-temporal","","","","","Must match at least one method_family keyword in Crossref title or abstract"
"2025-02","地理信息科学","ISPRS International Journal of Geo-Information","IJGI","2220-9964","Deep-Learning-Based Evaluation of Rooftop Photovoltaic Deployment in Tianjin, China","2025-02-22","published-online","10.3390/ijgi14030101","https://doi.org/10.3390/ijgi14030101","yes","深度学习与神经网络","deep learning","遥感与地球观测数据","remote sensing","","","Must match at least one method_family keyword in Crossref title or abstract"
"2025-02","地理信息科学","ISPRS International Journal of Geo-Information","IJGI","2220-9964","FSOSM: An Operational Knowledge Empowered Scenario Model for the Intelligent Farmland Supervision","2025-02-22","published-online","10.3390/ijgi14030100","https://doi.org/10.3390/ijgi14030100","yes","时序与时空建模","spatiotemporal","基础地理与城市数据库","OSM","","","Must match at least one method_family keyword in Crossref title or abstract"
"2025-02","地理信息科学","ISPRS International Journal of Geo-Information","IJGI","2220-9964","A Progressive Clustering Approach for Buildings Using MST and SOM with Feature Factors","2025-02-25","published-online","10.3390/ijgi14030103","https://doi.org/10.3390/ijgi14030103","yes","机器学习 | 深度学习与神经网络 | 空间统计与空间计量 | 仿真、优化与强化学习","classification | clustering | neural network | spatial clustering | optimization","","","城市、区域与空间结构","city","Must match at least one method_family keyword in Crossref title or abstract"
"2025-02","地理信息科学","ISPRS International Journal of Geo-Information","IJGI","2220-9964","New Quality Productivity of Agriculture and Rural Areas at the Provincial Scale in China: Indicator Construction and Spatiotemporal Evolution","2025-02-27","published-online","10.3390/ijgi14030104","https://doi.org/10.3390/ijgi14030104","yes","空间统计与空间计量 | 时序与时空建模","spatial autocorrelation | spatiotemporal","","","","","Must match at least one method_family keyword in Crossref title or abstract"
"2025-02","摄影测量与遥感","ISPRS Journal of Photogrammetry and Remote Sensing","P&RS","0924-2716","3D automatic detection and correction for phase unwrapping errors in time series SAR interferometry","2025-02-01","published","10.1016/j.isprsjprs.2024.12.013","https://doi.org/10.1016/j.isprsjprs.2024.12.013","no","时序与时空建模 | 遥感视觉与影像分析","time series | SAR","遥感与地球观测数据","SAR","","","Must match at least one method_family keyword in Crossref title or abstract"
"2025-02","摄影测量与遥感","ISPRS Journal of Photogrammetry and Remote Sensing","P&RS","0924-2716","3LATNet: Attention based deep learning model for global Chlorophyll-a retrieval from GCOM-C satellite","2025-02-01","published","10.1016/j.isprsjprs.2024.12.019","https://doi.org/10.1016/j.isprsjprs.2024.12.019","no","深度学习与神经网络","deep learning","","","","","Must match at least one method_family keyword in Crossref title or abstract"
"2025-02","摄影测量与遥感","ISPRS Journal of Photogrammetry and Remote Sensing","P&RS","0924-2716","A deep data fusion-based reconstruction of water index time series for intermittent rivers and ephemeral streams monitoring","2025-02-01","published","10.1016/j.isprsjprs.2024.12.015","https://doi.org/10.1016/j.isprsjprs.2024.12.015","no","时序与时空建模","time series","","","","","Must match at least one method_family keyword in Crossref title or abstract"
"2025-02","摄影测量与遥感","ISPRS Journal of Photogrammetry and Remote Sensing","P&RS","0924-2716","A full time series imagery and full cycle monitoring (FTSI-FCM) algorithm for tracking rubber plantation dynamics in the Vietnam from 1986 to 2022","2025-02-01","published","10.1016/j.isprsjprs.2024.12.018","https://doi.org/10.1016/j.isprsjprs.2024.12.018","no","时序与时空建模","time series","","","","","Must match at least one method_family keyword in Crossref title or abstract"
"2025-02","摄影测量与遥感","ISPRS Journal of Photogrammetry and Remote Sensing","P&RS","0924-2716","A novel deep learning algorithm for broad scale seagrass extent mapping in shallow coastal environments","2025-02-01","published","10.1016/j.isprsjprs.2024.12.008","https://doi.org/10.1016/j.isprsjprs.2024.12.008","no","深度学习与神经网络","deep learning","","","","","Must match at least one method_family keyword in Crossref title or abstract"
"2025-02","摄影测量与遥感","ISPRS Journal of Photogrammetry and Remote Sensing","P&RS","0924-2716","A sensitive geometric self-calibration method and stability analysis for multiview spaceborne SAR images based on the range-Doppler model","2025-02-01","published","10.1016/j.isprsjprs.2025.01.009","https://doi.org/10.1016/j.isprsjprs.2025.01.009","no","遥感视觉与影像分析","SAR","遥感与地球观测数据","SAR","","","Must match at least one method_family keyword in Crossref title or abstract"
"2025-02","摄影测量与遥感","ISPRS Journal of Photogrammetry and Remote Sensing","P&RS","0924-2716","Accurate and complete neural implicit surface reconstruction in street scenes using images and LiDAR point clouds","2025-02-01","published","10.1016/j.isprsjprs.2024.12.012","https://doi.org/10.1016/j.isprsjprs.2024.12.012","no","遥感视觉与影像分析","point cloud | LiDAR","遥感与地球观测数据","LiDAR","","","Must match at least one method_family keyword in Crossref title or abstract"
"2025-02","摄影测量与遥感","ISPRS Journal of Photogrammetry and Remote Sensing","P&RS","0924-2716","Accurate semantic segmentation of very high-resolution remote sensing images considering feature state sequences: From benchmark datasets to urban applications","2025-02-01","published","10.1016/j.isprsjprs.2025.01.017","https://doi.org/10.1016/j.isprsjprs.2025.01.017","no","遥感视觉与影像分析","semantic segmentation","遥感与地球观测数据","remote sensing","","","Must match at least one method_family keyword in Crossref title or abstract"
"2025-02","摄影测量与遥感","ISPRS Journal of Photogrammetry and Remote Sensing","P&RS","0924-2716","Accurate spaceborne waveform simulation in heterogeneous forests using small-footprint airborne LiDAR point clouds","2025-02-01","published","10.1016/j.isprsjprs.2024.11.020","https://doi.org/10.1016/j.isprsjprs.2024.11.020","no","仿真、优化与强化学习 | 遥感视觉与影像分析","simulation | point cloud | LiDAR","遥感与地球观测数据","LiDAR","","","Must match at least one method_family keyword in Crossref title or abstract"
"2025-02","摄影测量与遥感","ISPRS Journal of Photogrammetry and Remote Sensing","P&RS","0924-2716","Application of SAR-Optical fusion to extract shoreline position from Cloud-Contaminated satellite images","2025-02-01","published","10.1016/j.isprsjprs.2025.01.013","https://doi.org/10.1016/j.isprsjprs.2025.01.013","no","遥感视觉与影像分析","SAR","遥感与地球观测数据","SAR","","","Must match at least one method_family keyword in Crossref title or abstract"
"2025-02","摄影测量与遥感","ISPRS Journal of Photogrammetry and Remote Sensing","P&RS","0924-2716","ChangeRD: A registration-integrated change detection framework for unaligned remote sensing images","2025-02-01","published","10.1016/j.isprsjprs.2024.11.019","https://doi.org/10.1016/j.isprsjprs.2024.11.019","no","时序与时空建模","change detection","遥感与地球观测数据","remote sensing","","","Must match at least one method_family keyword in Crossref title or abstract"
"2025-02","摄影测量与遥感","ISPRS Journal of Photogrammetry and Remote Sensing","P&RS","0924-2716","Classification of urban road functional structure by integrating physical and behavioral features","2025-02-01","published","10.1016/j.isprsjprs.2025.01.018","https://doi.org/10.1016/j.isprsjprs.2025.01.018","no","机器学习","classification","","","","","Must match at least one method_family keyword in Crossref title or abstract"
"2025-02","摄影测量与遥感","ISPRS Journal of Photogrammetry and Remote Sensing","P&RS","0924-2716","Detection of non-stand replacing disturbances (NSR) using Harmonized Landsat-Sentinel-2 time series","2025-02-01","published","10.1016/j.isprsjprs.2024.12.014","https://doi.org/10.1016/j.isprsjprs.2024.12.014","no","时序与时空建模","time series","遥感与地球观测数据","Sentinel | Landsat","","","Must match at least one method_family keyword in Crossref title or abstract"
"2025-02","摄影测量与遥感","ISPRS Journal of Photogrammetry and Remote Sensing","P&RS","0924-2716","Developing a spatiotemporal fusion framework for generating daily UAV images in agricultural areas using publicly available satellite data","2025-02-01","published","10.1016/j.isprsjprs.2024.12.024","https://doi.org/10.1016/j.isprsjprs.2024.12.024","no","时序与时空建模","spatiotemporal","遥感与地球观测数据","UAV","","","Must match at least one method_family keyword in Crossref title or abstract"
"2025-02","摄影测量与遥感","ISPRS Journal of Photogrammetry and Remote Sensing","P&RS","0924-2716","FO-Net: An advanced deep learning network for individual tree identification using UAV high-resolution images","2025-02-01","published","10.1016/j.isprsjprs.2024.12.020","https://doi.org/10.1016/j.isprsjprs.2024.12.020","no","深度学习与神经网络","deep learning","遥感与地球观测数据","UAV","","","Must match at least one method_family keyword in Crossref title or abstract"
"2025-02","摄影测量与遥感","ISPRS Journal of Photogrammetry and Remote Sensing","P&RS","0924-2716","Generative networks for spatio-temporal gap filling of Sentinel-2 reflectances","2025-02-01","published","10.1016/j.isprsjprs.2025.01.016","https://doi.org/10.1016/j.isprsjprs.2025.01.016","no","时序与时空建模","spatio-temporal","遥感与地球观测数据","Sentinel","","","Must match at least one method_family keyword in Crossref title or abstract"
"2025-02","摄影测量与遥感","ISPRS Journal of Photogrammetry and Remote Sensing","P&RS","0924-2716","GITomo-Net: Geometry-independent deep learning imaging method for SAR tomography","2025-02-01","published","10.1016/j.isprsjprs.2025.01.004","https://doi.org/10.1016/j.isprsjprs.2025.01.004","no","深度学习与神经网络 | 遥感视觉与影像分析","deep learning | SAR","遥感与地球观测数据","SAR","","","Must match at least one method_family keyword in Crossref title or abstract"
"2025-02","摄影测量与遥感","ISPRS Journal of Photogrammetry and Remote Sensing","P&RS","0924-2716","GN-GCN: Grid neighborhood-based graph convolutional network for spatio-temporal knowledge graph reasoning","2025-02-01","published","10.1016/j.isprsjprs.2025.01.023","https://doi.org/10.1016/j.isprsjprs.2025.01.023","no","图模型与网络方法 | 时序与时空建模","graph | graph convolutional network | GCN | knowledge graph | spatio-temporal","","","城市、区域与空间结构","neighborhood","Must match at least one method_family keyword in Crossref title or abstract"
"2025-02","摄影测量与遥感","ISPRS Journal of Photogrammetry and Remote Sensing","P&RS","0924-2716","Joint compression and despeckling by SAR representation learning","2025-02-01","published","10.1016/j.isprsjprs.2024.12.016","https://doi.org/10.1016/j.isprsjprs.2024.12.016","no","遥感视觉与影像分析","SAR","遥感与地球观测数据","SAR","","","Must match at least one method_family keyword in Crossref title or abstract"
"2025-02","摄影测量与遥感","ISPRS Journal of Photogrammetry and Remote Sensing","P&RS","0924-2716","Large-scale rice mapping under spatiotemporal heterogeneity using multi-temporal SAR images and explainable deep learning","2025-02-01","published","10.1016/j.isprsjprs.2024.12.021","https://doi.org/10.1016/j.isprsjprs.2024.12.021","no","深度学习与神经网络 | 时序与时空建模 | 遥感视觉与影像分析","deep learning | spatiotemporal | SAR","遥感与地球观测数据","SAR","","","Must match at least one method_family keyword in Crossref title or abstract"
"2025-02","摄影测量与遥感","ISPRS Journal of Photogrammetry and Remote Sensing","P&RS","0924-2716","MLC-net: A sparse reconstruction network for TomoSAR imaging based on multi-label classification neural network","2025-02-01","published","10.1016/j.isprsjprs.2024.11.018","https://doi.org/10.1016/j.isprsjprs.2024.11.018","no","机器学习 | 深度学习与神经网络","classification | neural network","","","","","Must match at least one method_family keyword in Crossref title or abstract"
"2025-02","摄影测量与遥感","ISPRS Journal of Photogrammetry and Remote Sensing","P&RS","0924-2716","Multiscale adaptive PolSAR image superpixel generation based on local iterative clustering and polarimetric scattering features","2025-02-01","published","10.1016/j.isprsjprs.2024.12.011","https://doi.org/10.1016/j.isprsjprs.2024.12.011","no","机器学习","clustering","","","","","Must match at least one method_family keyword in Crossref title or abstract"
"2025-02","摄影测量与遥感","ISPRS Journal of Photogrammetry and Remote Sensing","P&RS","0924-2716","Near-surface air temperature estimation for areas with sparse observations based on transfer learning","2025-02-01","published","10.1016/j.isprsjprs.2025.01.021","https://doi.org/10.1016/j.isprsjprs.2025.01.021","no","GeoAI 与基础模型","transfer learning","","","","","Must match at least one method_family keyword in Crossref title or abstract"
"2025-02","摄影测量与遥感","ISPRS Journal of Photogrammetry and Remote Sensing","P&RS","0924-2716","Nothing Stands Still: A spatiotemporal benchmark on 3D point cloud registration under large geometric and temporal change","2025-02-01","published","10.1016/j.isprsjprs.2025.01.010","https://doi.org/10.1016/j.isprsjprs.2025.01.010","no","时序与时空建模 | 遥感视觉与影像分析","spatiotemporal | point cloud","","","","","Must match at least one method_family keyword in Crossref title or abstract"
"2025-02","摄影测量与遥感","ISPRS Journal of Photogrammetry and Remote Sensing","P&RS","0924-2716","Plug-and-play DISep: Separating dense instances for scene-to-pixel weakly-supervised change detection in high-resolution remote sensing images","2025-02-01","published","10.1016/j.isprsjprs.2025.01.007","https://doi.org/10.1016/j.isprsjprs.2025.01.007","no","时序与时空建模","change detection","遥感与地球观测数据","remote sensing","","","Must match at least one method_family keyword in Crossref title or abstract"
"2025-02","摄影测量与遥感","ISPRS Journal of Photogrammetry and Remote Sensing","P&RS","0924-2716","PolSAR2PolSAR: A semi-supervised despeckling algorithm for polarimetric SAR images","2025-02-01","published","10.1016/j.isprsjprs.2025.01.008","https://doi.org/10.1016/j.isprsjprs.2025.01.008","no","遥感视觉与影像分析","SAR","遥感与地球观测数据","SAR","","","Must match at least one method_family keyword in Crossref title or abstract"
"2025-02","摄影测量与遥感","ISPRS Journal of Photogrammetry and Remote Sensing","P&RS","0924-2716","PylonModeler: A hybrid-driven 3D reconstruction method for power transmission pylons from LiDAR point clouds","2025-02-01","published","10.1016/j.isprsjprs.2024.12.003","https://doi.org/10.1016/j.isprsjprs.2024.12.003","no","遥感视觉与影像分析","point cloud | LiDAR","遥感与地球观测数据","LiDAR","","","Must match at least one method_family keyword in Crossref title or abstract"
"2025-02","摄影测量与遥感","ISPRS Journal of Photogrammetry and Remote Sensing","P&RS","0924-2716","Refined change detection in heterogeneous low-resolution remote sensing images for disaster emergency response","2025-02-01","published","10.1016/j.isprsjprs.2024.12.010","https://doi.org/10.1016/j.isprsjprs.2024.12.010","no","时序与时空建模","change detection","遥感与地球观测数据","remote sensing","环境监测与灾害风险","disaster","Must match at least one method_family keyword in Crossref title or abstract"
"2025-02","摄影测量与遥感","ISPRS Journal of Photogrammetry and Remote Sensing","P&RS","0924-2716","Remote sensing scene graph generation for improved retrieval based on spatial relationships","2025-02-01","published","10.1016/j.isprsjprs.2025.01.012","https://doi.org/10.1016/j.isprsjprs.2025.01.012","no","图模型与网络方法","graph","遥感与地球观测数据","remote sensing","","","Must match at least one method_family keyword in Crossref title or abstract"
"2025-02","摄影测量与遥感","ISPRS Journal of Photogrammetry and Remote Sensing","P&RS","0924-2716","Semantic guided large scale factor remote sensing image super-resolution with generative diffusion prior","2025-02-01","published","10.1016/j.isprsjprs.2024.12.001","https://doi.org/10.1016/j.isprsjprs.2024.12.001","no","遥感视觉与影像分析","super-resolution","遥感与地球观测数据","remote sensing","","","Must match at least one method_family keyword in Crossref title or abstract"
"2025-02","摄影测量与遥感","ISPRS Journal of Photogrammetry and Remote Sensing","P&RS","0924-2716","Synthesis of complex-valued InSAR data with a multi-task convolutional neural network","2025-02-01","published","10.1016/j.isprsjprs.2024.12.007","https://doi.org/10.1016/j.isprsjprs.2024.12.007","no","深度学习与神经网络","neural network | convolutional neural network","","","","","Must match at least one method_family keyword in Crossref title or abstract"
"2025-02","摄影测量与遥感","ISPRS Journal of Photogrammetry and Remote Sensing","P&RS","0924-2716","Target-aware attentional network for rare class segmentation in large-scale LiDAR point clouds","2025-02-01","published","10.1016/j.isprsjprs.2024.11.012","https://doi.org/10.1016/j.isprsjprs.2024.11.012","no","遥感视觉与影像分析","point cloud | LiDAR","遥感与地球观测数据","LiDAR","","","Must match at least one method_family keyword in Crossref title or abstract"
"2025-02","摄影测量与遥感","ISPRS Journal of Photogrammetry and Remote Sensing","P&RS","0924-2716","Using hyperspectral and thermal imagery to monitor stress of Southern California plant species during the 2013–2015 drought","2025-02-01","published","10.1016/j.isprsjprs.2025.01.015","https://doi.org/10.1016/j.isprsjprs.2025.01.015","no","遥感视觉与影像分析","hyperspectral","遥感与地球观测数据","hyperspectral","","","Must match at least one method_family keyword in Crossref title or abstract"
"2025-02","摄影测量与遥感","ISPRS Journal of Photogrammetry and Remote Sensing","P&RS","0924-2716","GEPT-Net: An efficient geometry enhanced point transformer for shield tunnel leakage segmentation","2025-02-03","created-proxy","10.1016/j.isprsjprs.2025.01.032","https://doi.org/10.1016/j.isprsjprs.2025.01.032","no","深度学习与神经网络","transformer","","","","","Must match at least one method_family keyword in Crossref title or abstract"
"2025-02","摄影测量与遥感","ISPRS Journal of Photogrammetry and Remote Sensing","P&RS","0924-2716","A novel scene coupling semantic mask network for remote sensing image segmentation","2025-02-05","created-proxy","10.1016/j.isprsjprs.2025.01.025","https://doi.org/10.1016/j.isprsjprs.2025.01.025","no","遥感视觉与影像分析","image segmentation","遥感与地球观测数据","remote sensing","","","Must match at least one method_family keyword in Crossref title or abstract"
"2025-02","摄影测量与遥感","ISPRS Journal of Photogrammetry and Remote Sensing","P&RS","0924-2716","SkyEyeGPT: Unifying remote sensing vision-language tasks via instruction tuning with large language model","2025-02-05","created-proxy","10.1016/j.isprsjprs.2025.01.020","https://doi.org/10.1016/j.isprsjprs.2025.01.020","no","GeoAI 与基础模型","large language model","遥感与地球观测数据","remote sensing","","","Must match at least one method_family keyword in Crossref title or abstract"
"2025-02","摄影测量与遥感","ISPRS Journal of Photogrammetry and Remote Sensing","P&RS","0924-2716","A novel framework for river organic carbon retrieval through satellite data and machine learning","2025-02-07","created-proxy","10.1016/j.isprsjprs.2025.01.028","https://doi.org/10.1016/j.isprsjprs.2025.01.028","no","机器学习","machine learning","","","","","Must match at least one method_family keyword in Crossref title or abstract"
"2025-02","摄影测量与遥感","ISPRS Journal of Photogrammetry and Remote Sensing","P&RS","0924-2716","DALI-SLAM: Degeneracy-aware LiDAR-inertial SLAM with novel distortion correction and accurate multi-constraint pose graph optimization","2025-02-07","created-proxy","10.1016/j.isprsjprs.2025.01.036","https://doi.org/10.1016/j.isprsjprs.2025.01.036","no","图模型与网络方法 | 仿真、优化与强化学习 | 遥感视觉与影像分析","graph | optimization | LiDAR","遥感与地球观测数据","LiDAR","","","Must match at least one method_family keyword in Crossref title or abstract"
"2025-02","摄影测量与遥感","ISPRS Journal of Photogrammetry and Remote Sensing","P&RS","0924-2716","Twin deformable point convolutions for airborne laser scanning point cloud classification","2025-02-07","created-proxy","10.1016/j.isprsjprs.2025.01.031","https://doi.org/10.1016/j.isprsjprs.2025.01.031","no","机器学习 | 遥感视觉与影像分析","classification | point cloud","","","","","Must match at least one method_family keyword in Crossref title or abstract"
"2025-02","摄影测量与遥感","ISPRS Journal of Photogrammetry and Remote Sensing","P&RS","0924-2716","A multi-task learning framework for dual-polarization SAR imagery despeckling in temporal change detection scenarios","2025-02-11","created-proxy","10.1016/j.isprsjprs.2025.01.030","https://doi.org/10.1016/j.isprsjprs.2025.01.030","no","时序与时空建模 | 遥感视觉与影像分析","change detection | SAR","遥感与地球观测数据","SAR","","","Must match at least one method_family keyword in Crossref title or abstract"
"2025-02","摄影测量与遥感","ISPRS Journal of Photogrammetry and Remote Sensing","P&RS","0924-2716","S3OD: Size-unbiased semi-supervised object detection in aerial images","2025-02-12","created-proxy","10.1016/j.isprsjprs.2025.01.037","https://doi.org/10.1016/j.isprsjprs.2025.01.037","no","遥感视觉与影像分析","object detection","","","","","Must match at least one method_family keyword in Crossref title or abstract"
"2025-02","摄影测量与遥感","ISPRS Journal of Photogrammetry and Remote Sensing","P&RS","0924-2716","Streamlined multilayer perceptron for contaminated time series reconstruction: A case study in coastal zones of southern China","2025-02-12","created-proxy","10.1016/j.isprsjprs.2025.01.035","https://doi.org/10.1016/j.isprsjprs.2025.01.035","no","时序与时空建模","time series","","","","","Must match at least one method_family keyword in Crossref title or abstract"
"2025-02","摄影测量与遥感","ISPRS Journal of Photogrammetry and Remote Sensing","P&RS","0924-2716","M3ICNet: A cross-modal resolution preserving building damage detection method with optical and SAR remote sensing imagery and two heterogeneous image disaster datasets","2025-02-13","created-proxy","10.1016/j.isprsjprs.2025.02.004","https://doi.org/10.1016/j.isprsjprs.2025.02.004","no","遥感视觉与影像分析","SAR","遥感与地球观测数据","remote sensing | SAR","环境监测与灾害风险","disaster","Must match at least one method_family keyword in Crossref title or abstract"
"2025-02","摄影测量与遥感","ISPRS Journal of Photogrammetry and Remote Sensing","P&RS","0924-2716","Cross-modal semantic transfer for point cloud semantic segmentation","2025-02-14","created-proxy","10.1016/j.isprsjprs.2025.01.024","https://doi.org/10.1016/j.isprsjprs.2025.01.024","no","遥感视觉与影像分析","semantic segmentation | point cloud","","","","","Must match at least one method_family keyword in Crossref title or abstract"
"2025-02","摄影测量与遥感","ISPRS Journal of Photogrammetry and Remote Sensing","P&RS","0924-2716","RS-NormGAN: Enhancing change detection of multi-temporal optical remote sensing images through effective radiometric normalization","2025-02-19","created-proxy","10.1016/j.isprsjprs.2025.02.005","https://doi.org/10.1016/j.isprsjprs.2025.02.005","no","时序与时空建模","change detection","遥感与地球观测数据","remote sensing","","","Must match at least one method_family keyword in Crossref title or abstract"
"2025-02","摄影测量与遥感","ISPRS Journal of Photogrammetry and Remote Sensing","P&RS","0924-2716","Simulation-aided similarity-aware feature alignment with meta-adaption optimization for SAR ATR under extended operation conditions","2025-02-19","created-proxy","10.1016/j.isprsjprs.2025.01.027","https://doi.org/10.1016/j.isprsjprs.2025.01.027","no","仿真、优化与强化学习 | 遥感视觉与影像分析","simulation | optimization | SAR","遥感与地球观测数据","SAR","","","Must match at least one method_family keyword in Crossref title or abstract"
"2025-02","摄影测量与遥感","ISPRS Journal of Photogrammetry and Remote Sensing","P&RS","0924-2716","Linking remotely sensed growth-related canopy attributes to interannual tree-ring width variations: A species-specific study using Sentinel optical and SAR time series","2025-02-20","created-proxy","10.1016/j.isprsjprs.2025.02.002","https://doi.org/10.1016/j.isprsjprs.2025.02.002","no","时序与时空建模 | 遥感视觉与影像分析","time series | SAR","遥感与地球观测数据","SAR | Sentinel","","","Must match at least one method_family keyword in Crossref title or abstract"
"2025-02","摄影测量与遥感","ISPRS Journal of Photogrammetry and Remote Sensing","P&RS","0924-2716","Multimodal ensemble of UAV-borne hyperspectral, thermal, and RGB imagery to identify combined nitrogen and water deficiencies in field-grown sesame","2025-02-20","created-proxy","10.1016/j.isprsjprs.2025.02.011","https://doi.org/10.1016/j.isprsjprs.2025.02.011","no","遥感视觉与影像分析","hyperspectral","遥感与地球观测数据","UAV | hyperspectral","","","Must match at least one method_family keyword in Crossref title or abstract"
"2025-02","摄影测量与遥感","ISPRS Journal of Photogrammetry and Remote Sensing","P&RS","0924-2716","An ensemble learning framework for generating high-resolution regional DEMs considering geographical zoning","2025-02-21","created-proxy","10.1016/j.isprsjprs.2025.02.007","https://doi.org/10.1016/j.isprsjprs.2025.02.007","no","机器学习","ensemble learning","","","","","Must match at least one method_family keyword in Crossref title or abstract"
"2025-02","摄影测量与遥感","ISPRS Journal of Photogrammetry and Remote Sensing","P&RS","0924-2716","Adaptive Discrepancy Masked Distillation for remote sensing object detection","2025-02-26","created-proxy","10.1016/j.isprsjprs.2025.02.006","https://doi.org/10.1016/j.isprsjprs.2025.02.006","no","遥感视觉与影像分析","object detection","遥感与地球观测数据","remote sensing","","","Must match at least one method_family keyword in Crossref title or abstract"
"2025-02","摄影测量与遥感","ISPRS Journal of Photogrammetry and Remote Sensing","P&RS","0924-2716","Bounding box versus point annotation: The impact on deep learning performance for animal detection in aerial images","2025-02-27","created-proxy","10.1016/j.isprsjprs.2025.02.017","https://doi.org/10.1016/j.isprsjprs.2025.02.017","no","深度学习与神经网络","deep learning","","","","","Must match at least one method_family keyword in Crossref title or abstract"
"2025-02","摄影测量与遥感","ISPRS Journal of Photogrammetry and Remote Sensing","P&RS","0924-2716","Enhancing LiDAR point cloud generation with BRDF-based appearance modelling","2025-02-27","created-proxy","10.1016/j.isprsjprs.2025.02.010","https://doi.org/10.1016/j.isprsjprs.2025.02.010","no","遥感视觉与影像分析","point cloud | LiDAR","遥感与地球观测数据","LiDAR","","","Must match at least one method_family keyword in Crossref title or abstract"
"2025-02","可视化与空间分析","Journal of Geovisualization and Spatial Analysis","JGSA","2509-8829","Enhancing Urban Transportation Flow Modeling Through a Graph Neural Network-based Spatially Weighted Interaction Model: a Case Study of Chicago Taxi Data","2025-02-24","published-online","10.1007/s41651-025-00217-4","https://doi.org/10.1007/s41651-025-00217-4","no","深度学习与神经网络 | 图模型与网络方法","neural network | graph | graph neural network","","","","","Must match at least one method_family keyword in Crossref title or abstract"
"2025-02","可视化与空间分析","Journal of Geovisualization and Spatial Analysis","JGSA","2509-8829","SACNet: A Novel Self-Supervised Learning Method for Shadow Detection from High-Resolution Remote Sensing Images","2025-02-24","published-online","10.1007/s41651-025-00215-6","https://doi.org/10.1007/s41651-025-00215-6","no","GeoAI 与基础模型 | 机器学习","self-supervised learning | supervised learning","遥感与地球观测数据","remote sensing","","","Must match at least one method_family keyword in Crossref title or abstract"
"2025-02","空间科学","Journal of Spatial Science","JSS","1836-5655","Registration method based on physical scale matching for 3D laser point cloud and high-resolution images","2025-02-05","published-online","10.1080/14498596.2025.2459089","https://doi.org/10.1080/14498596.2025.2459089","no","遥感视觉与影像分析","point cloud","","","","","Must match at least one method_family keyword in Crossref title or abstract"
"2025-02","空间科学","Journal of Spatial Science","JSS","1836-5655","Mapping of karst sinkholes from LIDAR data using machine-learning methods in the Trieste area","2025-02-27","published-online","10.1080/14498596.2025.2469176","https://doi.org/10.1080/14498596.2025.2469176","no","遥感视觉与影像分析","LiDAR","遥感与地球观测数据","LiDAR","","","Must match at least one method_family keyword in Crossref title or abstract"
"2025-02","摄影测量与遥感","PFG - Journal of Photogrammetry, Remote Sensing and Geoinformation Science","PFG","2512-2789","Teaching UAV Photogrammetry in Non-Geodetic Degree Courses: the Example of TU Braunschweig","2025-02-14","published-online","10.1007/s41064-025-00331-4","https://doi.org/10.1007/s41064-025-00331-4","no","遥感视觉与影像分析","photogrammetry","遥感与地球观测数据","UAV","","","Must match at least one method_family keyword in Crossref title or abstract"
"2025-02","摄影测量与遥感","Photogrammetric Engineering & Remote Sensing","PE&RS","0099-1112","Artificial Neural Network Multi-layer Perceptron Models to Classify California's Crops using Harmonized Landsat Sentinel (HLS) Data","2025-02-01","published","10.14358/pers.24-00072r3","https://doi.org/10.14358/pers.24-00072r3","yes","机器学习 | 深度学习与神经网络 | 时序与时空建模","machine learning | classification | deep learning | neural network | artificial neural network | time series","遥感与地球观测数据","remote sensing | multispectral | Sentinel | Landsat","","","Must match at least one method_family keyword in Crossref title or abstract"
"2025-02","摄影测量与遥感","Photogrammetric Engineering & Remote Sensing","PE&RS","0099-1112","Individual Tree Segmentation Using Deep Learning and Climbing Algorithm: A Method for Achieving High-precision Single-tree Segmentation in High-density Forests under Complex Environments","2025-02-01","published","10.14358/pers.24-00083r2","https://doi.org/10.14358/pers.24-00083r2","yes","深度学习与神经网络 | 遥感视觉与影像分析","deep learning | point cloud | LiDAR","遥感与地球观测数据","LiDAR","","","Must match at least one method_family keyword in Crossref title or abstract"
"2025-02","摄影测量与遥感","Photogrammetric Engineering & Remote Sensing","PE&RS","0099-1112","Lightweight Ship Object Detection Algorithm for Remote Sensing Images Based on Multi-scale Perception and Feature Enhancement","2025-02-01","published","10.14358/pers.24-00085r2","https://doi.org/10.14358/pers.24-00085r2","yes","深度学习与神经网络 | 遥感视觉与影像分析","attention mechanism | object detection","遥感与地球观测数据","remote sensing","","","Must match at least one method_family keyword in Crossref title or abstract"
"2025-02","摄影测量与遥感","Photogrammetric Engineering & Remote Sensing","PE&RS","0099-1112","Spatiotemporal Behavior of Active Forest Fires Using Time-Series MODIS C6 Data","2025-02-01","published","10.14358/pers.24-00035r2","https://doi.org/10.14358/pers.24-00035r2","yes","时序与时空建模","spatiotemporal","遥感与地球观测数据","remote sensing | MODIS","","","Must match at least one method_family keyword in Crossref title or abstract"
"2025-02","地理信息科学","Transactions in GIS","TGIS","1467-9671","A Framework for Exploring “Transfer‐Out” Land Parcels for Urban Development Under the Ecological Control Line ( ECL ) Policy in China","2025-02-04","published-online","10.1111/tgis.70006","https://doi.org/10.1111/tgis.70006","yes","仿真、优化与强化学习","cellular automata","基础地理与城市数据库","parcel","城市、区域与空间结构","city","Must match at least one method_family keyword in Crossref title or abstract"
"2025-02","地理信息科学","Transactions in GIS","TGIS","1467-9671","Are National Spatial Data Infrastructures Adequate for Achieving the 2030 Agenda? A Case Study of Brazil's NSDI from the Perspective of UN‐GGIM Fundamental Themes","2025-02-14","published-online","10.1111/tgis.70011","https://doi.org/10.1111/tgis.70011","yes","机器学习","classification","街景、社交感知与众包数据","volunteered geographic information","","","Must match at least one method_family keyword in Crossref title or abstract"
"2025-02","地理信息科学","Transactions in GIS","TGIS","1467-9671","Analysis of the Surface Urban Heat Island Effect and the Spatiotemporal Heterogeneity of Its Driving Factors","2025-02-18","published-online","10.1111/tgis.70013","https://doi.org/10.1111/tgis.70013","yes","时序与时空建模","spatiotemporal","","","城市、区域与空间结构 | 环境监测与灾害风险","city | heat","Must match at least one method_family keyword in Crossref title or abstract"
"2025-02","地理信息科学","Transactions in GIS","TGIS","1467-9671","Modeling Susceptibility to Illegal Land Occupation in Cape Town, South Africa: A Random Forest Approach","2025-02-19","published-online","10.1111/tgis.70014","https://doi.org/10.1111/tgis.70014","yes","机器学习","machine learning | random forest","","","","","Must match at least one method_family keyword in Crossref title or abstract"
"2025-02","地理信息科学","Transactions in GIS","TGIS","1467-9671","TGGLinesPlus : A Robust Topological Graph‐Guided Computer Vision Algorithm for Line Detection From Images","2025-02-20","published-online","10.1111/tgis.70015","https://doi.org/10.1111/tgis.70015","yes","图模型与网络方法","graph","遥感与地球观测数据","satellite imagery","","","Must match at least one method_family keyword in Crossref title or abstract"
"2025-02","地理信息科学","Transactions in GIS","TGIS","1467-9671","YOLOv8‐DBW: An Improved High‐Accuracy Fast Landslide Detection Model","2025-02-26","published-online","10.1111/tgis.70021","https://doi.org/10.1111/tgis.70021","yes","机器学习 | 深度学习与神经网络 | 仿真、优化与强化学习 | 遥感视觉与影像分析","machine learning | deep learning | optimization | object detection","","","环境监测与灾害风险","landslide","Must match at least one method_family keyword in Crossref title or abstract"
"2025-02","地理信息科学","Transactions in GIS","TGIS","1467-9671","Deep Learning‐Based Building Change Detection in Off‐Nadir Images via a Pixel‐Wise and Patch‐Wise Fusion Strategy","2025-02-27","published-online","10.1111/tgis.70020","https://doi.org/10.1111/tgis.70020","yes","机器学习 | 深度学习与神经网络 | 时序与时空建模","classification | deep learning | change detection","遥感与地球观测数据","remote sensing | satellite imagery","","","Must match at least one method_family keyword in Crossref title or abstract"
"2025-02","地理信息科学","Transactions in GIS","TGIS","1467-9671","Political Districts Versus Customized Polygons: Implementing Geographic Tessellation Stratified Random Sampling","2025-02-27","published-online","10.1111/tgis.70019","https://doi.org/10.1111/tgis.70019","yes","空间统计与空间计量","spatial autocorrelation","","","","","Must match at least one method_family keyword in Crossref title or abstract"
"2025-02","地理信息科学","Transactions in GIS","TGIS","1467-9671","DCKH ‐ CNN : A Multimetric Graph‐Based Convolutional Neural Network for Identifying Key Influential Nodes in Earth Surface Data Linked Networks","2025-02-28","published-online","10.1111/tgis.70016","https://doi.org/10.1111/tgis.70016","yes","深度学习与神经网络 | 图模型与网络方法","deep learning | neural network | CNN | convolutional neural network | graph | complex network","","","空间尺度、依赖与异质性","adjacency","Must match at least one method_family keyword in Crossref title or abstract"
