"month","journal_category","journal","journal_short_name","issn","title","publication_date","date_basis","doi","doi_url","abstract_available","method_family_topics","method_family_keywords","data_source_topics","data_source_keywords","spatiotemporal_context_topics","spatiotemporal_context_keywords","screening_rule"
"2026-01","空间算法","ACM Transactions on Spatial Algorithms and Systems","TSAS","2374-0361","S2Vec: Self-Supervised Geospatial Embeddings for the Built Environment","2026-01-06","created-proxy","10.1145/3787217","https://doi.org/10.1145/3787217","yes","GeoAI 与基础模型","geospatial artificial intelligence","","","","","Must match at least one method_family keyword in Crossref title or abstract"
"2026-01","空间算法","ACM Transactions on Spatial Algorithms and Systems","TSAS","2374-0361","STARD-Net: SpatioTemporal Attention for Robust Detection of Tiny Airborne Objects from Moving Drones","2026-01-22","published-online","10.1145/3787467","https://doi.org/10.1145/3787467","yes","深度学习与神经网络 | 时序与时空建模 | 遥感视觉与影像分析","long short-term memory | transformer | spatiotemporal | object detection","遥感与地球观测数据","drone","","","Must match at least one method_family keyword in Crossref title or abstract"
"2026-01","空间算法","ACM Transactions on Spatial Algorithms and Systems","TSAS","2374-0361","An Integrated Approach to Multi-agent Scheduling with Bounded Objectives in an Urban Setting","2026-01-23","published-online","10.1145/3787460","https://doi.org/10.1145/3787460","yes","图模型与网络方法 | 仿真、优化与强化学习","road network | optimization","基础地理与城市数据库","road network","城市、区域与空间结构","city","Must match at least one method_family keyword in Crossref title or abstract"
"2026-01","空间算法","ACM Transactions on Spatial Algorithms and Systems","TSAS","2374-0361","A Genealogy of Foundation Models in Remote Sensing","2026-01-27","created-proxy","10.1145/3789505","https://doi.org/10.1145/3789505","yes","GeoAI 与基础模型","foundation model | remote sensing foundation model","遥感与地球观测数据 | 传感器与物联网数据","remote sensing | sensor","","","Must match at least one method_family keyword in Crossref title or abstract"
"2026-01","地理学与 GIScience","Annals of GIS","AGIS","1947-5691","A two-stage GIS-based EWM–AHP and Monte Carlo simulation framework for land suitability modelling in estate crop planning in tropical regions","2026-01-02","published","10.1080/19475683.2026.2617190","https://doi.org/10.1080/19475683.2026.2617190","no","仿真、优化与强化学习","simulation","","","","","Must match at least one method_family keyword in Crossref title or abstract"
"2026-01","地理学与 GIScience","Annals of GIS","AGIS","1947-5691","HDP-Net: a hyperspectral deterministic-probabilistic dual attention network for hyperspectral image classification","2026-01-09","published-online","10.1080/19475683.2026.2613159","https://doi.org/10.1080/19475683.2026.2613159","no","机器学习 | 遥感视觉与影像分析","classification | image classification | hyperspectral","遥感与地球观测数据","hyperspectral","","","Must match at least one method_family keyword in Crossref title or abstract"
"2026-01","地理学与 GIScience","Annals of GIS","AGIS","1947-5691","Federated LSTM-based deep learning model for privacy-preserving predictions of human trajectories across multiple data providers","2026-01-20","published-online","10.1080/19475683.2026.2617187","https://doi.org/10.1080/19475683.2026.2617187","no","深度学习与神经网络","deep learning | LSTM","","","","","Must match at least one method_family keyword in Crossref title or abstract"
"2026-01","地理学与 GIScience","Annals of GIS","AGIS","1947-5691","RE-YOLO: a lightweight small object detection method for UAV remote sensing imagery","2026-01-20","published-online","10.1080/19475683.2026.2617202","https://doi.org/10.1080/19475683.2026.2617202","no","遥感视觉与影像分析","object detection","遥感与地球观测数据","remote sensing | UAV","","","Must match at least one method_family keyword in Crossref title or abstract"
"2026-01","地理学与 GIScience","Applied Geography","APG","0143-6228","Capturing spatio-temporal variations in SDG interactions and prioritizations","2026-01-01","published","10.1016/j.apgeog.2025.103830","https://doi.org/10.1016/j.apgeog.2025.103830","no","时序与时空建模","spatio-temporal","","","","","Must match at least one method_family keyword in Crossref title or abstract"
"2026-01","地理学与 GIScience","Applied Geography","APG","0143-6228","Does the digitalization of hometowns promote return migrants’ entrepreneurship? Empirical evidence from panel data for China","2026-01-01","published","10.1016/j.apgeog.2025.103855","https://doi.org/10.1016/j.apgeog.2025.103855","no","因果推断与准实验","panel data","","","时间尺度与动态过程","panel","Must match at least one method_family keyword in Crossref title or abstract"
"2026-01","地理学与 GIScience","Applied Geography","APG","0143-6228","Exploring sentiment dynamics and their driving factors in megacity residents’ environmental complaints through deep learning and multimodal data","2026-01-01","published","10.1016/j.apgeog.2025.103806","https://doi.org/10.1016/j.apgeog.2025.103806","no","深度学习与神经网络","deep learning","","","","","Must match at least one method_family keyword in Crossref title or abstract"
"2026-01","地理学与 GIScience","Applied Geography","APG","0143-6228","Spatial identification and optimization of tourism gaps in China's 5A scenic spots","2026-01-01","published","10.1016/j.apgeog.2025.103863","https://doi.org/10.1016/j.apgeog.2025.103863","no","仿真、优化与强化学习","optimization","","","","","Must match at least one method_family keyword in Crossref title or abstract"
"2026-01","地理学与 GIScience","Applied Geography","APG","0143-6228","Unraveling the nexus between spatial quality and buzz behavior: Analyzing geo-tagged social media and multisource spatial data using text mining and XGBoost","2026-01-01","published","10.1016/j.apgeog.2025.103858","https://doi.org/10.1016/j.apgeog.2025.103858","no","机器学习","XGBoost","街景、社交感知与众包数据","social media","","","Must match at least one method_family keyword in Crossref title or abstract"
"2026-01","地理学与 GIScience","Applied Geography","APG","0143-6228","Spatiotemporal patterns and drivers of urban park visitation among residents and tourists: Insights from mobile phone big data","2026-01-12","created-proxy","10.1016/j.apgeog.2026.103901","https://doi.org/10.1016/j.apgeog.2026.103901","no","时序与时空建模","spatiotemporal","","","","","Must match at least one method_family keyword in Crossref title or abstract"
"2026-01","地理学与 GIScience","Applied Geography","APG","0143-6228","The role of built environment in promoting physical and social activities among older adults: Insights from a machine learning approach","2026-01-19","created-proxy","10.1016/j.apgeog.2026.103904","https://doi.org/10.1016/j.apgeog.2026.103904","no","机器学习","machine learning","","","","","Must match at least one method_family keyword in Crossref title or abstract"
"2026-01","计算地理与城市系统","Computers & Geosciences","C&G","0098-3004","EffiSeisM: An efficient multi-task deep learning model for earthquake monitoring","2026-01-01","published","10.1016/j.cageo.2025.106039","https://doi.org/10.1016/j.cageo.2025.106039","no","深度学习与神经网络","deep learning","","","","","Must match at least one method_family keyword in Crossref title or abstract"
"2026-01","计算地理与城市系统","Computers & Geosciences","C&G","0098-3004","Research on hyperspectral remote sensing alteration mineral mapping using an improved ViT model","2026-01-01","published","10.1016/j.cageo.2025.106037","https://doi.org/10.1016/j.cageo.2025.106037","no","遥感视觉与影像分析","hyperspectral","遥感与地球观测数据","remote sensing | hyperspectral","","","Must match at least one method_family keyword in Crossref title or abstract"
"2026-01","计算地理与城市系统","Computers & Geosciences","C&G","0098-3004","Short-term earthquake forecasting using electromagnetic and geoacoustic observations via contrastive learning","2026-01-01","published","10.1016/j.cageo.2025.106024","https://doi.org/10.1016/j.cageo.2025.106024","no","GeoAI 与基础模型 | 时序与时空建模","contrastive learning | forecasting","","","","","Must match at least one method_family keyword in Crossref title or abstract"
"2026-01","计算地理与城市系统","Computers & Geosciences","C&G","0098-3004","SmartMagDL: Smartphone geomagnetic mapping using deep learning","2026-01-01","published","10.1016/j.cageo.2025.106040","https://doi.org/10.1016/j.cageo.2025.106040","no","深度学习与神经网络","deep learning","","","","","Must match at least one method_family keyword in Crossref title or abstract"
"2026-01","计算地理与城市系统","Computers & Geosciences","C&G","0098-3004","Uncertainty-aware ensemble learning and dynamic threshold optimization for landslide susceptibility mapping","2026-01-01","published","10.1016/j.cageo.2025.106042","https://doi.org/10.1016/j.cageo.2025.106042","no","机器学习 | 仿真、优化与强化学习","ensemble learning | optimization","","","环境监测与灾害风险","landslide","Must match at least one method_family keyword in Crossref title or abstract"
"2026-01","计算地理与城市系统","Computers & Geosciences","C&G","0098-3004","HSDL: A novel and practical method to refine automatic earthquake catalog using hybrid shallow and deep learning","2026-01-03","created-proxy","10.1016/j.cageo.2025.106103","https://doi.org/10.1016/j.cageo.2025.106103","no","深度学习与神经网络","deep learning","","","","","Must match at least one method_family keyword in Crossref title or abstract"
"2026-01","计算地理与城市系统","Computers & Geosciences","C&G","0098-3004","Prediction of natural gamma and neutron porosity based on waveform structures of elastic parameters using a closed-loop deep learning fusion network","2026-01-14","created-proxy","10.1016/j.cageo.2026.106122","https://doi.org/10.1016/j.cageo.2026.106122","no","深度学习与神经网络","deep learning","","","","","Must match at least one method_family keyword in Crossref title or abstract"
"2026-01","计算地理与城市系统","Computers & Geosciences","C&G","0098-3004","A spatiotemporal deep learning framework integrating CNN-BiLSTM and attention mechanisms for GRACE data downscaling in Yunnan Province","2026-01-19","created-proxy","10.1016/j.cageo.2026.106117","https://doi.org/10.1016/j.cageo.2026.106117","no","深度学习与神经网络 | 时序与时空建模","deep learning | CNN | attention mechanism | spatiotemporal","","","","","Must match at least one method_family keyword in Crossref title or abstract"
"2026-01","计算地理与城市系统","Computers, Environment and Urban Systems","CEUS","0198-9715","Exploring the inequality of the particulate matter exposure level of public bicycle scheme users using an agent-based model","2026-01-01","published","10.1016/j.compenvurbsys.2025.102367","https://doi.org/10.1016/j.compenvurbsys.2025.102367","no","仿真、优化与强化学习","agent-based model","","","环境监测与灾害风险","exposure","Must match at least one method_family keyword in Crossref title or abstract"
"2026-01","计算地理与城市系统","Computers, Environment and Urban Systems","CEUS","0198-9715","VoxCity: A seamless framework for open geospatial data integration, grid-based semantic 3D city model generation, and urban environment simulation","2026-01-01","published","10.1016/j.compenvurbsys.2025.102366","https://doi.org/10.1016/j.compenvurbsys.2025.102366","no","仿真、优化与强化学习","simulation","","","城市、区域与空间结构","city","Must match at least one method_family keyword in Crossref title or abstract"
"2026-01","计算地理与城市系统","Computers, Environment and Urban Systems","CEUS","0198-9715","Urban morphology as a proxy for housing and infrastructure inequality: A machine learning approach using open building footprint data","2026-01-22","created-proxy","10.1016/j.compenvurbsys.2026.102402","https://doi.org/10.1016/j.compenvurbsys.2026.102402","no","机器学习","machine learning","基础地理与城市数据库","building footprint","","","Must match at least one method_family keyword in Crossref title or abstract"
"2026-01","计算地理与城市系统","Computers, Environment and Urban Systems","CEUS","0198-9715","Multi-frequency street-level urban noise modeling and mapping through street view and remote sensing image fusion","2026-01-23","created-proxy","10.1016/j.compenvurbsys.2026.102401","https://doi.org/10.1016/j.compenvurbsys.2026.102401","no","遥感视觉与影像分析","image fusion","遥感与地球观测数据 | 街景、社交感知与众包数据","remote sensing | street view","","","Must match at least one method_family keyword in Crossref title or abstract"
"2026-01","城市分析与空间科学","Environment and Planning B: Urban Analytics and City Science","EPB","2399-8091","Systematic identification and analysis of map-matching anomalies in road network models for urban cycling","2026-01-04","published-online","10.1177/23998083251415038","https://doi.org/10.1177/23998083251415038","yes","图模型与网络方法","road network","轨迹与移动性数据 | 基础地理与城市数据库","GPS | OpenStreetMap | OSM | road network","","","Must match at least one method_family keyword in Crossref title or abstract"
"2026-01","城市分析与空间科学","Environment and Planning B: Urban Analytics and City Science","EPB","2399-8091","‘Very’ selective licensing – An exploration of English local authorities’ adoption of a discretionary landlord licensing scheme, 2006-2019","2026-01-06","published-online","10.1177/23998083251411371","https://doi.org/10.1177/23998083251411371","yes","机器学习","classification","","","环境监测与灾害风险","exposure","Must match at least one method_family keyword in Crossref title or abstract"
"2026-01","城市分析与空间科学","Environment and Planning B: Urban Analytics and City Science","EPB","2399-8091","Who owns the flood plain? A parcel-level analysis of organizational form and flood risk","2026-01-08","published-online","10.1177/23998083251414554","https://doi.org/10.1177/23998083251414554","yes","因果推断与准实验","fixed effects","基础地理与城市数据库","parcel","城市、区域与空间结构 | 环境监测与灾害风险","neighborhood | flood | exposure | hazard","Must match at least one method_family keyword in Crossref title or abstract"
"2026-01","城市分析与空间科学","Environment and Planning B: Urban Analytics and City Science","EPB","2399-8091","spanishoddata: A package for accessing and working with Spanish Open Mobility Big Data","2026-01-17","published-online","10.1177/23998083251415040","https://doi.org/10.1177/23998083251415040","yes","空间交互与移动性模型","origin-destination","轨迹与移动性数据","mobility data | human mobility","","","Must match at least one method_family keyword in Crossref title or abstract"
"2026-01","城市分析与空间科学","Environment and Planning B: Urban Analytics and City Science","EPB","2399-8091","Mapping linguistic landscapes and displacement: Urban-scale analysis of internally displaced people in Kyiv using street view imagery and computer vision","2026-01-20","published-online","10.1177/23998083251415461","https://doi.org/10.1177/23998083251415461","yes","机器学习 | 深度学习与神经网络 | 图模型与网络方法","clustering | deep learning | road network","街景、社交感知与众包数据 | 基础地理与城市数据库","street view | road network","城市、区域与空间结构","city","Must match at least one method_family keyword in Crossref title or abstract"
"2026-01","城市分析与空间科学","Environment and Planning B: Urban Analytics and City Science","EPB","2399-8091","Quantity or structure? Asset or burden? Causal evidence of street greenery’s impact on housing prices from sequential data","2026-01-20","published-online","10.1177/23998083261420306","https://doi.org/10.1177/23998083261420306","yes","因果推断与准实验","difference-in-differences | propensity score","","","","","Must match at least one method_family keyword in Crossref title or abstract"
"2026-01","城市分析与空间科学","Environment and Planning B: Urban Analytics and City Science","EPB","2399-8091","Mapping urban vitality through dynamic population presence: A social media-based analysis in Tallinn","2026-01-25","published-online","10.1177/23998083261420323","https://doi.org/10.1177/23998083261420323","yes","机器学习 | 空间统计与空间计量 | 时序与时空建模","clustering | spatial clustering | spatio-temporal","街景、社交感知与众包数据","social media","城市、区域与空间结构","city","Must match at least one method_family keyword in Crossref title or abstract"
"2026-01","城市分析与空间科学","Environment and Planning B: Urban Analytics and City Science","EPB","2399-8091","Revealing implicit associations between urban form and socioeconomic indices","2026-01-28","published-online","10.1177/23998083261420450","https://doi.org/10.1177/23998083261420450","yes","深度学习与神经网络","deep learning","基础地理与城市数据库","cadastral | parcel","城市、区域与空间结构","city | urban form","Must match at least one method_family keyword in Crossref title or abstract"
"2026-01","地理信息科学","Geo-spatial Information Science","GSIS","1993-5153","Improving altitudinal accuracy of Sentinel-1 InSAR DEM in arid flat terrain: a machine learning approach with UAV photogrammetry and multi-source data","2026-01-05","published-online","10.1080/10095020.2025.2600903","https://doi.org/10.1080/10095020.2025.2600903","no","机器学习 | 遥感视觉与影像分析","machine learning | photogrammetry","遥感与地球观测数据 | 基础地理与城市数据库","UAV | Sentinel | DEM","","","Must match at least one method_family keyword in Crossref title or abstract"
"2026-01","地理信息科学","Geo-spatial Information Science","GSIS","1993-5153","Risk assessment of typical criminal events in urban street view images based on large language model and deep learning method","2026-01-14","published-online","10.1080/10095020.2025.2610046","https://doi.org/10.1080/10095020.2025.2610046","no","GeoAI 与基础模型 | 深度学习与神经网络","large language model | deep learning","街景、社交感知与众包数据","street view","","","Must match at least one method_family keyword in Crossref title or abstract"
"2026-01","空间统计与地理分析","Geographical Analysis","GEAN","1538-4632","Transport Connectivity and Urban Development: The Case of Africa (1880–2020)","2026-01-09","published-online","10.1111/gean.70028","https://doi.org/10.1111/gean.70028","yes","机器学习","clustering","","","城市、区域与空间结构","city","Must match at least one method_family keyword in Crossref title or abstract"
"2026-01","地理信息科学","Geoinformatica","GEIN","1573-7624","Explainable address matching in online geocoding: filter-based feature selection and ensemble classification","2026-01-02","published-online","10.1007/s10707-025-00562-y","https://doi.org/10.1007/s10707-025-00562-y","no","机器学习","classification | feature selection","","","","","Must match at least one method_family keyword in Crossref title or abstract"
"2026-01","GeoAI 与遥感","GIScience & Remote Sensing","G&RS","1548-1603","Towards efficient global grape mapping: a two-stage spatio-temporal filtering framework for training sample collection","2026-01-03","published-online","10.1080/15481603.2025.2610549","https://doi.org/10.1080/15481603.2025.2610549","no","时序与时空建模","spatio-temporal","","","","","Must match at least one method_family keyword in Crossref title or abstract"
"2026-01","GeoAI 与遥感","GIScience & Remote Sensing","G&RS","1548-1603","DeepSAR Flood Mapper: global flood mapping on google earth engine cloud platform using MLP deep learning model with Sentinel-1 SAR imagery and HAND topographic data","2026-01-06","published-online","10.1080/15481603.2025.2612306","https://doi.org/10.1080/15481603.2025.2612306","no","深度学习与神经网络 | 遥感视觉与影像分析","deep learning | SAR","遥感与地球观测数据","SAR | Sentinel","环境监测与灾害风险","flood","Must match at least one method_family keyword in Crossref title or abstract"
"2026-01","GeoAI 与遥感","GIScience & Remote Sensing","G&RS","1548-1603","Integrating time-series analysis and deep learning methods to reconstruct the long-term retrogressive thaw slumps dynamics in the Qinghai-Tibet Plateau","2026-01-20","published-online","10.1080/15481603.2026.2617753","https://doi.org/10.1080/15481603.2026.2617753","no","深度学习与神经网络","deep learning","","","","","Must match at least one method_family keyword in Crossref title or abstract"
"2026-01","GeoAI 与遥感","GIScience & Remote Sensing","G&RS","1548-1603","Temporal behavior of major crops with SWOT Ka-band SAR observations","2026-01-25","published-online","10.1080/15481603.2026.2620174","https://doi.org/10.1080/15481603.2026.2620174","no","遥感视觉与影像分析","SAR","遥感与地球观测数据","SAR","","","Must match at least one method_family keyword in Crossref title or abstract"
"2026-01","GeoAI 与遥感","GIScience & Remote Sensing","G&RS","1548-1603","A comprehensive high-resolution lake inventory across the highly heterogeneous Tibetan Plateau from 2020 Sentinel-2 imagery using deep learning","2026-01-29","published-online","10.1080/15481603.2026.2620151","https://doi.org/10.1080/15481603.2026.2620151","no","深度学习与神经网络","deep learning","遥感与地球观测数据","Sentinel","","","Must match at least one method_family keyword in Crossref title or abstract"
"2026-01","遥感与地球观测","International Journal of Applied Earth Observation and Geoinformation","JAG","1569-8432","DA-MiTUNet: A Mix Transformer with dual attention embedding in unet for Land-Sea segmentation of remote sensing images","2026-01-05","created-proxy","10.1016/j.jag.2025.105066","https://doi.org/10.1016/j.jag.2025.105066","no","深度学习与神经网络","transformer","遥感与地球观测数据","remote sensing","","","Must match at least one method_family keyword in Crossref title or abstract"
"2026-01","遥感与地球观测","International Journal of Applied Earth Observation and Geoinformation","JAG","1569-8432","A novel deep learning framework for High-Throughput peanut seedling identification across diverse germplasm and complex field environments","2026-01-06","created-proxy","10.1016/j.jag.2025.105061","https://doi.org/10.1016/j.jag.2025.105061","no","深度学习与神经网络","deep learning","","","","","Must match at least one method_family keyword in Crossref title or abstract"
"2026-01","遥感与地球观测","International Journal of Applied Earth Observation and Geoinformation","JAG","1569-8432","Advancing CyanoHAB monitoring with hyperspectral data from NASA PACE: First results and validation","2026-01-06","created-proxy","10.1016/j.jag.2025.105032","https://doi.org/10.1016/j.jag.2025.105032","no","遥感视觉与影像分析","hyperspectral","遥感与地球观测数据","hyperspectral","","","Must match at least one method_family keyword in Crossref title or abstract"
"2026-01","遥感与地球观测","International Journal of Applied Earth Observation and Geoinformation","JAG","1569-8432","Aridity modulates spatiotemporal changes in carbon allocation to leaves in Northern Hemisphere grasslands","2026-01-06","created-proxy","10.1016/j.jag.2025.105040","https://doi.org/10.1016/j.jag.2025.105040","no","时序与时空建模","spatiotemporal","","","","","Must match at least one method_family keyword in Crossref title or abstract"
"2026-01","遥感与地球观测","International Journal of Applied Earth Observation and Geoinformation","JAG","1569-8432","BuildingMultiView:powering multi-scale building characterization with large language models and Multi-perspective imagery","2026-01-06","created-proxy","10.1016/j.jag.2025.105034","https://doi.org/10.1016/j.jag.2025.105034","no","GeoAI 与基础模型","large language model","","","","","Must match at least one method_family keyword in Crossref title or abstract"
"2026-01","遥感与地球观测","International Journal of Applied Earth Observation and Geoinformation","JAG","1569-8432","CAFTrans: Content-Aware Fusion Transformer for ground-based remote sensing cloud detection","2026-01-06","created-proxy","10.1016/j.jag.2025.105044","https://doi.org/10.1016/j.jag.2025.105044","no","深度学习与神经网络","transformer","遥感与地球观测数据","remote sensing","","","Must match at least one method_family keyword in Crossref title or abstract"
"2026-01","遥感与地球观测","International Journal of Applied Earth Observation and Geoinformation","JAG","1569-8432","Canopy height mapping in the Western Himalayas, Pakistan: A deep learning approach using GEDI and Sentinel-2 fusion","2026-01-06","created-proxy","10.1016/j.jag.2025.105030","https://doi.org/10.1016/j.jag.2025.105030","no","深度学习与神经网络","deep learning","遥感与地球观测数据","Sentinel","","","Must match at least one method_family keyword in Crossref title or abstract"
"2026-01","遥感与地球观测","International Journal of Applied Earth Observation and Geoinformation","JAG","1569-8432","City-scale building instance segmentation from LiDAR point clouds via structure-aware method","2026-01-06","created-proxy","10.1016/j.jag.2026.105086","https://doi.org/10.1016/j.jag.2026.105086","no","遥感视觉与影像分析","instance segmentation | point cloud | LiDAR","遥感与地球观测数据","LiDAR","城市、区域与空间结构","city","Must match at least one method_family keyword in Crossref title or abstract"
"2026-01","遥感与地球观测","International Journal of Applied Earth Observation and Geoinformation","JAG","1569-8432","Cross-platform super-resolution: A diffusion model approach for enhancing satellite imagery with aerial data","2026-01-06","created-proxy","10.1016/j.jag.2025.105046","https://doi.org/10.1016/j.jag.2025.105046","no","遥感视觉与影像分析","super-resolution","遥感与地球观测数据","satellite imagery","","","Must match at least one method_family keyword in Crossref title or abstract"
"2026-01","遥感与地球观测","International Journal of Applied Earth Observation and Geoinformation","JAG","1569-8432","Forecasting sea level maxima using Machine learning with explainability and extreme value analysis","2026-01-06","created-proxy","10.1016/j.jag.2025.105064","https://doi.org/10.1016/j.jag.2025.105064","no","机器学习 | 时序与时空建模","machine learning | forecasting","","","","","Must match at least one method_family keyword in Crossref title or abstract"
"2026-01","遥感与地球观测","International Journal of Applied Earth Observation and Geoinformation","JAG","1569-8432","GDiT: A graph-prior-guided diffusion transformer for semantic-controllable remote sensing image synthesis","2026-01-06","created-proxy","10.1016/j.jag.2025.105038","https://doi.org/10.1016/j.jag.2025.105038","no","深度学习与神经网络 | 图模型与网络方法","transformer | graph","遥感与地球观测数据","remote sensing","","","Must match at least one method_family keyword in Crossref title or abstract"
"2026-01","遥感与地球观测","International Journal of Applied Earth Observation and Geoinformation","JAG","1569-8432","Geographically weighted regression model-assisted (GWRMA) estimation to improve precision of estimates combining remote sensing and ground plot data","2026-01-06","created-proxy","10.1016/j.jag.2025.105045","https://doi.org/10.1016/j.jag.2025.105045","no","空间统计与空间计量","geographically weighted regression | GWR","遥感与地球观测数据","remote sensing","","","Must match at least one method_family keyword in Crossref title or abstract"
"2026-01","遥感与地球观测","International Journal of Applied Earth Observation and Geoinformation","JAG","1569-8432","Geospatial machine learning model for limestone suitability assessment","2026-01-06","created-proxy","10.1016/j.jag.2025.105055","https://doi.org/10.1016/j.jag.2025.105055","no","机器学习","machine learning","","","","","Must match at least one method_family keyword in Crossref title or abstract"
"2026-01","遥感与地球观测","International Journal of Applied Earth Observation and Geoinformation","JAG","1569-8432","MapMate: A framework bridging natural language interaction and map design through large language models","2026-01-06","created-proxy","10.1016/j.jag.2025.105073","https://doi.org/10.1016/j.jag.2025.105073","no","GeoAI 与基础模型","large language model","","","","","Must match at least one method_family keyword in Crossref title or abstract"
"2026-01","遥感与地球观测","International Journal of Applied Earth Observation and Geoinformation","JAG","1569-8432","Precise urban tree species identification and biomass estimation using UAV–Handheld LiDAR Synergy and YOLOv11 deep learning","2026-01-06","created-proxy","10.1016/j.jag.2025.105049","https://doi.org/10.1016/j.jag.2025.105049","no","深度学习与神经网络 | 遥感视觉与影像分析","deep learning | LiDAR","遥感与地球观测数据","UAV | LiDAR","","","Must match at least one method_family keyword in Crossref title or abstract"
"2026-01","遥感与地球观测","International Journal of Applied Earth Observation and Geoinformation","JAG","1569-8432","STAMI: A machine learning-based small-scale tomography-aided multibaseline (Pol)InSAR forest height inversion framework","2026-01-06","created-proxy","10.1016/j.jag.2025.105054","https://doi.org/10.1016/j.jag.2025.105054","no","机器学习","machine learning","","","","","Must match at least one method_family keyword in Crossref title or abstract"
"2026-01","遥感与地球观测","International Journal of Applied Earth Observation and Geoinformation","JAG","1569-8432","The first large-footprint hyperspectral LiDAR model to attempt to reveal forest chlorophyll distribution heterogeneity from vertically layered spectral perspective utilizing 3D radiative transfer modeling","2026-01-06","created-proxy","10.1016/j.jag.2025.105060","https://doi.org/10.1016/j.jag.2025.105060","no","遥感视觉与影像分析","LiDAR | hyperspectral","遥感与地球观测数据","LiDAR | hyperspectral","","","Must match at least one method_family keyword in Crossref title or abstract"
"2026-01","遥感与地球观测","International Journal of Applied Earth Observation and Geoinformation","JAG","1569-8432","Dense 3D displacement estimation for landslide monitoring via fusion of TLS point clouds and embedded RGB images","2026-01-07","created-proxy","10.1016/j.jag.2026.105093","https://doi.org/10.1016/j.jag.2026.105093","no","遥感视觉与影像分析","point cloud","","","环境监测与灾害风险","landslide","Must match at least one method_family keyword in Crossref title or abstract"
"2026-01","遥感与地球观测","International Journal of Applied Earth Observation and Geoinformation","JAG","1569-8432","Integrating linear and circular polarization features for PolSAR land cover classification with deep learning","2026-01-07","created-proxy","10.1016/j.jag.2026.105090","https://doi.org/10.1016/j.jag.2026.105090","no","机器学习 | 深度学习与神经网络","classification | deep learning","基础地理与城市数据库","land cover","","","Must match at least one method_family keyword in Crossref title or abstract"
"2026-01","遥感与地球观测","International Journal of Applied Earth Observation and Geoinformation","JAG","1569-8432","A novel two-step method for ratoon rice mapping using Sentinel-1/2 time series","2026-01-08","created-proxy","10.1016/j.jag.2025.105083","https://doi.org/10.1016/j.jag.2025.105083","no","时序与时空建模","time series","遥感与地球观测数据","Sentinel","","","Must match at least one method_family keyword in Crossref title or abstract"
"2026-01","遥感与地球观测","International Journal of Applied Earth Observation and Geoinformation","JAG","1569-8432","Integrated and simultaneous mapping of blue carbon ecosystems by using tide-level, phenological, and biophysical features from optical and SAR images","2026-01-08","created-proxy","10.1016/j.jag.2025.105076","https://doi.org/10.1016/j.jag.2025.105076","no","遥感视觉与影像分析","SAR","遥感与地球观测数据","SAR","","","Must match at least one method_family keyword in Crossref title or abstract"
"2026-01","遥感与地球观测","International Journal of Applied Earth Observation and Geoinformation","JAG","1569-8432","Modular and adaptive implementation of Semantic Segmentation Models for Satellite Images and Open Source tools suitable for complex geographical contexts","2026-01-08","created-proxy","10.1016/j.jag.2025.105069","https://doi.org/10.1016/j.jag.2025.105069","no","遥感视觉与影像分析","semantic segmentation","","","","","Must match at least one method_family keyword in Crossref title or abstract"
"2026-01","遥感与地球观测","International Journal of Applied Earth Observation and Geoinformation","JAG","1569-8432","Wildfire susceptibility mapping with multiple machine learning algorithms utilizing forest inventory and FIRMS data: A case study in Arsin, Trabzon, Türkiye","2026-01-10","created-proxy","10.1016/j.jag.2026.105091","https://doi.org/10.1016/j.jag.2026.105091","no","机器学习","machine learning","","","环境监测与灾害风险","wildfire","Must match at least one method_family keyword in Crossref title or abstract"
"2026-01","遥感与地球观测","International Journal of Applied Earth Observation and Geoinformation","JAG","1569-8432","A dual-path network for semantic scene completion of single-frame LiDAR point clouds","2026-01-12","created-proxy","10.1016/j.jag.2025.105020","https://doi.org/10.1016/j.jag.2025.105020","no","遥感视觉与影像分析","point cloud | LiDAR","遥感与地球观测数据","LiDAR","","","Must match at least one method_family keyword in Crossref title or abstract"
"2026-01","遥感与地球观测","International Journal of Applied Earth Observation and Geoinformation","JAG","1569-8432","Few-Shot change detection in optical and SAR remote sensing images for disaster response","2026-01-12","created-proxy","10.1016/j.jag.2026.105100","https://doi.org/10.1016/j.jag.2026.105100","no","时序与时空建模 | 遥感视觉与影像分析","change detection | SAR","遥感与地球观测数据","remote sensing | SAR","环境监测与灾害风险","disaster","Must match at least one method_family keyword in Crossref title or abstract"
"2026-01","遥感与地球观测","International Journal of Applied Earth Observation and Geoinformation","JAG","1569-8432","Non-negative matrix factorization-assisted independent component analysis for land subsidence feature decomposition and attribution in Lubei Plain, and further integration with deep learning for subsidence prediction","2026-01-12","created-proxy","10.1016/j.jag.2026.105097","https://doi.org/10.1016/j.jag.2026.105097","no","深度学习与神经网络","deep learning","","","","","Must match at least one method_family keyword in Crossref title or abstract"
"2026-01","遥感与地球观测","International Journal of Applied Earth Observation and Geoinformation","JAG","1569-8432","Global daily seamless XCO2 Mapping (2016–2020): Spatio-temporal trends and variations during wildfire events","2026-01-13","created-proxy","10.1016/j.jag.2026.105092","https://doi.org/10.1016/j.jag.2026.105092","no","时序与时空建模","spatio-temporal","","","环境监测与灾害风险","wildfire","Must match at least one method_family keyword in Crossref title or abstract"
"2026-01","遥感与地球观测","International Journal of Applied Earth Observation and Geoinformation","JAG","1569-8432","Dual-Branch Machine Learning framework with decoupled architectures for nonlinear interference mitigation in GNSS-R snow depth estimation","2026-01-16","created-proxy","10.1016/j.jag.2026.105102","https://doi.org/10.1016/j.jag.2026.105102","no","机器学习","machine learning","","","","","Must match at least one method_family keyword in Crossref title or abstract"
"2026-01","遥感与地球观测","International Journal of Applied Earth Observation and Geoinformation","JAG","1569-8432","Inversion of low heavy metal content in Soil-Scutellaria baicalensis systems using optimized spectral indices and LSSVM","2026-01-16","created-proxy","10.1016/j.jag.2025.105084","https://doi.org/10.1016/j.jag.2025.105084","no","机器学习","SVM","","","","","Must match at least one method_family keyword in Crossref title or abstract"
"2026-01","遥感与地球观测","International Journal of Applied Earth Observation and Geoinformation","JAG","1569-8432","Machine learning-based high resolution spatial economic modeling of biomass energy potential in Southeast Asia","2026-01-17","created-proxy","10.1016/j.jag.2025.105081","https://doi.org/10.1016/j.jag.2025.105081","no","机器学习","machine learning","","","","","Must match at least one method_family keyword in Crossref title or abstract"
"2026-01","遥感与地球观测","International Journal of Applied Earth Observation and Geoinformation","JAG","1569-8432","Remote sensing of a gantry-equipped facility: Optimizing accuracy by integrating SfM photogrammetry and laserscan computer graphics through fixed base model geometry","2026-01-18","created-proxy","10.1016/j.jag.2026.105098","https://doi.org/10.1016/j.jag.2026.105098","no","遥感视觉与影像分析","photogrammetry","遥感与地球观测数据","remote sensing","","","Must match at least one method_family keyword in Crossref title or abstract"
"2026-01","遥感与地球观测","International Journal of Applied Earth Observation and Geoinformation","JAG","1569-8432","Seeing through the noise: A cross-modal guided framework for hyperspectral image classification under multi-type degradations","2026-01-18","created-proxy","10.1016/j.jag.2026.105117","https://doi.org/10.1016/j.jag.2026.105117","no","机器学习 | 遥感视觉与影像分析","classification | image classification | hyperspectral","遥感与地球观测数据","hyperspectral","","","Must match at least one method_family keyword in Crossref title or abstract"
"2026-01","遥感与地球观测","International Journal of Applied Earth Observation and Geoinformation","JAG","1569-8432","A new optimization framework for the geometric positioning accuracy of optical images","2026-01-20","created-proxy","10.1016/j.jag.2026.105111","https://doi.org/10.1016/j.jag.2026.105111","no","仿真、优化与强化学习","optimization","","","","","Must match at least one method_family keyword in Crossref title or abstract"
"2026-01","遥感与地球观测","International Journal of Applied Earth Observation and Geoinformation","JAG","1569-8432","Enhancing Sentinel-2 landslide change detection by integrating multispectral, deformation, and topographic information","2026-01-21","created-proxy","10.1016/j.jag.2026.105116","https://doi.org/10.1016/j.jag.2026.105116","no","时序与时空建模","change detection","遥感与地球观测数据","multispectral | Sentinel","环境监测与灾害风险","landslide","Must match at least one method_family keyword in Crossref title or abstract"
"2026-01","遥感与地球观测","International Journal of Applied Earth Observation and Geoinformation","JAG","1569-8432","Semantic segmentation of single SAR imagery leveraging historical Sentinel-1 and Sentinel-2 data","2026-01-21","created-proxy","10.1016/j.jag.2026.105114","https://doi.org/10.1016/j.jag.2026.105114","no","遥感视觉与影像分析","semantic segmentation | SAR","遥感与地球观测数据","SAR | Sentinel","","","Must match at least one method_family keyword in Crossref title or abstract"
"2026-01","遥感与地球观测","International Journal of Applied Earth Observation and Geoinformation","JAG","1569-8432","Bridging optical and SAR images via semantic prompt-guided progressive alignment for rotated cross-domain ship detection","2026-01-23","created-proxy","10.1016/j.jag.2026.105119","https://doi.org/10.1016/j.jag.2026.105119","no","遥感视觉与影像分析","SAR","遥感与地球观测数据","SAR","","","Must match at least one method_family keyword in Crossref title or abstract"
"2026-01","遥感与地球观测","International Journal of Applied Earth Observation and Geoinformation","JAG","1569-8432","DEM super-resolution guided by high-resolution remote sensing images using multitask learning","2026-01-23","created-proxy","10.1016/j.jag.2026.105099","https://doi.org/10.1016/j.jag.2026.105099","no","遥感视觉与影像分析","super-resolution","遥感与地球观测数据 | 基础地理与城市数据库","remote sensing | DEM","","","Must match at least one method_family keyword in Crossref title or abstract"
"2026-01","遥感与地球观测","International Journal of Applied Earth Observation and Geoinformation","JAG","1569-8432","DGL-RSIS: Decoupling global spatial context and local class semantics for training-free remote sensing image segmentation","2026-01-23","created-proxy","10.1016/j.jag.2026.105113","https://doi.org/10.1016/j.jag.2026.105113","no","遥感视觉与影像分析","image segmentation","遥感与地球观测数据","remote sensing","","","Must match at least one method_family keyword in Crossref title or abstract"
"2026-01","遥感与地球观测","International Journal of Applied Earth Observation and Geoinformation","JAG","1569-8432","Recognition of salt-marsh fairy circles in conventional optical satellite imagery: A generalizable framework with multiple machine learning models and imbalanced Bayesian probability updating","2026-01-23","created-proxy","10.1016/j.jag.2026.105101","https://doi.org/10.1016/j.jag.2026.105101","no","机器学习","machine learning","遥感与地球观测数据","satellite imagery","","","Must match at least one method_family keyword in Crossref title or abstract"
"2026-01","遥感与地球观测","International Journal of Applied Earth Observation and Geoinformation","JAG","1569-8432","Integrating XGBoost and SHAP to uncover feature contributions for river network selection across different patterns","2026-01-24","created-proxy","10.1016/j.jag.2026.105120","https://doi.org/10.1016/j.jag.2026.105120","no","机器学习","XGBoost","","","","","Must match at least one method_family keyword in Crossref title or abstract"
"2026-01","遥感与地球观测","International Journal of Applied Earth Observation and Geoinformation","JAG","1569-8432","Monitoring of mangrove dynamic change with Landsat time series from 1987 to 2022 in the Beibu Gulf, China","2026-01-24","created-proxy","10.1016/j.jag.2026.105128","https://doi.org/10.1016/j.jag.2026.105128","no","时序与时空建模","time series","遥感与地球观测数据","Landsat","","","Must match at least one method_family keyword in Crossref title or abstract"
"2026-01","遥感与地球观测","International Journal of Applied Earth Observation and Geoinformation","JAG","1569-8432","Quantifying vertical heterogeneity of forest gross primary production using hyperspectral and LiDAR data","2026-01-24","created-proxy","10.1016/j.jag.2026.105094","https://doi.org/10.1016/j.jag.2026.105094","no","遥感视觉与影像分析","LiDAR | hyperspectral","遥感与地球观测数据","LiDAR | hyperspectral","","","Must match at least one method_family keyword in Crossref title or abstract"
"2026-01","遥感与地球观测","International Journal of Applied Earth Observation and Geoinformation","JAG","1569-8432","A universal method combining spectral index and machine learning for monitoring onshore gas flaring from Sentinel-2 MSI images","2026-01-28","created-proxy","10.1016/j.jag.2026.105130","https://doi.org/10.1016/j.jag.2026.105130","no","机器学习","machine learning","遥感与地球观测数据","Sentinel","","","Must match at least one method_family keyword in Crossref title or abstract"
"2026-01","遥感与地球观测","International Journal of Applied Earth Observation and Geoinformation","JAG","1569-8432","DreamCD: A change-label-free framework for change detection via a weakly conditional semantic diffusion model in optical VHR imagery","2026-01-29","created-proxy","10.1016/j.jag.2026.105125","https://doi.org/10.1016/j.jag.2026.105125","no","时序与时空建模","change detection","","","","","Must match at least one method_family keyword in Crossref title or abstract"
"2026-01","遥感与地球观测","International Journal of Applied Earth Observation and Geoinformation","JAG","1569-8432","A dual pixel-level and subpatch-level network with cross-temporal super resolution for change detection across spatial resolutions","2026-01-30","created-proxy","10.1016/j.jag.2026.105134","https://doi.org/10.1016/j.jag.2026.105134","no","时序与时空建模","change detection","","","","","Must match at least one method_family keyword in Crossref title or abstract"
"2026-01","遥感与地球观测","International Journal of Applied Earth Observation and Geoinformation","JAG","1569-8432","High-Resolution (0.9 m) terrace mapping in Low-Latitude hilly regions using deep learning and Area–Slope Denoising: A case study from Guangdong Province, China","2026-01-30","created-proxy","10.1016/j.jag.2026.105126","https://doi.org/10.1016/j.jag.2026.105126","no","深度学习与神经网络","deep learning","","","","","Must match at least one method_family keyword in Crossref title or abstract"
"2026-01","遥感与地球观测","International Journal of Applied Earth Observation and Geoinformation","JAG","1569-8432","KFIA-Net: a knowledge fusion and imbalance-aware network for multi-category SAR ship detection","2026-01-30","created-proxy","10.1016/j.jag.2026.105127","https://doi.org/10.1016/j.jag.2026.105127","no","遥感视觉与影像分析","SAR","遥感与地球观测数据","SAR","","","Must match at least one method_family keyword in Crossref title or abstract"
"2026-01","遥感与地球观测","International Journal of Applied Earth Observation and Geoinformation","JAG","1569-8432","Quad-pol reconstruction of dual-pol SAR data via a physically constrained diffusion model for building damage assessment","2026-01-30","created-proxy","10.1016/j.jag.2026.105132","https://doi.org/10.1016/j.jag.2026.105132","no","遥感视觉与影像分析","SAR","遥感与地球观测数据","SAR","","","Must match at least one method_family keyword in Crossref title or abstract"
"2026-01","数字地球与地理信息","International Journal of Digital Earth","IJDE","1753-8955","Estimating monthly China XCO 2 based on DQ-1 data and spatiotemporal heterogeneous filtering model","2026-01-02","published","10.1080/17538947.2026.2668778","https://doi.org/10.1080/17538947.2026.2668778","no","时序与时空建模","spatiotemporal","","","","","Must match at least one method_family keyword in Crossref title or abstract"
"2026-01","数字地球与地理信息","International Journal of Digital Earth","IJDE","1753-8955","From pixels to perception: fine-tuning vision-language models for semantic urban perception","2026-01-02","published","10.1080/17538947.2026.2677402","https://doi.org/10.1080/17538947.2026.2677402","no","GeoAI 与基础模型","vision-language model","","","","","Must match at least one method_family keyword in Crossref title or abstract"
"2026-01","数字地球与地理信息","International Journal of Digital Earth","IJDE","1753-8955","Identification and tracking of heat and cold cores in highly urbanized areas: spatiotemporal characteristics and evolutionary patterns","2026-01-16","published-online","10.1080/17538947.2026.2616889","https://doi.org/10.1080/17538947.2026.2616889","no","时序与时空建模","spatiotemporal","","","环境监测与灾害风险","heat","Must match at least one method_family keyword in Crossref title or abstract"
"2026-01","数字地球与地理信息","International Journal of Digital Earth","IJDE","1753-8955","BECSL: boundary-enhanced consistency semi-supervised learning model for water extraction from remote sensing images","2026-01-18","published-online","10.1080/17538947.2026.2616983","https://doi.org/10.1080/17538947.2026.2616983","no","机器学习","supervised learning","遥感与地球观测数据","remote sensing","","","Must match at least one method_family keyword in Crossref title or abstract"
"2026-01","数字地球与地理信息","International Journal of Digital Earth","IJDE","1753-8955","Mapping rice paddy and cropping intensity by integrating phenology, machine learning, and multi-source satellite images in East and Southeast Asia","2026-01-18","published-online","10.1080/17538947.2026.2616932","https://doi.org/10.1080/17538947.2026.2616932","no","机器学习","machine learning","","","","","Must match at least one method_family keyword in Crossref title or abstract"
"2026-01","数字地球与地理信息","International Journal of Digital Earth","IJDE","1753-8955","MVSE-3D: multi-view semantic edge optimization for precision recovery of 3D building geometry","2026-01-21","published-online","10.1080/17538947.2026.2616991","https://doi.org/10.1080/17538947.2026.2616991","no","仿真、优化与强化学习","optimization","","","","","Must match at least one method_family keyword in Crossref title or abstract"
"2026-01","数字地球与地理信息","International Journal of Digital Earth","IJDE","1753-8955","Explainable GeoAI reveals spatially varying and nonlinear associations of PM 2.5 pollution with driving factors in Chinese cities from 2015 to 2022","2026-01-26","published-online","10.1080/17538947.2026.2620872","https://doi.org/10.1080/17538947.2026.2620872","no","GeoAI 与基础模型","GeoAI","","","","","Must match at least one method_family keyword in Crossref title or abstract"
"2026-01","数字地球与地理信息","International Journal of Digital Earth","IJDE","1753-8955","Improving interpretability of mangrove aboveground biomass modeling via ecological knowledge: machine learning based hierarchical models","2026-01-27","published-online","10.1080/17538947.2026.2620197","https://doi.org/10.1080/17538947.2026.2620197","no","机器学习","machine learning","","","","","Must match at least one method_family keyword in Crossref title or abstract"
"2026-01","数字地球与地理信息","International Journal of Digital Earth","IJDE","1753-8955","Identifying long-term winter wheat planting areas using decision tree-derived ensemble learning models and multi-source data","2026-01-28","published-online","10.1080/17538947.2026.2620858","https://doi.org/10.1080/17538947.2026.2620858","no","机器学习","ensemble learning","","","","","Must match at least one method_family keyword in Crossref title or abstract"
"2026-01","地理信息科学","International Journal of Geographical Information Science","IJGIS","1365-8816","GeoAI collapse? Ethical implications of synthetic geospatial data use","2026-01-05","published-online","10.1080/13658816.2025.2609806","https://doi.org/10.1080/13658816.2025.2609806","no","GeoAI 与基础模型","GeoAI","","","","","Must match at least one method_family keyword in Crossref title or abstract"
"2026-01","地理信息科学","International Journal of Geographical Information Science","IJGIS","1365-8816","A scalable graph transformer for large-scale landslide susceptibility mapping: a case study in the Upper Yellow River Basin","2026-01-08","published-online","10.1080/13658816.2025.2611986","https://doi.org/10.1080/13658816.2025.2611986","no","深度学习与神经网络 | 图模型与网络方法","transformer | graph","","","环境监测与灾害风险","landslide","Must match at least one method_family keyword in Crossref title or abstract"
"2026-01","地理信息科学","International Journal of Geographical Information Science","IJGIS","1365-8816","Spatiotemporal adaptive multiscale transformer for prediction","2026-01-08","published-online","10.1080/13658816.2025.2602536","https://doi.org/10.1080/13658816.2025.2602536","no","深度学习与神经网络 | 时序与时空建模","transformer | spatiotemporal","","","","","Must match at least one method_family keyword in Crossref title or abstract"
"2026-01","地理信息科学","International Journal of Geographical Information Science","IJGIS","1365-8816","Quantification and reduction of spatially induced uncertainty in spatial optimization via deep reinforcement learning","2026-01-12","published-online","10.1080/13658816.2025.2611984","https://doi.org/10.1080/13658816.2025.2611984","no","仿真、优化与强化学习","optimization | reinforcement learning","","","","","Must match at least one method_family keyword in Crossref title or abstract"
"2026-01","地理信息科学","International Journal of Geographical Information Science","IJGIS","1365-8816","Modeling dynamic urban land-use change with geographical cellular automata and generalized pattern search-optimized rules","2026-01-20","created-proxy","10.1080/13658816.2017.1287368","https://doi.org/10.1080/13658816.2017.1287368","no","仿真、优化与强化学习","cellular automata","","","","","Must match at least one method_family keyword in Crossref title or abstract"
"2026-01","地理信息科学","International Journal of Geographical Information Science","IJGIS","1365-8816","SpatialCausal : a spatially-aware causal inference deep learning model for out-of-hospital cardiac arrest survival prediction","2026-01-20","published-online","10.1080/13658816.2025.2611981","https://doi.org/10.1080/13658816.2025.2611981","no","深度学习与神经网络 | 因果推断与准实验","deep learning | causal inference","","","","","Must match at least one method_family keyword in Crossref title or abstract"
"2026-01","地理信息科学","International Journal of Geographical Information Science","IJGIS","1365-8816","Georeferencing complex relative locality descriptions with large language models","2026-01-21","published-online","10.1080/13658816.2026.2613291","https://doi.org/10.1080/13658816.2026.2613291","no","GeoAI 与基础模型","large language model","","","","","Must match at least one method_family keyword in Crossref title or abstract"
"2026-01","地理信息科学","International Journal of Geographical Information Science","IJGIS","1365-8816","GeoAI research in transition: thematic structures, temporal evolution and method–domain linkages","2026-01-26","published-online","10.1080/13658816.2026.2617348","https://doi.org/10.1080/13658816.2026.2617348","no","GeoAI 与基础模型","GeoAI","","","","","Must match at least one method_family keyword in Crossref title or abstract"
"2026-01","地理信息科学","International Journal of Geographical Information Science","IJGIS","1365-8816","Predicting risks of hemorrhagic fever with renal syndrome using a Bayesian spatiotemporal hierarchical model","2026-01-26","published-online","10.1080/13658816.2026.2617938","https://doi.org/10.1080/13658816.2026.2617938","no","时序与时空建模","spatiotemporal","","","","","Must match at least one method_family keyword in Crossref title or abstract"
"2026-01","地理信息科学","ISPRS International Journal of Geo-Information","IJGI","2220-9964","Comparative Assessment of Quantitative Landslide Susceptibility Mapping Using Feature Selection Techniques","2026-01-01","published-online","10.3390/ijgi15010020","https://doi.org/10.3390/ijgi15010020","yes","机器学习 | 仿真、优化与强化学习","feature selection | optimization","","","环境监测与灾害风险","landslide","Must match at least one method_family keyword in Crossref title or abstract"
"2026-01","地理信息科学","ISPRS International Journal of Geo-Information","IJGI","2220-9964","Dynamic Evaluation of Urban Park Service Performance from the Perspective of “Vitality-Demand-Supply”: A Case Study of 59 Parks in Gongshu District, Hangzhou","2026-01-01","published-online","10.3390/ijgi15010021","https://doi.org/10.3390/ijgi15010021","yes","时序与时空建模","spatiotemporal","","","时间尺度与动态过程 | 环境监测与灾害风险","temporal dynamics | heat","Must match at least one method_family keyword in Crossref title or abstract"
"2026-01","地理信息科学","ISPRS International Journal of Geo-Information","IJGI","2220-9964","A Method for Recognizing I-Shaped Building Patterns Utilizing Multi-Scale Data and Knowledge Graph","2026-01-04","published-online","10.3390/ijgi15010023","https://doi.org/10.3390/ijgi15010023","yes","图模型与网络方法","graph | knowledge graph","","","","","Must match at least one method_family keyword in Crossref title or abstract"
"2026-01","地理信息科学","ISPRS International Journal of Geo-Information","IJGI","2220-9964","Robust Geometry–Hue Point Cloud Registration via Hybrid Adaptive Residual Optimization","2026-01-04","published-online","10.3390/ijgi15010022","https://doi.org/10.3390/ijgi15010022","yes","仿真、优化与强化学习 | 遥感视觉与影像分析","optimization | point cloud","","","","","Must match at least one method_family keyword in Crossref title or abstract"
"2026-01","地理信息科学","ISPRS International Journal of Geo-Information","IJGI","2220-9964","Indoor UAV 3D Localization Using 5G CSI Fingerprinting","2026-01-05","published-online","10.3390/ijgi15010024","https://doi.org/10.3390/ijgi15010024","yes","深度学习与神经网络","neural network | convolutional neural network","遥感与地球观测数据 | 轨迹与移动性数据","UAV | trajectory","","","Must match at least one method_family keyword in Crossref title or abstract"
"2026-01","地理信息科学","ISPRS International Journal of Geo-Information","IJGI","2220-9964","Intelligent Retrieval Method for Geospatial Data Aimed at Data Trading","2026-01-05","published-online","10.3390/ijgi15010026","https://doi.org/10.3390/ijgi15010026","yes","GeoAI 与基础模型 | 图模型与网络方法","large language model | graph | knowledge graph","","","","","Must match at least one method_family keyword in Crossref title or abstract"
"2026-01","地理信息科学","ISPRS International Journal of Geo-Information","IJGI","2220-9964","Uncovering Fishing Area Patterns Using Convolutional Autoencoder and Gaussian Mixture Model on VIIRS Nighttime Imagery","2026-01-05","published-online","10.3390/ijgi15010025","https://doi.org/10.3390/ijgi15010025","yes","GeoAI 与基础模型 | 机器学习 | 深度学习与神经网络 | 时序与时空建模","GeoAI | machine learning | clustering | autoencoder | spatiotemporal","遥感与地球观测数据","satellite imagery","","","Must match at least one method_family keyword in Crossref title or abstract"
"2026-01","地理信息科学","ISPRS International Journal of Geo-Information","IJGI","2220-9964","A Knowledge Graph-Guided and Multimodal Data Fusion-Driven Rapid Modeling Method for Digital Twin Scenes: A Case Study of Bridge Tower Construction","2026-01-06","published-online","10.3390/ijgi15010027","https://doi.org/10.3390/ijgi15010027","yes","图模型与网络方法 | 遥感视觉与影像分析","graph | knowledge graph | point cloud","基础地理与城市数据库","DEM","","","Must match at least one method_family keyword in Crossref title or abstract"
"2026-01","地理信息科学","ISPRS International Journal of Geo-Information","IJGI","2220-9964","Language-Guided Spatio-Temporal Context Learning for Next POI Recommendation","2026-01-06","published-online","10.3390/ijgi15010028","https://doi.org/10.3390/ijgi15010028","yes","GeoAI 与基础模型 | 深度学习与神经网络 | 图模型与网络方法 | 时序与时空建模","contrastive learning | transformer | graph | spatio-temporal","街景、社交感知与众包数据","check-in | POI","","","Must match at least one method_family keyword in Crossref title or abstract"
"2026-01","地理信息科学","ISPRS International Journal of Geo-Information","IJGI","2220-9964","Usability Assessment Framework for Crowdsensing Data and the Implicit Spatiotemporal Information","2026-01-07","published-online","10.3390/ijgi15010029","https://doi.org/10.3390/ijgi15010029","yes","图模型与网络方法 | 时序与时空建模","graph | knowledge graph | spatiotemporal","轨迹与移动性数据 | 传感器与物联网数据","trajectory | IoT","","","Must match at least one method_family keyword in Crossref title or abstract"
"2026-01","地理信息科学","ISPRS International Journal of Geo-Information","IJGI","2220-9964","GeoAI in Temperature Correction for Rice Heat Stress Monitoring with Geostationary Meteorological Satellites","2026-01-08","published-online","10.3390/ijgi15010031","https://doi.org/10.3390/ijgi15010031","yes","GeoAI 与基础模型 | 机器学习 | 时序与时空建模","GeoAI | random forest | XGBoost | LightGBM | ensemble learning | spatiotemporal","基础地理与城市数据库","DEM | digital elevation model","环境监测与灾害风险","heat","Must match at least one method_family keyword in Crossref title or abstract"
"2026-01","地理信息科学","ISPRS International Journal of Geo-Information","IJGI","2220-9964","Geospatial Knowledge-Base Question Answering Using Multi-Agent Systems","2026-01-08","published-online","10.3390/ijgi15010035","https://doi.org/10.3390/ijgi15010035","yes","GeoAI 与基础模型","geospatial artificial intelligence | large language model | LLM","基础地理与城市数据库","OSM","","","Must match at least one method_family keyword in Crossref title or abstract"
"2026-01","地理信息科学","ISPRS International Journal of Geo-Information","IJGI","2220-9964","High-Spatiotemporal-Resolution Population Distribution Estimation Based on the Strong and Weak Perception of Population Activity Patterns","2026-01-08","published-online","10.3390/ijgi15010034","https://doi.org/10.3390/ijgi15010034","yes","时序与时空建模","spatiotemporal","","","空间尺度、依赖与异质性 | 时间尺度与动态过程","spatial heterogeneity | temporal dynamics","Must match at least one method_family keyword in Crossref title or abstract"
"2026-01","地理信息科学","ISPRS International Journal of Geo-Information","IJGI","2220-9964","Integrated Revealing GIS Models to Monitor, Understand and Foresee the Spread of Diseases and Support Emergency Response","2026-01-08","published-online","10.3390/ijgi15010032","https://doi.org/10.3390/ijgi15010032","yes","时序与时空建模","spatio-temporal","","","","","Must match at least one method_family keyword in Crossref title or abstract"
"2026-01","地理信息科学","ISPRS International Journal of Geo-Information","IJGI","2220-9964","Low-Cost Deep Learning for Building Detection with Application to Informal Urban Planning","2026-01-09","published-online","10.3390/ijgi15010036","https://doi.org/10.3390/ijgi15010036","yes","深度学习与神经网络","deep learning | neural network | U-Net","","","","","Must match at least one method_family keyword in Crossref title or abstract"
"2026-01","地理信息科学","ISPRS International Journal of Geo-Information","IJGI","2220-9964","Rule-Based Scenario Classification Using Vehicle Trajectories","2026-01-11","published-online","10.3390/ijgi15010037","https://doi.org/10.3390/ijgi15010037","yes","机器学习 | 仿真、优化与强化学习","classification | simulation","轨迹与移动性数据","trajectory","","","Must match at least one method_family keyword in Crossref title or abstract"
"2026-01","地理信息科学","ISPRS International Journal of Geo-Information","IJGI","2220-9964","Conceptual Neighborhood Graphs of Discrete Time Intervals","2026-01-12","published-online","10.3390/ijgi15010039","https://doi.org/10.3390/ijgi15010039","yes","时序与时空建模 | 仿真、优化与强化学习","spatio-temporal | simulation","","","城市、区域与空间结构","neighborhood","Must match at least one method_family keyword in Crossref title or abstract"
"2026-01","地理信息科学","ISPRS International Journal of Geo-Information","IJGI","2220-9964","Spatiotemporal Heterogeneity Analysis of Net Primary Productivity in Nanjing’s Urban Green Spaces Based on the DLCC–NPP Model: A Long-Term and Multi-Scenario Approach","2026-01-12","published-online","10.3390/ijgi15010038","https://doi.org/10.3390/ijgi15010038","yes","机器学习 | 时序与时空建模 | 仿真、优化与强化学习","random forest | spatiotemporal | scenario analysis","基础地理与城市数据库","land use | land cover","环境监测与灾害风险","climate","Must match at least one method_family keyword in Crossref title or abstract"
"2026-01","地理信息科学","ISPRS International Journal of Geo-Information","IJGI","2220-9964","Dynamic Measurement and Equity Analysis of Walking Accessibility in Primary Healthcare Institutions Under Diverse Supply–Demand Scenarios: Evidence from Shenyang","2026-01-13","published-online","10.3390/ijgi15010040","https://doi.org/10.3390/ijgi15010040","yes","时序与时空建模","spatiotemporal","","","时间尺度与动态过程","temporal dynamics","Must match at least one method_family keyword in Crossref title or abstract"
"2026-01","地理信息科学","ISPRS International Journal of Geo-Information","IJGI","2220-9964","Spatiotemporal Imbalances in Dockless Bike-Sharing Usage: Evidence from Shanghai","2026-01-14","published-online","10.3390/ijgi15010041","https://doi.org/10.3390/ijgi15010041","yes","图模型与网络方法 | 时序与时空建模","road network | spatiotemporal","基础地理与城市数据库","road network","城市、区域与空间结构","city","Must match at least one method_family keyword in Crossref title or abstract"
"2026-01","地理信息科学","ISPRS International Journal of Geo-Information","IJGI","2220-9964","Pedestrian Trajectory Prediction Based on Delaunay Triangulation and Density-Adaptive Higher-Order Graph Convolutional Network","2026-01-15","published-online","10.3390/ijgi15010042","https://doi.org/10.3390/ijgi15010042","yes","深度学习与神经网络 | 图模型与网络方法 | 空间交互与移动性模型","neural network | graph | graph neural network | graph convolutional network | GCN | spatial graph | spatial interaction","轨迹与移动性数据","trajectory","空间尺度、依赖与异质性","adjacency","Must match at least one method_family keyword in Crossref title or abstract"
"2026-01","地理信息科学","ISPRS International Journal of Geo-Information","IJGI","2220-9964","Data–Knowledge Collaborative Learning Framework for Cellular Traffic Forecasting via Enhanced Correlation Modeling","2026-01-16","published-online","10.3390/ijgi15010043","https://doi.org/10.3390/ijgi15010043","yes","深度学习与神经网络 | 图模型与网络方法 | 时序与时空建模","neural network | graph | knowledge graph | spatio-temporal | forecasting","轨迹与移动性数据","human mobility","","","Must match at least one method_family keyword in Crossref title or abstract"
"2026-01","地理信息科学","ISPRS International Journal of Geo-Information","IJGI","2220-9964","Flood Susceptibility and Risk Assessment in Myanmar Using Multi-Source Remote Sensing and Interpretable Ensemble Machine Learning Model","2026-01-19","published-online","10.3390/ijgi15010045","https://doi.org/10.3390/ijgi15010045","yes","机器学习","machine learning | gradient boosting | XGBoost | LightGBM","遥感与地球观测数据 | 基础地理与城市数据库","remote sensing | DEM | digital elevation model","环境监测与灾害风险","disaster | flood | exposure","Must match at least one method_family keyword in Crossref title or abstract"
"2026-01","地理信息科学","ISPRS International Journal of Geo-Information","IJGI","2220-9964","A Machine Learning Approach Using Spatially Explicit K-Nearest Neighbors for House Price Predictions","2026-01-21","published-online","10.3390/ijgi15010046","https://doi.org/10.3390/ijgi15010046","yes","机器学习 | 深度学习与神经网络 | 空间统计与空间计量","machine learning | neural network | artificial neural network | spatial autocorrelation","","","空间尺度、依赖与异质性","spatial dependence","Must match at least one method_family keyword in Crossref title or abstract"
"2026-01","地理信息科学","ISPRS International Journal of Geo-Information","IJGI","2220-9964","Altitudinal Gradient and Influencing Factors of Carbon Storage in the Gonghe Basin of the Qinghai–Tibet Plateau","2026-01-21","published-online","10.3390/ijgi15010048","https://doi.org/10.3390/ijgi15010048","yes","时序与时空建模","spatiotemporal","基础地理与城市数据库","DEM | land use","环境监测与灾害风险","climate","Must match at least one method_family keyword in Crossref title or abstract"
"2026-01","地理信息科学","ISPRS International Journal of Geo-Information","IJGI","2220-9964","Spatiotemporal Evolution and Differentiation of Building Stock in Tanzania over 45 Years (1975–2020)","2026-01-21","published-online","10.3390/ijgi15010049","https://doi.org/10.3390/ijgi15010049","yes","图模型与网络方法 | 空间统计与空间计量 | 时序与时空建模","road network | hotspot analysis | spatiotemporal","基础地理与城市数据库","road network","","","Must match at least one method_family keyword in Crossref title or abstract"
"2026-01","地理信息科学","ISPRS International Journal of Geo-Information","IJGI","2220-9964","An Operational Ethical Framework for GeoAI: A PRISMA-Based Systematic Review of International Policy and Scholarly Literature","2026-01-22","published-online","10.3390/ijgi15010051","https://doi.org/10.3390/ijgi15010051","yes","GeoAI 与基础模型 | 空间统计与空间计量","GeoAI | geospatial artificial intelligence | spatial autocorrelation","遥感与地球观测数据","remote sensing","","","Must match at least one method_family keyword in Crossref title or abstract"
"2026-01","地理信息科学","ISPRS International Journal of Geo-Information","IJGI","2220-9964","BD-GNN: Integrating Spatial and Administrative Boundaries in Property Valuation Using Graph Neural Networks","2026-01-23","published-online","10.3390/ijgi15020052","https://doi.org/10.3390/ijgi15020052","yes","深度学习与神经网络 | 图模型与网络方法","neural network | graph | graph neural network | GNN","","","城市、区域与空间结构","neighborhood","Must match at least one method_family keyword in Crossref title or abstract"
"2026-01","地理信息科学","ISPRS International Journal of Geo-Information","IJGI","2220-9964","A Spatial Statistics Methodology for Inspector Allocation Against Fare Evasion","2026-01-24","published-online","10.3390/ijgi15020053","https://doi.org/10.3390/ijgi15020053","yes","空间统计与空间计量","spatial statistics | geographically weighted regression | GWR","","","城市、区域与空间结构","city","Must match at least one method_family keyword in Crossref title or abstract"
"2026-01","地理信息科学","ISPRS International Journal of Geo-Information","IJGI","2220-9964","An Integrated GIS–AHP–Sensitivity Analysis Framework for Electric Vehicle Charging Station Site Suitability in Qatar","2026-01-25","published-online","10.3390/ijgi15020054","https://doi.org/10.3390/ijgi15020054","yes","图模型与网络方法","road network","基础地理与城市数据库","road network","环境监测与灾害风险","climate","Must match at least one method_family keyword in Crossref title or abstract"
"2026-01","地理信息科学","ISPRS International Journal of Geo-Information","IJGI","2220-9964","Spatial and Temporal Analysis of Climatic Zones in Kazakhstan Using Google Earth Engine","2026-01-26","published-online","10.3390/ijgi15020057","https://doi.org/10.3390/ijgi15020057","yes","机器学习 | 时序与时空建模","classification | temporal analysis","","","环境监测与灾害风险","climate","Must match at least one method_family keyword in Crossref title or abstract"
"2026-01","地理信息科学","ISPRS International Journal of Geo-Information","IJGI","2220-9964","Understanding the Internal Structure of Daily Activity Space from Anchor Regions: Evidence from Long-Time-Series Mobile Signaling Data","2026-01-26","published-online","10.3390/ijgi15020056","https://doi.org/10.3390/ijgi15020056","yes","机器学习 | 空间统计与空间计量 | 时序与时空建模","clustering | spatial clustering | spatiotemporal","","","","","Must match at least one method_family keyword in Crossref title or abstract"
"2026-01","地理信息科学","ISPRS International Journal of Geo-Information","IJGI","2220-9964","Analysis of Using Machine Learning Application Possibilities for the Detection and Classification of Topographic Objects","2026-01-27","published-online","10.3390/ijgi15020059","https://doi.org/10.3390/ijgi15020059","yes","机器学习 | 深度学习与神经网络 | 遥感视觉与影像分析","machine learning | classification | SVM | deep learning | CNN | U-Net | ResNet | point cloud | LiDAR","遥感与地球观测数据","remote sensing | satellite imagery | LiDAR","","","Must match at least one method_family keyword in Crossref title or abstract"
"2026-01","地理信息科学","ISPRS International Journal of Geo-Information","IJGI","2220-9964","Correction: Cheng et al. Population Distribution Forecasting Based on the Fusion of Spatiotemporal Basic and External Features: A Case Study of Lujiazui Financial District. ISPRS Int. J. Geo-Inf. 2024, 13, 395","2026-01-27","published-online","10.3390/ijgi15020058","https://doi.org/10.3390/ijgi15020058","yes","时序与时空建模","spatiotemporal | forecasting","","","","","Must match at least one method_family keyword in Crossref title or abstract"
"2026-01","地理信息科学","ISPRS International Journal of Geo-Information","IJGI","2220-9964","Visual Localization Algorithm with Dynamic Point Removal Based on Multi-Modal Information Association","2026-01-30","published-online","10.3390/ijgi15020060","https://doi.org/10.3390/ijgi15020060","yes","机器学习 | 遥感视觉与影像分析","clustering | point cloud | LiDAR","遥感与地球观测数据","LiDAR","","","Must match at least one method_family keyword in Crossref title or abstract"
"2026-01","摄影测量与遥感","ISPRS Journal of Photogrammetry and Remote Sensing","P&RS","0924-2716","A differentiable method for novel view SAR image generation via 3D Gaussian Splatting","2026-01-01","published","10.1016/j.isprsjprs.2025.10.034","https://doi.org/10.1016/j.isprsjprs.2025.10.034","no","遥感视觉与影像分析","SAR","遥感与地球观测数据","SAR","","","Must match at least one method_family keyword in Crossref title or abstract"
"2026-01","摄影测量与遥感","ISPRS Journal of Photogrammetry and Remote Sensing","P&RS","0924-2716","A least-squares spatio-temporal adjustment algorithm (LSSTAA) for radiometric normalization of PlanetScope time series","2026-01-01","published","10.1016/j.isprsjprs.2025.10.030","https://doi.org/10.1016/j.isprsjprs.2025.10.030","no","时序与时空建模","spatio-temporal | time series","","","","","Must match at least one method_family keyword in Crossref title or abstract"
"2026-01","摄影测量与遥感","ISPRS Journal of Photogrammetry and Remote Sensing","P&RS","0924-2716","A novel method for remote sensing phycocyanin leveraging optical classification and an integrated machine learning algorithm","2026-01-01","published","10.1016/j.isprsjprs.2025.10.028","https://doi.org/10.1016/j.isprsjprs.2025.10.028","no","机器学习","machine learning | classification","遥感与地球观测数据","remote sensing","","","Must match at least one method_family keyword in Crossref title or abstract"
"2026-01","摄影测量与遥感","ISPRS Journal of Photogrammetry and Remote Sensing","P&RS","0924-2716","A speckle noise filtering method based on quantum–classical feature fusion neural networks with Monte Carlo Tree Search","2026-01-01","published","10.1016/j.isprsjprs.2025.10.038","https://doi.org/10.1016/j.isprsjprs.2025.10.038","no","深度学习与神经网络","neural network","","","","","Must match at least one method_family keyword in Crossref title or abstract"
"2026-01","摄影测量与遥感","ISPRS Journal of Photogrammetry and Remote Sensing","P&RS","0924-2716","A survey of publicly available multi-temporal point cloud datasets","2026-01-01","published","10.1016/j.isprsjprs.2025.11.003","https://doi.org/10.1016/j.isprsjprs.2025.11.003","no","遥感视觉与影像分析","point cloud","","","","","Must match at least one method_family keyword in Crossref title or abstract"
"2026-01","摄影测量与遥感","ISPRS Journal of Photogrammetry and Remote Sensing","P&RS","0924-2716","Advancing image super-resolution techniques in remote sensing: A comprehensive survey","2026-01-01","published","10.1016/j.isprsjprs.2025.10.024","https://doi.org/10.1016/j.isprsjprs.2025.10.024","no","遥感视觉与影像分析","super-resolution","遥感与地球观测数据","remote sensing","","","Must match at least one method_family keyword in Crossref title or abstract"
"2026-01","摄影测量与遥感","ISPRS Journal of Photogrammetry and Remote Sensing","P&RS","0924-2716","ARSGaussian: 3D Gaussian Splatting with LiDAR for aerial remote sensing novel view synthesis","2026-01-01","published","10.1016/j.isprsjprs.2025.10.022","https://doi.org/10.1016/j.isprsjprs.2025.10.022","no","遥感视觉与影像分析","LiDAR","遥感与地球观测数据","remote sensing | LiDAR","","","Must match at least one method_family keyword in Crossref title or abstract"
"2026-01","摄影测量与遥感","ISPRS Journal of Photogrammetry and Remote Sensing","P&RS","0924-2716","Benchmarking tree instance segmentation of terrestrial laser scanning point clouds","2026-01-01","published","10.1016/j.isprsjprs.2025.10.033","https://doi.org/10.1016/j.isprsjprs.2025.10.033","no","遥感视觉与影像分析","instance segmentation | point cloud","","","","","Must match at least one method_family keyword in Crossref title or abstract"
"2026-01","摄影测量与遥感","ISPRS Journal of Photogrammetry and Remote Sensing","P&RS","0924-2716","Beyond static imaging: A dynamic decision paradigm for robust array-SAR in diverse sensing scenarios","2026-01-01","published","10.1016/j.isprsjprs.2025.11.023","https://doi.org/10.1016/j.isprsjprs.2025.11.023","no","遥感视觉与影像分析","SAR","遥感与地球观测数据","SAR","","","Must match at least one method_family keyword in Crossref title or abstract"
"2026-01","摄影测量与遥感","ISPRS Journal of Photogrammetry and Remote Sensing","P&RS","0924-2716","Bias-aware learning for unbiased scene graph generation in remote sensing imagery","2026-01-01","published","10.1016/j.isprsjprs.2025.11.009","https://doi.org/10.1016/j.isprsjprs.2025.11.009","no","图模型与网络方法","graph","遥感与地球观测数据","remote sensing","","","Must match at least one method_family keyword in Crossref title or abstract"
"2026-01","摄影测量与遥感","ISPRS Journal of Photogrammetry and Remote Sensing","P&RS","0924-2716","Bundle adjustment-based co-registration with high geolocation accuracy for UAV photogrammetry","2026-01-01","published","10.1016/j.isprsjprs.2025.11.014","https://doi.org/10.1016/j.isprsjprs.2025.11.014","no","遥感视觉与影像分析","photogrammetry","遥感与地球观测数据","UAV","","","Must match at least one method_family keyword in Crossref title or abstract"
"2026-01","摄影测量与遥感","ISPRS Journal of Photogrammetry and Remote Sensing","P&RS","0924-2716","Compact-pol to quad-pol SAR reconstruction via a joint mathematical-physical-constrained multimodal correlation-preserving latent diffusion framework","2026-01-01","published","10.1016/j.isprsjprs.2025.11.005","https://doi.org/10.1016/j.isprsjprs.2025.11.005","no","遥感视觉与影像分析","SAR","遥感与地球观测数据","SAR","","","Must match at least one method_family keyword in Crossref title or abstract"
"2026-01","摄影测量与遥感","ISPRS Journal of Photogrammetry and Remote Sensing","P&RS","0924-2716","Complex-valued mix transformer for SAR ship detection","2026-01-01","published","10.1016/j.isprsjprs.2025.10.018","https://doi.org/10.1016/j.isprsjprs.2025.10.018","no","深度学习与神经网络 | 遥感视觉与影像分析","transformer | SAR","遥感与地球观测数据","SAR","","","Must match at least one method_family keyword in Crossref title or abstract"
"2026-01","摄影测量与遥感","ISPRS Journal of Photogrammetry and Remote Sensing","P&RS","0924-2716","Corn yield estimation under extreme climate stress with knowledge-encoded deep learning","2026-01-01","published","10.1016/j.isprsjprs.2025.10.020","https://doi.org/10.1016/j.isprsjprs.2025.10.020","no","深度学习与神经网络","deep learning","","","环境监测与灾害风险","climate","Must match at least one method_family keyword in Crossref title or abstract"
"2026-01","摄影测量与遥感","ISPRS Journal of Photogrammetry and Remote Sensing","P&RS","0924-2716","Denoising VIIRS and Sentinel-2 MSI ocean color imagery for improved floating algae monitoring using noise-simulation-aided deep learning","2026-01-01","published","10.1016/j.isprsjprs.2025.10.019","https://doi.org/10.1016/j.isprsjprs.2025.10.019","no","深度学习与神经网络 | 仿真、优化与强化学习","deep learning | simulation","遥感与地球观测数据","Sentinel","","","Must match at least one method_family keyword in Crossref title or abstract"
"2026-01","摄影测量与遥感","ISPRS Journal of Photogrammetry and Remote Sensing","P&RS","0924-2716","Enhancing snow depth estimation in forested regions of the northern hemisphere: A physically-constrained machine learning approach with spatiotemporal dynamics","2026-01-01","published","10.1016/j.isprsjprs.2025.11.006","https://doi.org/10.1016/j.isprsjprs.2025.11.006","no","机器学习 | 时序与时空建模","machine learning | spatiotemporal","","","时间尺度与动态过程","temporal dynamics","Must match at least one method_family keyword in Crossref title or abstract"
"2026-01","摄影测量与遥感","ISPRS Journal of Photogrammetry and Remote Sensing","P&RS","0924-2716","High-precision flood change detection with lightweight SAR transformer network and context-aware attention for enriched-diverse and complex flooding scenarios","2026-01-01","published","10.1016/j.isprsjprs.2025.11.011","https://doi.org/10.1016/j.isprsjprs.2025.11.011","no","深度学习与神经网络 | 时序与时空建模 | 遥感视觉与影像分析","transformer | change detection | SAR","遥感与地球观测数据","SAR","环境监测与灾害风险","flood","Must match at least one method_family keyword in Crossref title or abstract"
"2026-01","摄影测量与遥感","ISPRS Journal of Photogrammetry and Remote Sensing","P&RS","0924-2716","Information transmission: Inferring change area from change moment in time series remote sensing images","2026-01-01","published","10.1016/j.isprsjprs.2025.10.032","https://doi.org/10.1016/j.isprsjprs.2025.10.032","no","时序与时空建模","time series","遥感与地球观测数据","remote sensing","","","Must match at least one method_family keyword in Crossref title or abstract"
"2026-01","摄影测量与遥感","ISPRS Journal of Photogrammetry and Remote Sensing","P&RS","0924-2716","ITS-Net: A platform and sensor agnostic 3D deep learning model for individual tree segmentation using aerial LiDAR data","2026-01-01","published","10.1016/j.isprsjprs.2025.11.019","https://doi.org/10.1016/j.isprsjprs.2025.11.019","no","深度学习与神经网络 | 遥感视觉与影像分析","deep learning | LiDAR","遥感与地球观测数据 | 传感器与物联网数据","LiDAR | sensor","","","Must match at least one method_family keyword in Crossref title or abstract"
"2026-01","摄影测量与遥感","ISPRS Journal of Photogrammetry and Remote Sensing","P&RS","0924-2716","Leveraging graph-order scheduling and cascade hashing for fast feature matching of spherical images","2026-01-01","published","10.1016/j.isprsjprs.2025.10.025","https://doi.org/10.1016/j.isprsjprs.2025.10.025","no","图模型与网络方法","graph","","","","","Must match at least one method_family keyword in Crossref title or abstract"
"2026-01","摄影测量与遥感","ISPRS Journal of Photogrammetry and Remote Sensing","P&RS","0924-2716","Mapping subtle-featured oyster rafts with high-resolution imagery and deep learning techniques","2026-01-01","published","10.1016/j.isprsjprs.2025.10.029","https://doi.org/10.1016/j.isprsjprs.2025.10.029","no","深度学习与神经网络","deep learning","","","","","Must match at least one method_family keyword in Crossref title or abstract"
"2026-01","摄影测量与遥感","ISPRS Journal of Photogrammetry and Remote Sensing","P&RS","0924-2716","MHFNet: Multimodal hybrid fusion framework for misaligned SAR-Optical ship detection","2026-01-01","published","10.1016/j.isprsjprs.2025.10.027","https://doi.org/10.1016/j.isprsjprs.2025.10.027","no","遥感视觉与影像分析","SAR","遥感与地球观测数据","SAR","","","Must match at least one method_family keyword in Crossref title or abstract"
"2026-01","摄影测量与遥感","ISPRS Journal of Photogrammetry and Remote Sensing","P&RS","0924-2716","PGVS: A probabilistic graph-theoretic framework for view-graph selection in structure-from-motion","2026-01-01","published","10.1016/j.isprsjprs.2025.11.004","https://doi.org/10.1016/j.isprsjprs.2025.11.004","no","图模型与网络方法","graph","","","","","Must match at least one method_family keyword in Crossref title or abstract"
"2026-01","摄影测量与遥感","ISPRS Journal of Photogrammetry and Remote Sensing","P&RS","0924-2716","Reducing semantic ambiguity in open-vocabulary remote sensing image segmentation via knowledge graph-enhanced class representations","2026-01-01","published","10.1016/j.isprsjprs.2025.11.029","https://doi.org/10.1016/j.isprsjprs.2025.11.029","no","图模型与网络方法 | 遥感视觉与影像分析","graph | knowledge graph | image segmentation","遥感与地球观测数据","remote sensing","","","Must match at least one method_family keyword in Crossref title or abstract"
"2026-01","摄影测量与遥感","ISPRS Journal of Photogrammetry and Remote Sensing","P&RS","0924-2716","SARCLIP: a multimodal foundation framework for SAR imagery via contrastive language-image pre-training","2026-01-01","published","10.1016/j.isprsjprs.2025.10.017","https://doi.org/10.1016/j.isprsjprs.2025.10.017","no","遥感视觉与影像分析","SAR","遥感与地球观测数据","SAR","","","Must match at least one method_family keyword in Crossref title or abstract"
"2026-01","摄影测量与遥感","ISPRS Journal of Photogrammetry and Remote Sensing","P&RS","0924-2716","Seabed-Net: A multi-task network for joint bathymetry estimation and seabed classification from remote sensing imagery in shallow waters","2026-01-01","published","10.1016/j.isprsjprs.2025.11.007","https://doi.org/10.1016/j.isprsjprs.2025.11.007","no","机器学习","classification","遥感与地球观测数据","remote sensing","","","Must match at least one method_family keyword in Crossref title or abstract"
"2026-01","摄影测量与遥感","ISPRS Journal of Photogrammetry and Remote Sensing","P&RS","0924-2716","Self-supervised despeckling based solely on SAR intensity images: A general strategy","2026-01-01","published","10.1016/j.isprsjprs.2025.11.025","https://doi.org/10.1016/j.isprsjprs.2025.11.025","no","遥感视觉与影像分析","SAR","遥感与地球观测数据","SAR","","","Must match at least one method_family keyword in Crossref title or abstract"
"2026-01","摄影测量与遥感","ISPRS Journal of Photogrammetry and Remote Sensing","P&RS","0924-2716","Single-channel SAR GMTI based on pixel-level difference feature extraction network","2026-01-01","published","10.1016/j.isprsjprs.2025.10.037","https://doi.org/10.1016/j.isprsjprs.2025.10.037","no","遥感视觉与影像分析","SAR","遥感与地球观测数据","SAR","","","Must match at least one method_family keyword in Crossref title or abstract"
"2026-01","摄影测量与遥感","ISPRS Journal of Photogrammetry and Remote Sensing","P&RS","0924-2716","Switcher-HNet: A switchable hierarchical network for tree species classification from forest stand to individual tree tasks","2026-01-01","published","10.1016/j.isprsjprs.2025.10.040","https://doi.org/10.1016/j.isprsjprs.2025.10.040","no","机器学习","classification","","","","","Must match at least one method_family keyword in Crossref title or abstract"
"2026-01","摄影测量与遥感","ISPRS Journal of Photogrammetry and Remote Sensing","P&RS","0924-2716","TasselNetV4: A vision foundation model for cross-scene, cross-scale, and cross-species plant counting","2026-01-01","published","10.1016/j.isprsjprs.2025.11.017","https://doi.org/10.1016/j.isprsjprs.2025.11.017","no","GeoAI 与基础模型","foundation model","","","","","Must match at least one method_family keyword in Crossref title or abstract"
"2026-01","摄影测量与遥感","ISPRS Journal of Photogrammetry and Remote Sensing","P&RS","0924-2716","Toward noise-resilient retrieval of land surface temperature and emissivity using airborne thermal infrared hyperspectral imagery","2026-01-01","published","10.1016/j.isprsjprs.2025.10.039","https://doi.org/10.1016/j.isprsjprs.2025.10.039","no","遥感视觉与影像分析","hyperspectral","遥感与地球观测数据","hyperspectral","","","Must match at least one method_family keyword in Crossref title or abstract"
"2026-01","摄影测量与遥感","ISPRS Journal of Photogrammetry and Remote Sensing","P&RS","0924-2716","Towards resolution-arbitrary remote sensing change detection with Spatial-frequency dual domain learning","2026-01-01","published","10.1016/j.isprsjprs.2025.10.023","https://doi.org/10.1016/j.isprsjprs.2025.10.023","no","时序与时空建模","change detection","遥感与地球观测数据","remote sensing","","","Must match at least one method_family keyword in Crossref title or abstract"
"2026-01","摄影测量与遥感","ISPRS Journal of Photogrammetry and Remote Sensing","P&RS","0924-2716","UnravelNet: A backbone for enhanced multi-scale and low-quality feature extraction in remote sensing object detection","2026-01-01","published","10.1016/j.isprsjprs.2025.11.002","https://doi.org/10.1016/j.isprsjprs.2025.11.002","no","遥感视觉与影像分析","object detection","遥感与地球观测数据","remote sensing","","","Must match at least one method_family keyword in Crossref title or abstract"
"2026-01","摄影测量与遥感","ISPRS Journal of Photogrammetry and Remote Sensing","P&RS","0924-2716","Weakly supervised semantic segmentation of SAR images via multi-level pseudo-label fusion","2026-01-01","published","10.1016/j.isprsjprs.2025.11.020","https://doi.org/10.1016/j.isprsjprs.2025.11.020","no","遥感视觉与影像分析","semantic segmentation | SAR","遥感与地球观测数据","SAR","","","Must match at least one method_family keyword in Crossref title or abstract"
"2026-01","摄影测量与遥感","ISPRS Journal of Photogrammetry and Remote Sensing","P&RS","0924-2716","A Spatially Masked Adaptive Gated Network for multimodal post-flood water extent mapping using SAR and incomplete multispectral data","2026-01-05","created-proxy","10.1016/j.isprsjprs.2025.12.023","https://doi.org/10.1016/j.isprsjprs.2025.12.023","no","遥感视觉与影像分析","SAR","遥感与地球观测数据","SAR | multispectral","环境监测与灾害风险","flood","Must match at least one method_family keyword in Crossref title or abstract"
"2026-01","摄影测量与遥感","ISPRS Journal of Photogrammetry and Remote Sensing","P&RS","0924-2716","AEOS: Active Environment-aware Optimal Scanning Control for UAV LiDAR-Inertial Odometry in Complex Scenes","2026-01-05","created-proxy","10.1016/j.isprsjprs.2026.01.006","https://doi.org/10.1016/j.isprsjprs.2026.01.006","no","遥感视觉与影像分析","LiDAR","遥感与地球观测数据","UAV | LiDAR","","","Must match at least one method_family keyword in Crossref title or abstract"
"2026-01","摄影测量与遥感","ISPRS Journal of Photogrammetry and Remote Sensing","P&RS","0924-2716","Uncovering spatial process heterogeneity from graph-based deep spatial regression","2026-01-05","created-proxy","10.1016/j.isprsjprs.2025.12.008","https://doi.org/10.1016/j.isprsjprs.2025.12.008","no","图模型与网络方法 | 空间统计与空间计量","graph | spatial regression","","","","","Must match at least one method_family keyword in Crossref title or abstract"
"2026-01","摄影测量与遥感","ISPRS Journal of Photogrammetry and Remote Sensing","P&RS","0924-2716","Beyond synthetic scenarios: Weakly-supervised super-resolution for spatiotemporally misaligned remote sensing images","2026-01-06","created-proxy","10.1016/j.isprsjprs.2025.12.019","https://doi.org/10.1016/j.isprsjprs.2025.12.019","no","遥感视觉与影像分析","super-resolution","遥感与地球观测数据","remote sensing","","","Must match at least one method_family keyword in Crossref title or abstract"
"2026-01","摄影测量与遥感","ISPRS Journal of Photogrammetry and Remote Sensing","P&RS","0924-2716","An enhanced spatiotemporal prediction method on landslide displacement with LDP-ConvFormer and MT-InSAR observations","2026-01-07","created-proxy","10.1016/j.isprsjprs.2025.12.027","https://doi.org/10.1016/j.isprsjprs.2025.12.027","no","时序与时空建模","spatiotemporal","","","环境监测与灾害风险","landslide","Must match at least one method_family keyword in Crossref title or abstract"
"2026-01","摄影测量与遥感","ISPRS Journal of Photogrammetry and Remote Sensing","P&RS","0924-2716","Mapping land uses following tropical deforestation with location-aware deep learning","2026-01-07","created-proxy","10.1016/j.isprsjprs.2025.12.007","https://doi.org/10.1016/j.isprsjprs.2025.12.007","no","深度学习与神经网络","deep learning","基础地理与城市数据库","land use","","","Must match at least one method_family keyword in Crossref title or abstract"
"2026-01","摄影测量与遥感","ISPRS Journal of Photogrammetry and Remote Sensing","P&RS","0924-2716","Mapping melliferous tree species in Kenya via one-class classification with hyperspectral unsupervised domain adaptation","2026-01-08","created-proxy","10.1016/j.isprsjprs.2025.12.028","https://doi.org/10.1016/j.isprsjprs.2025.12.028","no","GeoAI 与基础模型 | 机器学习 | 遥感视觉与影像分析","domain adaptation | classification | hyperspectral","遥感与地球观测数据","hyperspectral","","","Must match at least one method_family keyword in Crossref title or abstract"
"2026-01","摄影测量与遥感","ISPRS Journal of Photogrammetry and Remote Sensing","P&RS","0924-2716","City-Facade: A city-level large-scale point cloud building facade dataset for semantic & instance segmentation","2026-01-09","created-proxy","10.1016/j.isprsjprs.2026.01.003","https://doi.org/10.1016/j.isprsjprs.2026.01.003","no","遥感视觉与影像分析","instance segmentation | point cloud","","","城市、区域与空间结构","city","Must match at least one method_family keyword in Crossref title or abstract"
"2026-01","摄影测量与遥感","ISPRS Journal of Photogrammetry and Remote Sensing","P&RS","0924-2716","Mamba-CNN hybrid Multi-scale ship detection Network driven by a Dual-perception feature of Doppler and Scattering","2026-01-09","created-proxy","10.1016/j.isprsjprs.2026.01.004","https://doi.org/10.1016/j.isprsjprs.2026.01.004","no","深度学习与神经网络","CNN","","","","","Must match at least one method_family keyword in Crossref title or abstract"
"2026-01","摄影测量与遥感","ISPRS Journal of Photogrammetry and Remote Sensing","P&RS","0924-2716","SmartQSM: a novel quantitative structure model using sparse-convolution-based point cloud contraction for reconstruction and analysis of individual tree architecture","2026-01-10","created-proxy","10.1016/j.isprsjprs.2026.01.011","https://doi.org/10.1016/j.isprsjprs.2026.01.011","no","遥感视觉与影像分析","point cloud","","","","","Must match at least one method_family keyword in Crossref title or abstract"
"2026-01","摄影测量与遥感","ISPRS Journal of Photogrammetry and Remote Sensing","P&RS","0924-2716","Spatial–spectral fusion under highly dynamic ocean conditions based on optical water classification","2026-01-10","created-proxy","10.1016/j.isprsjprs.2025.12.018","https://doi.org/10.1016/j.isprsjprs.2025.12.018","no","机器学习","classification","","","","","Must match at least one method_family keyword in Crossref title or abstract"
"2026-01","摄影测量与遥感","ISPRS Journal of Photogrammetry and Remote Sensing","P&RS","0924-2716","Change tensor: Estimating complex topographic changes from point clouds using Riemann manifold surfaces","2026-01-12","created-proxy","10.1016/j.isprsjprs.2026.01.009","https://doi.org/10.1016/j.isprsjprs.2026.01.009","no","遥感视觉与影像分析","point cloud","","","","","Must match at least one method_family keyword in Crossref title or abstract"
"2026-01","摄影测量与遥感","ISPRS Journal of Photogrammetry and Remote Sensing","P&RS","0924-2716","Unveiling spatiotemporal forest cover patterns breaking the cloud barrier: Annual 30 m mapping in cloud-prone southern China from 2000 to 2020","2026-01-14","created-proxy","10.1016/j.isprsjprs.2026.01.015","https://doi.org/10.1016/j.isprsjprs.2026.01.015","no","时序与时空建模","spatiotemporal","","","","","Must match at least one method_family keyword in Crossref title or abstract"
"2026-01","摄影测量与遥感","ISPRS Journal of Photogrammetry and Remote Sensing","P&RS","0924-2716","Beyond the surface: machine learning uncovers ENSO’s hidden and contrasting impacts on phytoplankton vertical structure","2026-01-15","created-proxy","10.1016/j.isprsjprs.2026.01.002","https://doi.org/10.1016/j.isprsjprs.2026.01.002","no","机器学习","machine learning","","","","","Must match at least one method_family keyword in Crossref title or abstract"
"2026-01","摄影测量与遥感","ISPRS Journal of Photogrammetry and Remote Sensing","P&RS","0924-2716","Spatiotemporal score-based federated generative learning for multi-source remote sensing time series in environmental monitoring","2026-01-15","created-proxy","10.1016/j.isprsjprs.2025.11.001","https://doi.org/10.1016/j.isprsjprs.2025.11.001","no","时序与时空建模","spatiotemporal | time series","遥感与地球观测数据","remote sensing","环境监测与灾害风险","environmental monitoring","Must match at least one method_family keyword in Crossref title or abstract"
"2026-01","摄影测量与遥感","ISPRS Journal of Photogrammetry and Remote Sensing","P&RS","0924-2716","RECREATE: Supervised contrastive learning and inpainting based hyperspectral image denoising","2026-01-16","created-proxy","10.1016/j.isprsjprs.2026.01.022","https://doi.org/10.1016/j.isprsjprs.2026.01.022","no","GeoAI 与基础模型 | 遥感视觉与影像分析","contrastive learning | hyperspectral","遥感与地球观测数据","hyperspectral","","","Must match at least one method_family keyword in Crossref title or abstract"
"2026-01","摄影测量与遥感","ISPRS Journal of Photogrammetry and Remote Sensing","P&RS","0924-2716","RTPSeg: A multi-modality dataset for LiDAR point cloud semantic segmentation assisted with RGB-thermal images in autonomous driving","2026-01-16","created-proxy","10.1016/j.isprsjprs.2026.01.008","https://doi.org/10.1016/j.isprsjprs.2026.01.008","no","遥感视觉与影像分析","semantic segmentation | point cloud | LiDAR","遥感与地球观测数据","LiDAR","","","Must match at least one method_family keyword in Crossref title or abstract"
"2026-01","摄影测量与遥感","ISPRS Journal of Photogrammetry and Remote Sensing","P&RS","0924-2716","Attributing GHG emissions to individual facilities using multi-temporal hyperspectral images: Methodology and applications","2026-01-17","created-proxy","10.1016/j.isprsjprs.2026.01.014","https://doi.org/10.1016/j.isprsjprs.2026.01.014","no","遥感视觉与影像分析","hyperspectral","遥感与地球观测数据","hyperspectral","","","Must match at least one method_family keyword in Crossref title or abstract"
"2026-01","摄影测量与遥感","ISPRS Journal of Photogrammetry and Remote Sensing","P&RS","0924-2716","AMS-Former: Adaptive multi-scale transformer for multi-modal image matching","2026-01-19","created-proxy","10.1016/j.isprsjprs.2026.01.021","https://doi.org/10.1016/j.isprsjprs.2026.01.021","no","深度学习与神经网络","transformer","","","","","Must match at least one method_family keyword in Crossref title or abstract"
"2026-01","摄影测量与遥感","ISPRS Journal of Photogrammetry and Remote Sensing","P&RS","0924-2716","Roadside lidar-based scene understanding toward intelligent traffic perception: A comprehensive review","2026-01-20","created-proxy","10.1016/j.isprsjprs.2026.01.012","https://doi.org/10.1016/j.isprsjprs.2026.01.012","no","遥感视觉与影像分析","LiDAR","遥感与地球观测数据","LiDAR","","","Must match at least one method_family keyword in Crossref title or abstract"
"2026-01","摄影测量与遥感","ISPRS Journal of Photogrammetry and Remote Sensing","P&RS","0924-2716","Identifying green leaf and leaf phenology of large trees and forests by time series PlanetScope and Sentinel-2 images and the chlorophyll and green leaf indicator (CGLI)","2026-01-22","created-proxy","10.1016/j.isprsjprs.2026.01.027","https://doi.org/10.1016/j.isprsjprs.2026.01.027","no","时序与时空建模","time series","遥感与地球观测数据","Sentinel","","","Must match at least one method_family keyword in Crossref title or abstract"
"2026-01","摄影测量与遥感","ISPRS Journal of Photogrammetry and Remote Sensing","P&RS","0924-2716","Knowledge distillation with spatial semantic enhancement for remote sensing object detection","2026-01-22","created-proxy","10.1016/j.isprsjprs.2026.01.017","https://doi.org/10.1016/j.isprsjprs.2026.01.017","no","遥感视觉与影像分析","object detection","遥感与地球观测数据","remote sensing","","","Must match at least one method_family keyword in Crossref title or abstract"
"2026-01","摄影测量与遥感","ISPRS Journal of Photogrammetry and Remote Sensing","P&RS","0924-2716","A weakly supervised approach for large-scale agricultural parcel extraction from VHR imagery via foundation models and adaptive noise correction","2026-01-23","created-proxy","10.1016/j.isprsjprs.2026.01.030","https://doi.org/10.1016/j.isprsjprs.2026.01.030","no","GeoAI 与基础模型","foundation model","基础地理与城市数据库","parcel","","","Must match at least one method_family keyword in Crossref title or abstract"
"2026-01","摄影测量与遥感","ISPRS Journal of Photogrammetry and Remote Sensing","P&RS","0924-2716","Satellite-based heat Index estimatioN modEl (SHINE): An integrated machine learning approach for the conterminous United States","2026-01-23","created-proxy","10.1016/j.isprsjprs.2026.01.018","https://doi.org/10.1016/j.isprsjprs.2026.01.018","no","机器学习","machine learning","","","环境监测与灾害风险","heat","Must match at least one method_family keyword in Crossref title or abstract"
"2026-01","摄影测量与遥感","ISPRS Journal of Photogrammetry and Remote Sensing","P&RS","0924-2716","Multispectral airborne laser scanning for tree species classification: A benchmark of machine learning and deep learning algorithms","2026-01-27","created-proxy","10.1016/j.isprsjprs.2026.01.031","https://doi.org/10.1016/j.isprsjprs.2026.01.031","no","机器学习 | 深度学习与神经网络","machine learning | classification | deep learning","遥感与地球观测数据","multispectral","","","Must match at least one method_family keyword in Crossref title or abstract"
"2026-01","摄影测量与遥感","ISPRS Journal of Photogrammetry and Remote Sensing","P&RS","0924-2716","RegScorer: Learning to select the best transformation of point cloud registration","2026-01-27","created-proxy","10.1016/j.isprsjprs.2026.01.034","https://doi.org/10.1016/j.isprsjprs.2026.01.034","no","遥感视觉与影像分析","point cloud","","","","","Must match at least one method_family keyword in Crossref title or abstract"
"2026-01","摄影测量与遥感","ISPRS Journal of Photogrammetry and Remote Sensing","P&RS","0924-2716","A geometric Cross-Propagation-Calibration method for SAR constellation based on the graph theory","2026-01-31","created-proxy","10.1016/j.isprsjprs.2026.01.007","https://doi.org/10.1016/j.isprsjprs.2026.01.007","no","图模型与网络方法 | 遥感视觉与影像分析","graph | SAR","遥感与地球观测数据","SAR","","","Must match at least one method_family keyword in Crossref title or abstract"
"2026-01","地理系统与空间建模","Journal of Geographical Systems","JGS","1435-5949","Top-down scale approaches for multiscale GWR with locally adaptive bandwidths","2026-01-12","published-online","10.1007/s10109-025-00481-4","https://doi.org/10.1007/s10109-025-00481-4","no","空间统计与空间计量","GWR","","","","","Must match at least one method_family keyword in Crossref title or abstract"
"2026-01","可视化与空间分析","Journal of Geovisualization and Spatial Analysis","JGSA","2509-8829","Integrating Explainable Machine Learning and LSTM with Multiple Factors for Mechanism Identification and Prediction of Land Deformation in the North Henan Plain","2026-01-16","published-online","10.1007/s41651-025-00246-z","https://doi.org/10.1007/s41651-025-00246-z","no","机器学习 | 深度学习与神经网络","machine learning | LSTM","","","","","Must match at least one method_family keyword in Crossref title or abstract"
"2026-01","可视化与空间分析","Journal of Geovisualization and Spatial Analysis","JGSA","2509-8829","Spatiotemporal Analysis of Electricity Reliability Using VIIRS Nighttime Lights: Case Study in South Africa","2026-01-22","published-online","10.1007/s41651-026-00250-x","https://doi.org/10.1007/s41651-026-00250-x","no","时序与时空建模","spatiotemporal | temporal analysis","","","","","Must match at least one method_family keyword in Crossref title or abstract"
"2026-01","摄影测量与遥感","PFG - Journal of Photogrammetry, Remote Sensing and Geoinformation Science","PFG","2512-2789","Integration of Kinematic Parameters into Object-based Image Sequence Matching","2026-01-09","published-online","10.1007/s41064-025-00372-9","https://doi.org/10.1007/s41064-025-00372-9","yes","时序与时空建模","spatio-temporal","传感器与物联网数据","sensor","","","Must match at least one method_family keyword in Crossref title or abstract"
"2026-01","摄影测量与遥感","PFG - Journal of Photogrammetry, Remote Sensing and Geoinformation Science","PFG","2512-2789","Combining 3D Urban Objects from All Around the World to Improve Object Classification and Semantic Segmentation","2026-01-14","published-online","10.1007/s41064-025-00374-7","https://doi.org/10.1007/s41064-025-00374-7","yes","机器学习 | 深度学习与神经网络 | 遥感视觉与影像分析","classification | neural network | semantic segmentation | point cloud","传感器与物联网数据","sensor","","","Must match at least one method_family keyword in Crossref title or abstract"
"2026-01","摄影测量与遥感","PFG - Journal of Photogrammetry, Remote Sensing and Geoinformation Science","PFG","2512-2789","Single-tree Delineation by Instance Segmentation Using Drone-based Lidar and Multispectral Imagery: a Comparative Study in Various Forest Structures","2026-01-15","published-online","10.1007/s41064-025-00373-8","https://doi.org/10.1007/s41064-025-00373-8","yes","深度学习与神经网络 | 遥感视觉与影像分析","deep learning | CNN | instance segmentation | point cloud | LiDAR","遥感与地球观测数据","remote sensing | UAV | drone | LiDAR | multispectral","","","Must match at least one method_family keyword in Crossref title or abstract"
"2026-01","摄影测量与遥感","PFG - Journal of Photogrammetry, Remote Sensing and Geoinformation Science","PFG","2512-2789","Deep Learning for Landslide Classification On Worldview-2 Images in the Monsoonal and Humid Subtropical Climate of the Da River Basin, Vietnam","2026-01-16","published-online","10.1007/s41064-026-00376-z","https://doi.org/10.1007/s41064-026-00376-z","no","机器学习 | 深度学习与神经网络","classification | deep learning","","","环境监测与灾害风险","landslide | climate","Must match at least one method_family keyword in Crossref title or abstract"
"2026-01","摄影测量与遥感","Photogrammetric Engineering & Remote Sensing","PE&RS","0099-1112","A Lightweight YOLO-Based Algorithm for Digital Target Recognition Integrating Positional Enhancement and Morphological Processing","2026-01-01","published","10.14358/pers.25-00094r4","https://doi.org/10.14358/pers.25-00094r4","yes","深度学习与神经网络","deep learning","","","","","Must match at least one method_family keyword in Crossref title or abstract"
"2026-01","摄影测量与遥感","Photogrammetric Engineering & Remote Sensing","PE&RS","0099-1112","A Local– Global Feature Aggregation Method for Semantic Segmentation of Lidar Point Clouds in Railway Scenarios","2026-01-01","published","10.14358/pers.25-00221r3","https://doi.org/10.14358/pers.25-00221r3","yes","图模型与网络方法 | 遥感视觉与影像分析","graph | semantic segmentation | point cloud | LiDAR","遥感与地球观测数据","LiDAR","","","Must match at least one method_family keyword in Crossref title or abstract"
"2026-01","摄影测量与遥感","Photogrammetric Engineering & Remote Sensing","PE&RS","0099-1112","A Probabilistic Risk Field Model for Dynamic Obstacle Avoidance of Unmanned Aerial Vehicles under State Uncertainty","2026-01-01","published","10.14358/pers.25-00222r3","https://doi.org/10.14358/pers.25-00222r3","yes","仿真、优化与强化学习","simulation","遥感与地球观测数据 | 轨迹与移动性数据","UAV | trajectory","","","Must match at least one method_family keyword in Crossref title or abstract"
"2026-01","摄影测量与遥感","Photogrammetric Engineering & Remote Sensing","PE&RS","0099-1112","A Shallow Sea Bathymetric Inversion Method from Active–Passive Satellite Remote Sensing Data Based on a Residual Correction Model","2026-01-01","published","10.14358/pers.25-00219r3","https://doi.org/10.14358/pers.25-00219r3","yes","机器学习","random forest","遥感与地球观测数据","remote sensing","","","Must match at least one method_family keyword in Crossref title or abstract"
"2026-01","摄影测量与遥感","Photogrammetric Engineering & Remote Sensing","PE&RS","0099-1112","A Supervised Strategy for Object-Based Spectral Unmixing","2026-01-01","published","10.14358/pers.26-00031r2","https://doi.org/10.14358/pers.26-00031r2","yes","机器学习","classification | clustering","遥感与地球观测数据 | 基础地理与城市数据库","Landsat | land cover","","","Must match at least one method_family keyword in Crossref title or abstract"
"2026-01","摄影测量与遥感","Photogrammetric Engineering & Remote Sensing","PE&RS","0099-1112","An Anchor Point–Assisted Image-Matching Method for Weakly Textured Scenes Using Structured Features","2026-01-01","published","10.14358/pers.26-00014r2","https://doi.org/10.14358/pers.26-00014r2","yes","深度学习与神经网络","deep learning","遥感与地球观测数据","UAV","","","Must match at least one method_family keyword in Crossref title or abstract"
"2026-01","摄影测量与遥感","Photogrammetric Engineering & Remote Sensing","PE&RS","0099-1112","An Improved Manifold Learning Algorithm for Dimension Reduction of Fusion Data for Multispectral and Synthetic Aperture Radar Images","2026-01-01","published","10.14358/pers.25-00111r2","https://doi.org/10.14358/pers.25-00111r2","yes","机器学习 | 仿真、优化与强化学习","classification | random forest | support vector machine | SVM | optimization","遥感与地球观测数据 | 传感器与物联网数据","remote sensing | multispectral | sensor","城市、区域与空间结构","neighborhood","Must match at least one method_family keyword in Crossref title or abstract"
"2026-01","摄影测量与遥感","Photogrammetric Engineering & Remote Sensing","PE&RS","0099-1112","Beyond Global Navigation Satellite Systems–Based Georeferencing: Recent Trends in Positioning and Navigation","2026-01-01","published","10.14358/pers.25-00220r2","https://doi.org/10.14358/pers.25-00220r2","yes","遥感视觉与影像分析","LiDAR","遥感与地球观测数据 | 传感器与物联网数据","LiDAR | sensor","","","Must match at least one method_family keyword in Crossref title or abstract"
"2026-01","摄影测量与遥感","Photogrammetric Engineering & Remote Sensing","PE&RS","0099-1112","Building Extraction Model and Application from Multi-Scene Remote Sensing Data","2026-01-01","published","10.14358/pers.26-00018r4","https://doi.org/10.14358/pers.26-00018r4","yes","深度学习与神经网络","transformer","遥感与地球观测数据 | 基础地理与城市数据库","remote sensing | building footprint","城市、区域与空间结构","city","Must match at least one method_family keyword in Crossref title or abstract"
"2026-01","摄影测量与遥感","Photogrammetric Engineering & Remote Sensing","PE&RS","0099-1112","Comparative Evaluation of Deep-Learning Models for Point Cloud Upsampling: Insights from Indoor Parking Lot Data Set","2026-01-01","published","10.14358/pers.25-00083r3","https://doi.org/10.14358/pers.25-00083r3","yes","遥感视觉与影像分析","object detection | semantic segmentation | point cloud","传感器与物联网数据","sensor","","","Must match at least one method_family keyword in Crossref title or abstract"
"2026-01","摄影测量与遥感","Photogrammetric Engineering & Remote Sensing","PE&RS","0099-1112","Comparison of Intertidal Terrain Extraction Methods Based on ICESat‐2 and Tidal Data","2026-01-01","published","10.14358/pers.25-00108r2","https://doi.org/10.14358/pers.25-00108r2","yes","机器学习 | 深度学习与神经网络","random forest | LSTM | long short-term memory","遥感与地球观测数据","UAV | Sentinel","","","Must match at least one method_family keyword in Crossref title or abstract"
"2026-01","摄影测量与遥感","Photogrammetric Engineering & Remote Sensing","PE&RS","0099-1112","Cross-Domain Few-Shot Hyperspectral Classification with Feature Enhancement and Loss Optimization","2026-01-01","published","10.14358/pers.25-00150r3","https://doi.org/10.14358/pers.25-00150r3","yes","GeoAI 与基础模型 | 机器学习 | 仿真、优化与强化学习 | 遥感视觉与影像分析","contrastive learning | classification | optimization | image classification | hyperspectral","遥感与地球观测数据","hyperspectral","","","Must match at least one method_family keyword in Crossref title or abstract"
"2026-01","摄影测量与遥感","Photogrammetric Engineering & Remote Sensing","PE&RS","0099-1112","Dashcam Video: A Complementary Low-Cost Data Stream for On-Demand Forest-Infrastructure System Monitoring","2026-01-01","published","10.14358/pers.25-00200r3","https://doi.org/10.14358/pers.25-00200r3","yes","遥感视觉与影像分析","LiDAR","遥感与地球观测数据","remote sensing | LiDAR","环境监测与灾害风险","exposure","Must match at least one method_family keyword in Crossref title or abstract"
"2026-01","摄影测量与遥感","Photogrammetric Engineering & Remote Sensing","PE&RS","0099-1112","Enhanced Visual Relocalization: A Cross-Modal Scene Coordinate Regression Approach","2026-01-01","published","10.14358/pers.25-00191r3","https://doi.org/10.14358/pers.25-00191r3","yes","GeoAI 与基础模型 | 遥感视觉与影像分析","contrastive learning | point cloud","","","","","Must match at least one method_family keyword in Crossref title or abstract"
"2026-01","摄影测量与遥感","Photogrammetric Engineering & Remote Sensing","PE&RS","0099-1112","Evaluating U.S. Geological Survey Three-dimensional Elevation Program Lidar Data as a Source for Building Height","2026-01-01","published","10.14358/pers.25-00156r4","https://doi.org/10.14358/pers.25-00156r4","yes","深度学习与神经网络 | 遥感视觉与影像分析","deep learning | point cloud | LiDAR","遥感与地球观测数据 | 基础地理与城市数据库","LiDAR | building footprint","环境监测与灾害风险","disaster","Must match at least one method_family keyword in Crossref title or abstract"
"2026-01","摄影测量与遥感","Photogrammetric Engineering & Remote Sensing","PE&RS","0099-1112","Exploring the Utility of a Multivariate Soil Hyperspectral Reflectance Model for Estimating Soil Moisture Using Sentinel-2 Data","2026-01-01","published","10.14358/pers.25-00204r2","https://doi.org/10.14358/pers.25-00204r2","yes","机器学习 | 仿真、优化与强化学习 | 遥感视觉与影像分析","machine learning | simulation | hyperspectral","遥感与地球观测数据","remote sensing | hyperspectral | multispectral | Sentinel","","","Must match at least one method_family keyword in Crossref title or abstract"
"2026-01","摄影测量与遥感","Photogrammetric Engineering & Remote Sensing","PE&RS","0099-1112","Fine 3D Modeling of Tunnel Surrounding Rock and Extraction of Rock Mass Structure Features Based on RGB-D Camera","2026-01-01","published","10.14358/pers.25-00147r3","https://doi.org/10.14358/pers.25-00147r3","yes","机器学习","ensemble learning","","","","","Must match at least one method_family keyword in Crossref title or abstract"
"2026-01","摄影测量与遥感","Photogrammetric Engineering & Remote Sensing","PE&RS","0099-1112","ICTNet: Interactive Convolution and Transformer Network for Hyperspectral Image Classification","2026-01-01","published","10.14358/pers.25-00155r2","https://doi.org/10.14358/pers.25-00155r2","yes","机器学习 | 深度学习与神经网络 | 遥感视觉与影像分析","classification | neural network | CNN | convolutional neural network | transformer | image classification | hyperspectral","遥感与地球观测数据","hyperspectral","","","Must match at least one method_family keyword in Crossref title or abstract"
"2026-01","摄影测量与遥感","Photogrammetric Engineering & Remote Sensing","PE&RS","0099-1112","Incorporating Directional Relationship Modelling for Building Change Detection from Very-High-Resolution Satellite Images","2026-01-01","published","10.14358/pers.25-00114r2","https://doi.org/10.14358/pers.25-00114r2","yes","时序与时空建模","change detection","","","","","Must match at least one method_family keyword in Crossref title or abstract"
"2026-01","摄影测量与遥感","Photogrammetric Engineering & Remote Sensing","PE&RS","0099-1112","Interferometric Synthetic Aperture Radar Deformation Datum Unification with a Fixed Line-of-Sight Direction: A Bayesian Inference and the Markov Random Field Model Integration","2026-01-01","published","10.14358/pers.26-00026r2","https://doi.org/10.14358/pers.26-00026r2","yes","仿真、优化与强化学习 | 遥感视觉与影像分析","simulation | SAR","遥感与地球观测数据","SAR","","","Must match at least one method_family keyword in Crossref title or abstract"
"2026-01","摄影测量与遥感","Photogrammetric Engineering & Remote Sensing","PE&RS","0099-1112","Interplay of Anthropogenic, Tectonic, and Extreme-Rainfall Factors in Driving Surface Deformation in Xingtai, North China Plain","2026-01-01","published","10.14358/pers.26-00011r2x","https://doi.org/10.14358/pers.26-00011r2x","yes","时序与时空建模","spatiotemporal","","","环境监测与灾害风险","climate | hazard","Must match at least one method_family keyword in Crossref title or abstract"
"2026-01","摄影测量与遥感","Photogrammetric Engineering & Remote Sensing","PE&RS","0099-1112","IT-Seg: Morphology-Constrained and Spatially Guided Individual Tree Segmentation from Terrestrial and Mobile Point Clouds","2026-01-01","published","10.14358/pers.25-00214r2","https://doi.org/10.14358/pers.25-00214r2","yes","遥感视觉与影像分析","semantic segmentation | point cloud","","","","","Must match at least one method_family keyword in Crossref title or abstract"
"2026-01","摄影测量与遥感","Photogrammetric Engineering & Remote Sensing","PE&RS","0099-1112","Lidar-based Simultaneous Localization and Mapping with Connecting Traverse Constraints for Underground Mine Mapping","2026-01-01","published","10.14358/pers.25-00174r2","https://doi.org/10.14358/pers.25-00174r2","yes","图模型与网络方法 | 遥感视觉与影像分析","graph | point cloud | LiDAR","遥感与地球观测数据 | 轨迹与移动性数据","LiDAR | trajectory","","","Must match at least one method_family keyword in Crossref title or abstract"
"2026-01","摄影测量与遥感","Photogrammetric Engineering & Remote Sensing","PE&RS","0099-1112","Lidar–PTZ Fusion System for Environmental Perception and Analysis Detection","2026-01-01","published","10.14358/pers.25-00195r3","https://doi.org/10.14358/pers.25-00195r3","yes","时序与时空建模 | 遥感视觉与影像分析","Kalman filter | LiDAR","遥感与地球观测数据 | 传感器与物联网数据","UAV | LiDAR | sensor","","","Must match at least one method_family keyword in Crossref title or abstract"
"2026-01","摄影测量与遥感","Photogrammetric Engineering & Remote Sensing","PE&RS","0099-1112","Localized Brightness–Shape–Moisture Soil Parameterization for Improved PROSAIL-5 Canopy Simulation","2026-01-01","published","10.14358/pers.25-00146r2","https://doi.org/10.14358/pers.25-00146r2","yes","仿真、优化与强化学习 | 遥感视觉与影像分析","simulation | hyperspectral","遥感与地球观测数据","hyperspectral","","","Must match at least one method_family keyword in Crossref title or abstract"
"2026-01","摄影测量与遥感","Photogrammetric Engineering & Remote Sensing","PE&RS","0099-1112","Momentum-Based Perturbation Decomposition for Transferable Three-Dimensional Point-Cloud Attacks","2026-01-01","published","10.14358/pers.25-00116r2","https://doi.org/10.14358/pers.25-00116r2","yes","深度学习与神经网络 | 遥感视觉与影像分析","neural network | photogrammetry | point cloud | LiDAR","遥感与地球观测数据","remote sensing | LiDAR","环境监测与灾害风险","disaster","Must match at least one method_family keyword in Crossref title or abstract"
"2026-01","摄影测量与遥感","Photogrammetric Engineering & Remote Sensing","PE&RS","0099-1112","Monitoring Large Gradient Deformation by Means of Time-Series LuTan-1 Synthetic Aperture Radar Images","2026-01-01","published","10.14358/pers.26-00013r2","https://doi.org/10.14358/pers.26-00013r2","yes","遥感视觉与影像分析","SAR","遥感与地球观测数据 | 基础地理与城市数据库","SAR | Sentinel | digital elevation model","环境监测与灾害风险","disaster","Must match at least one method_family keyword in Crossref title or abstract"
"2026-01","摄影测量与遥感","Photogrammetric Engineering & Remote Sensing","PE&RS","0099-1112","Optimized 3D Building Mapping and Reconstruction via Cross-View Collaboration in Densely Built-Up Areas","2026-01-01","published","10.14358/pers.25-00100r3","https://doi.org/10.14358/pers.25-00100r3","yes","遥感视觉与影像分析","photogrammetry | point cloud | LiDAR","遥感与地球观测数据","LiDAR","城市、区域与空间结构","smart city | city","Must match at least one method_family keyword in Crossref title or abstract"
"2026-01","摄影测量与遥感","Photogrammetric Engineering & Remote Sensing","PE&RS","0099-1112","Perspective-Invariant Matching of Aerial–Terrestrial Images Based on Multi-Coplanar Geometry for Building Modeling","2026-01-01","published","10.14358/pers.25-00113r2","https://doi.org/10.14358/pers.25-00113r2","yes","深度学习与神经网络 | 图模型与网络方法","neural network | graph | graph neural network | GNN","","","","","Must match at least one method_family keyword in Crossref title or abstract"
"2026-01","摄影测量与遥感","Photogrammetric Engineering & Remote Sensing","PE&RS","0099-1112","Reconstructing Heritage Interiors from Point Clouds via Architectural Element Segmentation","2026-01-01","published","10.14358/pers.25-00160r3","https://doi.org/10.14358/pers.25-00160r3","yes","仿真、优化与强化学习 | 遥感视觉与影像分析","optimization | instance segmentation | photogrammetry | point cloud","","","","","Must match at least one method_family keyword in Crossref title or abstract"
"2026-01","摄影测量与遥感","Photogrammetric Engineering & Remote Sensing","PE&RS","0099-1112","Reference-free Evaluation of Geometric–Textural Consistency for Photogrammetric Meshes","2026-01-01","published","10.14358/pers.26-00004r2","https://doi.org/10.14358/pers.26-00004r2","yes","遥感视觉与影像分析","semantic segmentation","遥感与地球观测数据","remote sensing","","","Must match at least one method_family keyword in Crossref title or abstract"
"2026-01","摄影测量与遥感","Photogrammetric Engineering & Remote Sensing","PE&RS","0099-1112","Remote Sensing Image Denoising Network Based on Locally Enhanced Window Transformer","2026-01-01","published","10.14358/pers.25-00142r2","https://doi.org/10.14358/pers.25-00142r2","yes","深度学习与神经网络","transformer | attention mechanism","遥感与地球观测数据","remote sensing","","","Must match at least one method_family keyword in Crossref title or abstract"
"2026-01","摄影测量与遥感","Photogrammetric Engineering & Remote Sensing","PE&RS","0099-1112","Revealing Feature Contribution Mechanisms for Remote Sensing Scene Understanding","2026-01-01","published","10.14358/pers.26-00007r3","https://doi.org/10.14358/pers.26-00007r3","yes","机器学习 | 深度学习与神经网络","classification | deep learning | neural network | convolutional neural network","遥感与地球观测数据 | 基础地理与城市数据库","remote sensing | land cover","","","Must match at least one method_family keyword in Crossref title or abstract"
"2026-01","摄影测量与遥感","Photogrammetric Engineering & Remote Sensing","PE&RS","0099-1112","RSIDetNet: An Efficient Oriented Small Object Detection Model for Remote Sensing Images Based on Cross-Scale Feature Fusion and Large Kernel Decomposition","2026-01-01","published","10.14358/pers.25-00091r3","https://doi.org/10.14358/pers.25-00091r3","yes","遥感视觉与影像分析","object detection","遥感与地球观测数据","remote sensing","","","Must match at least one method_family keyword in Crossref title or abstract"
"2026-01","摄影测量与遥感","Photogrammetric Engineering & Remote Sensing","PE&RS","0099-1112","Terrain Variation Aware Surface Height Estimation Network for High-Precision Multi-view Satellite Stereo","2026-01-01","published","10.14358/pers.26-00005r4","https://doi.org/10.14358/pers.26-00005r4","yes","深度学习与神经网络","deep learning","遥感与地球观测数据","satellite imagery","城市、区域与空间结构","neighborhood","Must match at least one method_family keyword in Crossref title or abstract"
"2026-01","摄影测量与遥感","Photogrammetric Engineering & Remote Sensing","PE&RS","0099-1112","Three-dimensional Building Reconstruction from Airborne Lidar and Optical Imagery with Optimized Energy Weighting","2026-01-01","published","10.14358/pers.25-00218r3","https://doi.org/10.14358/pers.25-00218r3","yes","仿真、优化与强化学习 | 遥感视觉与影像分析","optimization | photogrammetry | point cloud | LiDAR","遥感与地球观测数据","remote sensing | LiDAR","","","Must match at least one method_family keyword in Crossref title or abstract"
"2026-01","摄影测量与遥感","Photogrammetric Engineering & Remote Sensing","PE&RS","0099-1112","Three-dimensional Drainage Infrastructure Modeling for Flood Vulnerability in Southeast Texas","2026-01-01","published","10.14358/pers.25-00183r2","https://doi.org/10.14358/pers.25-00183r2","yes","遥感视觉与影像分析","LiDAR","遥感与地球观测数据 | 基础地理与城市数据库","LiDAR | digital elevation model","环境监测与灾害风险","flood | exposure","Must match at least one method_family keyword in Crossref title or abstract"
"2026-01","摄影测量与遥感","Photogrammetric Engineering & Remote Sensing","PE&RS","0099-1112","Topologically Aware Roof Wireframe Reconstruction from Airborne Laser Scanning Point Clouds Using Persistent Homology and Hybrid Geometric–Topological Constraints","2026-01-01","published","10.14358/pers.25-00215r3","https://doi.org/10.14358/pers.25-00215r3","yes","仿真、优化与强化学习 | 遥感视觉与影像分析","optimization | point cloud","基础地理与城市数据库","building footprint","城市、区域与空间结构","city","Must match at least one method_family keyword in Crossref title or abstract"
"2026-01","摄影测量与遥感","Photogrammetric Engineering & Remote Sensing","PE&RS","0099-1112","Toward Automatic Vector Extraction from Scanned Historical Aerial Photo Indexes","2026-01-01","published","10.14358/pers.25-00133r3","https://doi.org/10.14358/pers.25-00133r3","yes","深度学习与神经网络","deep learning","","","","","Must match at least one method_family keyword in Crossref title or abstract"
"2026-01","摄影测量与遥感","Photogrammetric Engineering & Remote Sensing","PE&RS","0099-1112","UAV Lidar vs. Structure-from-Motion (SfM) Photogrammetry for Coastal Dune Monitoring: A Two-Year Multi-Temporal Case Study from the Southern Baltic Sea","2026-01-01","published","10.14358/pers.26-00015r2","https://doi.org/10.14358/pers.26-00015r2","yes","深度学习与神经网络 | 遥感视觉与影像分析","neural network | photogrammetry | LiDAR","遥感与地球观测数据 | 传感器与物联网数据 | 基础地理与城市数据库","UAV | drone | LiDAR | sensor | digital elevation model","","","Must match at least one method_family keyword in Crossref title or abstract"
"2026-01","摄影测量与遥感","Photogrammetric Engineering & Remote Sensing","PE&RS","0099-1112","Deep Learning–based LOD-2 Building Modeling and Its Application to Solar Energy Estimation Using Unmanned Aerial Vehicle Imagery","2026-01-20","created-proxy","10.14358/pers.25-00144r3","https://doi.org/10.14358/pers.25-00144r3","yes","深度学习与神经网络","deep learning","基础地理与城市数据库","building footprint","","","Must match at least one method_family keyword in Crossref title or abstract"
"2026-01","地理信息科学","Transactions in GIS","TGIS","1467-9671","Spatial Interpolation in the Presence of Spatial Stratified Heterogeneity: Stratified Kriging or Ordinary Kriging?","2026-01-06","published-online","10.1111/tgis.70180","https://doi.org/10.1111/tgis.70180","yes","机器学习 | 空间统计与空间计量","clustering | kriging | variogram","","","空间尺度、依赖与异质性","spatial heterogeneity","Must match at least one method_family keyword in Crossref title or abstract"
"2026-01","地理信息科学","Transactions in GIS","TGIS","1467-9671","Temporally and Spatially Adaptive Models for Estimating Transient Urban Populations: Integrating Interpolation Techniques With Spatial Criteria","2026-01-06","published-online","10.1111/tgis.70181","https://doi.org/10.1111/tgis.70181","yes","空间统计与空间计量","kriging","街景、社交感知与众包数据","POI","","","Must match at least one method_family keyword in Crossref title or abstract"
"2026-01","地理信息科学","Transactions in GIS","TGIS","1467-9671","Temporal Monitoring and Detection of Thermal Hotspots at the Deonar Landfill Using Landsat‐8 Images","2026-01-08","published-online","10.1111/tgis.70177","https://doi.org/10.1111/tgis.70177","yes","时序与时空建模","temporal analysis","遥感与地球观测数据","remote sensing | Landsat","","","Must match at least one method_family keyword in Crossref title or abstract"
"2026-01","地理信息科学","Transactions in GIS","TGIS","1467-9671","A Multi‐Scale Approach to Assessing Positioning Accuracy in High‐Density Urban Environments of Hong Kong","2026-01-21","published-online","10.1111/tgis.70195","https://doi.org/10.1111/tgis.70195","yes","机器学习","machine learning","轨迹与移动性数据","GPS","环境监测与灾害风险","exposure","Must match at least one method_family keyword in Crossref title or abstract"
"2026-01","地理信息科学","Transactions in GIS","TGIS","1467-9671","Understanding Navigation‐Lost Scenes Based on Knowledge Graphs Using a Deep Learning Approach","2026-01-21","published-online","10.1111/tgis.70192","https://doi.org/10.1111/tgis.70192","yes","深度学习与神经网络 | 图模型与网络方法","deep learning | graph | knowledge graph","","","","","Must match at least one method_family keyword in Crossref title or abstract"
"2026-01","地理信息科学","Transactions in GIS","TGIS","1467-9671","A Dual‐Symmetry‐Aware Method for Tilt Assessment on Chinese Ancient Pagodas: A Case Study on Yunyan Temple Pagoda","2026-01-24","published-online","10.1111/tgis.70183","https://doi.org/10.1111/tgis.70183","yes","仿真、优化与强化学习 | 遥感视觉与影像分析","optimization | image fusion | photogrammetry | point cloud","","","","","Must match at least one method_family keyword in Crossref title or abstract"
